url,week_id,week_position,song,performer,song_id,instance,previous_week_position,peak_position,weeks_on_chart,week_date,year
https://www.billboard.com/charts/hot-100/2018-06-30,6/30/2018,53,Bigger > You,"2 Chainz, Drake & Quavo","Bigger > You2 Chainz, Drake & Quavo",1,NA,53,1,2018-06-30,2018
http://www.billboard.com/charts/hot-100/2014-11-15,11/15/2014,54,Only,"Nicki Minaj Featuring Drake, Lil Wayne & Chris Brown","OnlyNicki Minaj Featuring Drake, Lil Wayne & Chris Brown",1,NA,54,1,2014-11-15,2014
http://www.billboard.com/charts/hot-100/2015-02-21,2/21/2015,54,Blessings,Big Sean Featuring Drake,BlessingsBig Sean Featuring Drake,1,NA,54,1,2015-02-21,2015
https://www.billboard.com/charts/hot-100/2018-09-01,9/1/2018,18,Nonstop,Drake,NonstopDrake,1,21,2,8,2018-09-01,2018
https://www.billboard.com/charts/hot-100/2018-07-14,7/14/2018,2,Nonstop,Drake,NonstopDrake,1,NA,2,1,2018-07-14,2018
http://www.billboard.com/charts/hot-100/2011-09-03,9/3/2011,3,She Will,Lil Wayne Featuring Drake,She WillLil Wayne Featuring Drake,1,NA,3,1,2011-09-03,2011
https://www.billboard.com/charts/hot-100/2020-08-01,8/1/2020,3,Popstar,DJ Khaled Featuring Drake,PopstarDJ Khaled Featuring Drake,1,NA,3,1,2020-08-01,2020
http://www.billboard.com/charts/hot-100/2010-09-04,9/4/2010,6,Right Above It,Lil Wayne Featuring Drake,Right Above ItLil Wayne Featuring Drake,1,NA,6,1,2010-09-04,2010
http://www.billboard.com/charts/hot-100/2016-02-20,2/20/2016,6,Summer Sixteen,Drake,Summer SixteenDrake,1,NA,6,1,2016-02-20,2016
https://www.billboard.com/charts/hot-100/2018-02-03,2/3/2018,7,Diplomatic Immunity,Drake,Diplomatic ImmunityDrake,1,NA,7,1,2018-02-03,2018
https://www.billboard.com/charts/hot-100/2020-05-16,5/16/2020,7,Pain 1993,Drake Featuring Playboi Carti,Pain 1993Drake Featuring Playboi Carti,1,NA,7,1,2020-05-16,2020
http://www.billboard.com/charts/hot-100/2017-04-08,4/8/2017,8,Passionfruit,Drake,PassionfruitDrake,1,NA,8,1,2017-04-08,2017
http://www.billboard.com/charts/hot-100/2011-12-03,12/3/2011,9,Take Care,Drake Featuring Rihanna,Take CareDrake Featuring Rihanna,1,NA,9,1,2011-12-03,2011
http://www.billboard.com/charts/hot-100/2017-04-08,4/8/2017,9,Portland,Drake Featuring Quavo & Travis Scott,PortlandDrake Featuring Quavo & Travis Scott,1,NA,9,1,2017-04-08,2017
https://www.billboard.com/charts/hot-100/2021-05-01,5/1/2021,12,Solid,Young Thug & Gunna Featuring Drake,SolidYoung Thug & Gunna Featuring Drake,1,NA,12,1,2021-05-01,2021
https://www.billboard.com/charts/hot-100/2021-05-29,5/29/2021,12,Seeing Green,"Nicki Minaj, Drake & Lil Wayne","Seeing GreenNicki Minaj, Drake & Lil Wayne",1,NA,12,1,2021-05-29,2021
http://www.billboard.com/charts/hot-100/2015-10-10,10/10/2015,70,Diamonds Dancing,Drake & Future,Diamonds DancingDrake & Future,1,NA,70,1,2015-10-10,2015
http://www.billboard.com/charts/hot-100/2017-04-08,4/8/2017,70,Since Way Back,Drake Featuring PARTYNEXTDOOR,Since Way BackDrake Featuring PARTYNEXTDOOR,1,NA,70,1,2017-04-08,2017
http://www.billboard.com/charts/hot-100/2010-07-03,7/3/2010,57,9 AM In Dallas,Drake,9 AM In DallasDrake,1,NA,57,1,2010-07-03,2010
http://www.billboard.com/charts/hot-100/2015-07-18,7/18/2015,57,R.I.C.O.,Meek Mill Featuring Drake,R.I.C.O.Meek Mill Featuring Drake,1,NA,57,1,2015-07-18,2015
http://www.billboard.com/charts/hot-100/2012-05-05,5/5/2012,58,Stay Schemin,Rick Ross Featuring Drake & French Montana,Stay ScheminRick Ross Featuring Drake & French Montana,1,NA,58,1,2012-05-05,2012
http://www.billboard.com/charts/hot-100/2017-04-08,4/8/2017,60,Do Not Disturb,Drake,Do Not DisturbDrake,1,NA,60,1,2017-04-08,2017
http://www.billboard.com/charts/hot-100/2017-05-27,5/27/2017,19,Passionfruit,Drake,PassionfruitDrake,1,18,8,8,2017-05-27,2017
http://www.billboard.com/charts/hot-100/2016-07-09,7/9/2016,20,Controlla,Drake,ControllaDrake,1,23,20,8,2016-07-09,2016
http://www.billboard.com/charts/hot-100/2011-10-22,10/22/2011,22,She Will,Lil Wayne Featuring Drake,She WillLil Wayne Featuring Drake,1,27,3,8,2011-10-22,2011
https://www.billboard.com/charts/hot-100/2020-05-16,5/16/2020,14,Chicago Freestyle,Drake Featuring Giveon,Chicago FreestyleDrake Featuring Giveon,1,NA,14,1,2020-05-16,2020
http://www.billboard.com/charts/hot-100/2016-04-23,4/23/2016,16,Pop Style,Drake Featuring The Throne,Pop StyleDrake Featuring The Throne,1,NA,16,1,2016-04-23,2016
https://www.billboard.com/charts/hot-100/2018-07-14,7/14/2018,17,Survival,Drake,SurvivalDrake,1,NA,17,1,2018-07-14,2018
https://www.billboard.com/charts/hot-100/2018-07-14,7/14/2018,18,Can't Take A Joke,Drake,Can't Take A JokeDrake,1,NA,18,1,2018-07-14,2018
https://www.billboard.com/charts/hot-100/2020-05-16,5/16/2020,19,D4L,"Future, Drake & Young Thug","D4LFuture, Drake & Young Thug",1,NA,19,1,2020-05-16,2020
http://www.billboard.com/charts/hot-100/2013-10-12,10/12/2013,20,All Me,Drake Featuring 2 Chainz & Big Sean,All MeDrake Featuring 2 Chainz & Big Sean,1,NA,20,1,2013-10-12,2013
http://www.billboard.com/charts/hot-100/2015-08-22,8/22/2015,21,Back To Back,Drake,Back To BackDrake,1,NA,21,1,2015-08-22,2015
http://www.billboard.com/charts/hot-100/2016-04-23,4/23/2016,21,One Dance,Drake Featuring WizKid & Kyla,One DanceDrake Featuring WizKid & Kyla,1,NA,21,1,2016-04-23,2016
https://www.billboard.com/charts/hot-100/2018-07-14,7/14/2018,21,8 Out Of 10,Drake,8 Out Of 10Drake,1,NA,21,1,2018-07-14,2018
https://www.billboard.com/charts/hot-100/2020-05-16,5/16/2020,25,Not You Too,Drake Featuring Chris Brown,Not You TooDrake Featuring Chris Brown,1,NA,25,1,2020-05-16,2020
https://www.billboard.com/charts/hot-100/2018-07-14,7/14/2018,27,Sandra's Rose,Drake,Sandra's RoseDrake,1,NA,27,1,2018-07-14,2018
https://www.billboard.com/charts/hot-100/2020-05-16,5/16/2020,27,Desires,Drake Featuring Future,DesiresDrake Featuring Future,1,NA,27,1,2020-05-16,2020
https://www.billboard.com/charts/hot-100/2018-07-14,7/14/2018,28,Summer Games,Drake,Summer GamesDrake,1,NA,28,1,2018-07-14,2018
https://www.billboard.com/charts/hot-100/2018-07-14,7/14/2018,30,Blue Tint,Drake,Blue TintDrake,1,NA,30,1,2018-07-14,2018
https://www.billboard.com/charts/hot-100/2020-05-16,5/16/2020,32,Deep Pockets,Drake,Deep PocketsDrake,1,NA,32,1,2020-05-16,2020
http://www.billboard.com/charts/hot-100/2016-05-21,5/21/2016,34,Controlla,Drake,ControllaDrake,1,NA,34,1,2016-05-21,2016
http://www.billboard.com/charts/hot-100/2015-10-10,10/10/2015,75,Big Rings,Drake & Future,Big RingsDrake & Future,1,NA,75,1,2015-10-10,2015
https://www.billboard.com/charts/hot-100/2019-09-28,9/28/2019,75,Behind Barz,Drake,Behind BarzDrake,1,NA,75,1,2019-09-28,2019
http://www.billboard.com/charts/hot-100/2012-11-10,11/10/2012,76,Poetic Justice,Kendrick Lamar Featuring Drake,Poetic JusticeKendrick Lamar Featuring Drake,1,NA,76,1,2012-11-10,2012
http://www.billboard.com/charts/hot-100/2017-04-08,4/8/2017,76,Skepta Interlude,Drake,Skepta InterludeDrake,1,NA,76,1,2017-04-08,2017
https://www.billboard.com/charts/hot-100/2018-07-14,7/14/2018,9,Don't Matter To Me,Drake Featuring Michael Jackson,Don't Matter To MeDrake Featuring Michael Jackson,1,NA,9,1,2018-07-14,2018
https://www.billboard.com/charts/hot-100/2018-07-21,7/21/2018,21,Don't Matter To Me,Drake Featuring Michael Jackson,Don't Matter To MeDrake Featuring Michael Jackson,1,9,9,2,2018-07-21,2018
https://www.billboard.com/charts/hot-100/2018-07-28,7/28/2018,33,Don't Matter To Me,Drake Featuring Michael Jackson,Don't Matter To MeDrake Featuring Michael Jackson,1,21,9,3,2018-07-28,2018
https://www.billboard.com/charts/hot-100/2018-08-04,8/4/2018,54,Don't Matter To Me,Drake Featuring Michael Jackson,Don't Matter To MeDrake Featuring Michael Jackson,1,33,9,4,2018-08-04,2018
https://www.billboard.com/charts/hot-100/2018-08-11,8/11/2018,66,Don't Matter To Me,Drake Featuring Michael Jackson,Don't Matter To MeDrake Featuring Michael Jackson,1,54,9,5,2018-08-11,2018
https://www.billboard.com/charts/hot-100/2018-02-03,2/3/2018,1,God's Plan,Drake,God's PlanDrake,1,NA,1,1,2018-02-03,2018
https://www.billboard.com/charts/hot-100/2018-04-21,4/21/2018,1,Nice For What,Drake,Nice For WhatDrake,1,NA,1,1,2018-04-21,2018
https://www.billboard.com/charts/hot-100/2020-01-25,1/25/2020,2,Life Is Good,Future Featuring Drake,Life Is GoodFuture Featuring Drake,1,NA,2,1,2020-01-25,2020
https://www.billboard.com/charts/hot-100/2020-08-29,8/29/2020,2,Laugh Now Cry Later,Drake Featuring Lil Durk,Laugh Now Cry LaterDrake Featuring Lil Durk,1,NA,2,1,2020-08-29,2020
https://www.billboard.com/charts/hot-100/2021-03-20,3/20/2021,3,Lemon Pepper Freestyle,Drake Featuring Rick Ross,Lemon Pepper FreestyleDrake Featuring Rick Ross,1,NA,3,1,2021-03-20,2021
http://www.billboard.com/charts/hot-100/2010-10-23,10/23/2010,26,Right Above It,Lil Wayne Featuring Drake,Right Above ItLil Wayne Featuring Drake,1,39,6,8,2010-10-23,2010
http://www.billboard.com/charts/hot-100/2010-03-13,3/13/2010,26,Say Something,Timbaland Featuring Drake,Say SomethingTimbaland Featuring Drake,1,32,26,8,2010-03-13,2010
http://www.billboard.com/charts/hot-100/2016-06-11,6/11/2016,28,Pop Style,Drake Featuring The Throne,Pop StyleDrake Featuring The Throne,1,23,16,8,2016-06-11,2016
http://www.billboard.com/charts/hot-100/2016-05-21,5/21/2016,61,Redemption,Drake,RedemptionDrake,1,NA,61,1,2016-05-21,2016
http://www.billboard.com/charts/hot-100/2017-04-08,4/8/2017,61,Nothings Into Somethings,Drake,Nothings Into SomethingsDrake,1,NA,61,1,2017-04-08,2017
http://www.billboard.com/charts/hot-100/2013-02-23,2/23/2013,63,Started From The Bottom,Drake,Started From The BottomDrake,1,NA,63,1,2013-02-23,2013
http://www.billboard.com/charts/hot-100/2014-08-09,8/9/2014,63,0 To 100 / The Catch Up,Drake,0 To 100 / The Catch UpDrake,1,NA,63,1,2014-08-09,2014
http://www.billboard.com/charts/hot-100/2013-10-12,10/12/2013,65,Pound Cake / Paris Morton Music 2,Drake Featuring Jay Z,Pound Cake / Paris Morton Music 2Drake Featuring Jay Z,1,NA,65,1,2013-10-12,2013
http://www.billboard.com/charts/hot-100/2015-10-03,10/3/2015,66,Right Hand,Drake,Right HandDrake,1,NA,66,1,2015-10-03,2015
https://www.billboard.com/charts/hot-100/2020-05-16,5/16/2020,34,Demons,Drake Featuring Fivio Foreign & Sosa Geek,DemonsDrake Featuring Fivio Foreign & Sosa Geek,1,NA,34,1,2020-05-16,2020
http://www.billboard.com/charts/hot-100/2010-03-27,3/27/2010,35,Over,Drake,OverDrake,1,NA,35,1,2010-03-27,2010
https://www.billboard.com/charts/hot-100/2019-06-29,6/29/2019,35,Omerta,Drake,OmertaDrake,1,NA,35,1,2019-06-29,2019
http://www.billboard.com/charts/hot-100/2014-06-14,6/14/2014,36,Believe Me,Lil Wayne Featuring Drake,Believe MeLil Wayne Featuring Drake,1,NA,36,1,2014-06-14,2014
http://www.billboard.com/charts/hot-100/2017-04-08,4/8/2017,36,Sacrifices,Drake Featuring 2 Chainz & Young Thug,SacrificesDrake Featuring 2 Chainz & Young Thug,1,NA,36,1,2017-04-08,2017
http://www.billboard.com/charts/hot-100/2017-07-15,7/15/2017,36,Signs,Drake,SignsDrake,1,NA,36,1,2017-07-15,2017
http://www.billboard.com/charts/hot-100/2016-11-12,11/12/2016,38,Sneakin',Drake Featuring 21 Savage,Sneakin'Drake Featuring 21 Savage,1,NA,38,1,2016-11-12,2016
http://www.billboard.com/charts/hot-100/2017-04-08,4/8/2017,38,Blem,Drake,BlemDrake,1,NA,38,1,2017-04-08,2017
https://www.billboard.com/charts/hot-100/2018-07-14,7/14/2018,38,Peak,Drake,PeakDrake,1,NA,38,1,2018-07-14,2018
http://www.billboard.com/charts/hot-100/2016-05-21,5/21/2016,40,Still Here,Drake,Still HereDrake,1,NA,40,1,2016-05-21,2016
http://www.billboard.com/charts/hot-100/2017-01-07,1/7/2017,41,Both,Gucci Mane Featuring Drake,BothGucci Mane Featuring Drake,1,NA,41,1,2017-01-07,2017
https://www.billboard.com/charts/hot-100/2018-07-14,7/14/2018,41,After Dark,Drake Featuring Static Major & Ty Dolla $ign,After DarkDrake Featuring Static Major & Ty Dolla $ign,1,NA,41,1,2018-07-14,2018
http://www.billboard.com/charts/hot-100/2014-02-15,2/15/2014,45,Odio,Romeo Santos Featuring Drake,OdioRomeo Santos Featuring Drake,1,NA,45,1,2014-02-15,2014
http://www.billboard.com/charts/hot-100/2016-05-21,5/21/2016,45,9,Drake,9Drake,1,NA,45,1,2016-05-21,2016
https://www.billboard.com/charts/hot-100/2020-10-17,10/17/2020,48,Outta Time,Bryson Tiller Featuring Drake,Outta TimeBryson Tiller Featuring Drake,1,NA,48,1,2020-10-17,2020
http://www.billboard.com/charts/hot-100/2016-05-21,5/21/2016,49,Childs Play,Drake,Childs PlayDrake,1,NA,49,1,2016-05-21,2016
http://www.billboard.com/charts/hot-100/2017-04-08,4/8/2017,50,4422,Drake Featuring Sampha,4422Drake Featuring Sampha,1,NA,50,1,2017-04-08,2017
https://www.billboard.com/charts/hot-100/2018-07-14,7/14/2018,51,Ratchet Happy Birthday,Drake,Ratchet Happy BirthdayDrake,1,NA,51,1,2018-07-14,2018
http://www.billboard.com/charts/hot-100/2009-05-23,5/23/2009,92,Best I Ever Had,Drake,Best I Ever HadDrake,1,NA,92,1,2009-05-23,2009
http://www.billboard.com/charts/hot-100/2009-08-22,8/22/2009,92,Digital Girl,"Jamie Foxx Featuring Drake, Kanye West + The-Dream","Digital GirlJamie Foxx Featuring Drake, Kanye West + The-Dream",1,NA,92,1,2009-08-22,2009
https://www.billboard.com/charts/hot-100/2018-07-14,7/14/2018,20,Talk Up,Drake Featuring JAY-Z,Talk UpDrake Featuring JAY-Z,1,NA,20,1,2018-07-14,2018
https://www.billboard.com/charts/hot-100/2018-07-21,7/21/2018,58,Talk Up,Drake Featuring JAY-Z,Talk UpDrake Featuring JAY-Z,1,20,20,2,2018-07-21,2018
https://www.billboard.com/charts/hot-100/2018-07-28,7/28/2018,100,Talk Up,Drake Featuring JAY-Z,Talk UpDrake Featuring JAY-Z,1,58,20,3,2018-07-28,2018
https://www.billboard.com/charts/hot-100/2018-10-27,10/27/2018,5,MIA,Bad Bunny Featuring Drake,MIABad Bunny Featuring Drake,1,NA,5,1,2018-10-27,2018
https://www.billboard.com/charts/hot-100/2018-02-24,2/24/2018,6,Look Alive,BlocBoy JB Featuring Drake,Look AliveBlocBoy JB Featuring Drake,1,NA,6,1,2018-02-24,2018
https://www.billboard.com/charts/hot-100/2018-07-14,7/14/2018,6,In My Feelings,Drake,In My FeelingsDrake,1,NA,6,1,2018-07-14,2018
https://www.billboard.com/charts/hot-100/2018-12-15,12/15/2018,6,Going Bad,Meek Mill Featuring Drake,Going BadMeek Mill Featuring Drake,1,NA,6,1,2018-12-15,2018
https://www.billboard.com/charts/hot-100/2019-06-29,6/29/2019,7,Money In The Grave,Drake Featuring Rick Ross,Money In The GraveDrake Featuring Rick Ross,1,NA,7,1,2019-06-29,2019
http://www.billboard.com/charts/hot-100/2009-10-03,10/3/2009,8,Forever,"Drake Featuring Kanye West, Lil Wayne & Eminem","ForeverDrake Featuring Kanye West, Lil Wayne & Eminem",1,NA,8,1,2009-10-03,2009
https://www.billboard.com/charts/hot-100/2018-07-14,7/14/2018,8,Emotionless,Drake,EmotionlessDrake,1,NA,8,1,2018-07-14,2018
https://www.billboard.com/charts/hot-100/2020-08-01,8/1/2020,8,Greece,DJ Khaled Featuring Drake,GreeceDJ Khaled Featuring Drake,1,NA,8,1,2020-08-01,2020
https://www.billboard.com/charts/hot-100/2019-06-22,6/22/2019,9,No Guidance,Chris Brown Featuring Drake,No GuidanceChris Brown Featuring Drake,1,NA,9,1,2019-06-22,2019
https://www.billboard.com/charts/hot-100/2020-10-17,10/17/2020,10,Mr. Right Now,21 Savage & Metro Boomin Featuring Drake,Mr. Right Now21 Savage & Metro Boomin Featuring Drake,1,NA,10,1,2020-10-17,2020
http://www.billboard.com/charts/hot-100/2011-08-27,8/27/2011,13,Headlines,Drake,HeadlinesDrake,1,NA,13,1,2011-08-27,2011
https://www.billboard.com/charts/hot-100/2018-07-14,7/14/2018,13,Mob Ties,Drake,Mob TiesDrake,1,NA,13,1,2018-07-14,2018
http://www.billboard.com/charts/hot-100/2017-04-01,4/1/2017,14,No Frauds,"Nicki Minaj, Drake & Lil Wayne","No FraudsNicki Minaj, Drake & Lil Wayne",1,NA,14,1,2017-04-01,2017
https://www.billboard.com/charts/hot-100/2018-07-14,7/14/2018,14,Elevate,Drake,ElevateDrake,1,NA,14,1,2018-07-14,2018
http://www.billboard.com/charts/hot-100/2010-06-19,6/19/2010,15,Miss Me,Drake Featuring Lil Wayne,Miss MeDrake Featuring Lil Wayne,1,NA,15,1,2010-06-19,2010
https://www.billboard.com/charts/hot-100/2018-10-20,10/20/2018,15,Never Recover,Lil Baby & Gunna Featuring Drake,Never RecoverLil Baby & Gunna Featuring Drake,1,NA,15,1,2018-10-20,2018
http://www.billboard.com/charts/hot-100/2010-10-16,10/16/2010,17,Gonorrhea,Lil Wayne Featuring Drake,GonorrheaLil Wayne Featuring Drake,1,NA,17,1,2010-10-16,2010
http://www.billboard.com/charts/hot-100/2016-06-25,6/25/2016,18,For Free,DJ Khaled Featuring Drake,For FreeDJ Khaled Featuring Drake,1,NA,18,1,2016-06-25,2016
http://www.billboard.com/charts/hot-100/2017-04-08,4/8/2017,18,Free Smoke,Drake,Free SmokeDrake,1,NA,18,1,2017-04-08,2017
https://www.billboard.com/charts/hot-100/2018-06-09,6/9/2018,19,I'm Upset,Drake,I'm UpsetDrake,1,NA,19,1,2018-06-09,2018
http://www.billboard.com/charts/hot-100/2013-08-24,8/24/2013,21,"Hold On, We're Going Home",Drake Featuring Majid Jordan,"Hold On, We're Going HomeDrake Featuring Majid Jordan",1,NA,21,1,2013-08-24,2013
http://www.billboard.com/charts/hot-100/2016-11-12,11/12/2016,24,Fake Love,Drake,Fake LoveDrake,1,NA,24,1,2016-11-12,2016
http://www.billboard.com/charts/hot-100/2017-04-08,4/8/2017,29,Gyalchester,Drake,GyalchesterDrake,1,NA,29,1,2017-04-08,2017
https://www.billboard.com/charts/hot-100/2018-07-14,7/14/2018,32,Jaded,Drake,JadedDrake,1,NA,32,1,2018-07-14,2018
http://www.billboard.com/charts/hot-100/2016-05-21,5/21/2016,33,Hype,Drake,HypeDrake,1,NA,33,1,2016-05-21,2016
http://www.billboard.com/charts/hot-100/2010-05-22,5/22/2010,34,Find Your Love,Drake,Find Your LoveDrake,1,NA,34,1,2010-05-22,2010
https://www.billboard.com/charts/hot-100/2018-07-14,7/14/2018,36,Is There More,Drake,Is There MoreDrake,1,NA,36,1,2018-07-14,2018
http://www.billboard.com/charts/hot-100/2016-05-21,5/21/2016,38,Grammys,Drake Featuring Future,GrammysDrake Featuring Future,1,NA,38,1,2016-05-21,2016
https://www.billboard.com/charts/hot-100/2019-08-10,8/10/2019,39,Gold Roses,Rick Ross Featuring Drake,Gold RosesRick Ross Featuring Drake,1,NA,39,1,2019-08-10,2019
https://www.billboard.com/charts/hot-100/2020-05-16,5/16/2020,39,Landed,Drake,LandedDrake,1,NA,39,1,2020-05-16,2020
http://www.billboard.com/charts/hot-100/2009-10-03,10/3/2009,40,I'm Going In,Drake Featuring Lil Wayne & Young Jeezy,I'm Going InDrake Featuring Lil Wayne & Young Jeezy,1,NA,40,1,2009-10-03,2009
http://www.billboard.com/charts/hot-100/2017-04-08,4/8/2017,40,No Long Talk,Drake Featuring Giggs,No Long TalkDrake Featuring Giggs,1,NA,40,1,2017-04-08,2017
https://www.billboard.com/charts/hot-100/2018-07-14,7/14/2018,42,Finesse,Drake,FinesseDrake,1,NA,42,1,2018-07-14,2018
http://www.billboard.com/charts/hot-100/2012-05-26,5/26/2012,45,No Lie,2 Chainz Featuring Drake,No Lie2 Chainz Featuring Drake,1,NA,45,1,2012-05-26,2012
http://www.billboard.com/charts/hot-100/2017-04-08,4/8/2017,45,Get It Together,Drake Featuring Jorja Smith & Black Coffee,Get It TogetherDrake Featuring Jorja Smith & Black Coffee,1,NA,45,1,2017-04-08,2017
https://www.billboard.com/charts/hot-100/2020-05-16,5/16/2020,45,From Florida With Love,Drake,From Florida With LoveDrake,1,NA,45,1,2020-05-16,2020
https://www.billboard.com/charts/hot-100/2018-10-06,10/6/2018,47,No Stylist,French Montana Featuring Drake,No StylistFrench Montana Featuring Drake,1,NA,47,1,2018-10-06,2018
http://www.billboard.com/charts/hot-100/2017-04-08,4/8/2017,48,KMT,Drake Featuring Giggs,KMTDrake Featuring Giggs,1,NA,48,1,2017-04-08,2017
https://www.billboard.com/charts/hot-100/2018-10-27,10/27/2018,48,Flip The Switch,Quavo Featuring Drake,Flip The SwitchQuavo Featuring Drake,1,NA,48,1,2018-10-27,2018
http://www.billboard.com/charts/hot-100/2015-02-28,2/28/2015,49,Energy,Drake,EnergyDrake,1,NA,49,1,2015-02-28,2015
http://www.billboard.com/charts/hot-100/2017-04-08,4/8/2017,49,Jorja Interlude,Drake,Jorja InterludeDrake,1,NA,49,1,2017-04-08,2017
http://www.billboard.com/charts/hot-100/2017-04-08,4/8/2017,51,Madiba Riddim,Drake,Madiba RiddimDrake,1,NA,51,1,2017-04-08,2017
https://www.billboard.com/charts/hot-100/2020-05-16,5/16/2020,51,Losses,Drake,LossesDrake,1,NA,51,1,2020-05-16,2020
http://www.billboard.com/charts/hot-100/2015-10-10,10/10/2015,52,Jumpman,Drake & Future,JumpmanDrake & Future,1,NA,52,1,2015-10-10,2015
http://www.billboard.com/charts/hot-100/2013-02-02,2/2/2013,53,Love Me,Lil Wayne Featuring Drake & Future,Love MeLil Wayne Featuring Drake & Future,1,NA,53,1,2013-02-02,2013
http://www.billboard.com/charts/hot-100/2016-05-21,5/21/2016,53,Feel No Ways,Drake,Feel No WaysDrake,1,NA,53,1,2016-05-21,2016
http://www.billboard.com/charts/hot-100/2017-04-08,4/8/2017,54,Glow,Drake Featuring Kanye West,GlowDrake Featuring Kanye West,1,NA,54,1,2017-04-08,2017
http://www.billboard.com/charts/hot-100/2013-05-11,5/11/2013,55,No New Friends (SFTB Remix),"DJ Khaled Featuring Drake, Rick Ross & Lil Wayne","No New Friends (SFTB Remix)DJ Khaled Featuring Drake, Rick Ross & Lil Wayne",1,NA,55,1,2013-05-11,2013
http://www.billboard.com/charts/hot-100/2013-10-12,10/12/2013,56,Furthest Thing,Drake,Furthest ThingDrake,1,NA,56,1,2013-10-12,2013
https://www.billboard.com/charts/hot-100/2018-07-14,7/14/2018,56,Final Fantasy,Drake,Final FantasyDrake,1,NA,56,1,2018-07-14,2018
https://www.billboard.com/charts/hot-100/2018-07-14,7/14/2018,57,March 14,Drake,March 14Drake,1,NA,57,1,2018-07-14,2018
http://www.billboard.com/charts/hot-100/2015-10-10,10/10/2015,81,Digital Dash,Drake & Future,Digital DashDrake & Future,1,NA,81,1,2015-10-10,2015
http://www.billboard.com/charts/hot-100/2016-08-13,8/13/2016,81,Back On Road,Gucci Mane & Drake,Back On RoadGucci Mane & Drake,1,NA,81,1,2016-08-13,2016
http://www.billboard.com/charts/hot-100/2015-10-17,10/17/2015,82,Change Locations,Drake & Future,Change LocationsDrake & Future,1,NA,82,1,2015-10-17,2015
http://www.billboard.com/charts/hot-100/2017-04-08,4/8/2017,82,Can't Have Everything,Drake,Can't Have EverythingDrake,1,NA,82,1,2017-04-08,2017
http://www.billboard.com/charts/hot-100/2015-03-07,3/7/2015,83,6 God,Drake,6 GodDrake,1,NA,83,1,2015-03-07,2015
http://www.billboard.com/charts/hot-100/2015-04-11,4/11/2015,30,Blessings,Big Sean Featuring Drake,BlessingsBig Sean Featuring Drake,1,33,30,8,2015-04-11,2015
http://www.billboard.com/charts/hot-100/2016-04-09,4/9/2016,33,Summer Sixteen,Drake,Summer SixteenDrake,1,31,6,8,2016-04-09,2016
http://www.billboard.com/charts/hot-100/2015-10-10,10/10/2015,34,Back To Back,Drake,Back To BackDrake,1,33,21,8,2015-10-10,2015
http://www.billboard.com/charts/hot-100/2014-09-27,9/27/2014,35,0 To 100 / The Catch Up,Drake,0 To 100 / The Catch UpDrake,1,35,35,8,2014-09-27,2014
http://www.billboard.com/charts/hot-100/2014-08-02,8/2/2014,37,Believe Me,Lil Wayne Featuring Drake,Believe MeLil Wayne Featuring Drake,1,35,26,8,2014-08-02,2014
http://www.billboard.com/charts/hot-100/2012-09-15,9/15/2012,42,Pop That,"French Montana Featuring Rick Ross, Drake, Lil Wayne","Pop ThatFrench Montana Featuring Rick Ross, Drake, Lil Wayne",1,48,42,8,2012-09-15,2012
http://www.billboard.com/charts/hot-100/2013-10-12,10/12/2013,87,Come Thru,Drake,Come ThruDrake,1,NA,87,1,2013-10-12,2013
http://www.billboard.com/charts/hot-100/2015-02-28,2/28/2015,88,10 Bands,Drake,10 BandsDrake,1,NA,88,1,2015-02-28,2015
http://www.billboard.com/charts/hot-100/2015-10-10,10/10/2015,88,30 For 30 Freestyle,Drake,30 For 30 FreestyleDrake,1,NA,88,1,2015-10-10,2015
http://www.billboard.com/charts/hot-100/2009-08-01,8/1/2009,89,Successful,Drake Featuring Trey Songz & Lil Wayne,SuccessfulDrake Featuring Trey Songz & Lil Wayne,1,NA,89,1,2009-08-01,2009
http://www.billboard.com/charts/hot-100/2011-10-29,10/29/2011,89,Still Got It,Tyga Featuring Drake,Still Got ItTyga Featuring Drake,1,NA,89,1,2011-10-29,2011
http://www.billboard.com/charts/hot-100/2012-08-18,8/18/2012,89,Diced Pineapples,Rick Ross Featuring Wale & Drake,Diced PineapplesRick Ross Featuring Wale & Drake,1,NA,89,1,2012-08-18,2012
https://www.billboard.com/charts/hot-100/2020-03-21,3/21/2020,89,Oprah's Bank Account,"Lil Yachty, Drake & DaBaby","Oprah's Bank AccountLil Yachty, Drake & DaBaby",1,NA,89,1,2020-03-21,2020
http://www.billboard.com/charts/hot-100/2010-01-23,1/23/2010,94,Say Something,Timbaland Featuring Drake,Say SomethingTimbaland Featuring Drake,1,NA,94,1,2010-01-23,2010
http://www.billboard.com/charts/hot-100/2012-07-07,7/7/2012,95,Right Here,Justin Bieber Featuring Drake,Right HereJustin Bieber Featuring Drake,1,NA,95,1,2012-07-07,2012
http://www.billboard.com/charts/hot-100/2015-03-07,3/7/2015,95,Now & Forever,Drake,Now & ForeverDrake,1,NA,95,1,2015-03-07,2015
https://www.billboard.com/charts/hot-100/2019-08-17,8/17/2019,95,Days In The East,Drake,Days In The EastDrake,1,NA,95,1,2019-08-17,2019
http://www.billboard.com/charts/hot-100/2017-04-08,4/8/2017,35,Teenage Fever,Drake,Teenage FeverDrake,1,NA,35,1,2017-04-08,2017
http://www.billboard.com/charts/hot-100/2017-04-15,4/15/2017,53,Teenage Fever,Drake,Teenage FeverDrake,1,35,35,2,2017-04-15,2017
http://www.billboard.com/charts/hot-100/2017-04-22,4/22/2017,83,Teenage Fever,Drake,Teenage FeverDrake,1,53,35,3,2017-04-22,2017
http://www.billboard.com/charts/hot-100/2017-04-29,4/29/2017,91,Teenage Fever,Drake,Teenage FeverDrake,1,83,35,4,2017-04-29,2017
http://www.billboard.com/charts/hot-100/2013-10-12,10/12/2013,78,Own It,Drake,Own ItDrake,1,NA,78,1,2013-10-12,2013
http://www.billboard.com/charts/hot-100/2015-08-22,8/22/2015,78,Charged Up,Drake,Charged UpDrake,1,NA,78,1,2015-08-22,2015
http://www.billboard.com/charts/hot-100/2015-10-17,10/17/2015,78,Plastic Bag,Drake & Future,Plastic BagDrake & Future,1,NA,78,1,2015-10-17,2015
http://www.billboard.com/charts/hot-100/2011-12-24,12/24/2011,97,Round Of Applause,Waka Flocka Flame Featuring Drake,Round Of ApplauseWaka Flocka Flame Featuring Drake,1,NA,97,1,2011-12-24,2011
http://www.billboard.com/charts/hot-100/2015-03-07,3/7/2015,97,6 Man,Drake,6 ManDrake,1,NA,97,1,2015-03-07,2015
http://www.billboard.com/charts/hot-100/2016-04-23,4/23/2016,97,Come And See Me,PARTYNEXTDOOR Featuring Drake,Come And See MePARTYNEXTDOOR Featuring Drake,1,NA,97,1,2016-04-23,2016
https://www.billboard.com/charts/hot-100/2019-08-17,8/17/2019,60,How About Now,Drake,How About NowDrake,1,NA,60,1,2019-08-17,2019
http://www.billboard.com/charts/hot-100/2017-04-08,4/8/2017,62,Ice Melts,Drake Featuring Young Thug,Ice MeltsDrake Featuring Young Thug,1,NA,62,1,2017-04-08,2017
https://www.billboard.com/charts/hot-100/2019-12-07,12/7/2019,63,Loyal,PARTYNEXTDOOR Featuring Drake,LoyalPARTYNEXTDOOR Featuring Drake,1,NA,63,1,2019-12-07,2019
http://www.billboard.com/charts/hot-100/2017-04-08,4/8/2017,64,Lose You,Drake,Lose YouDrake,1,NA,64,1,2017-04-08,2017
http://www.billboard.com/charts/hot-100/2015-08-22,8/22/2015,66,Hotline Bling,Drake,Hotline BlingDrake,1,NA,66,1,2015-08-22,2015
http://www.billboard.com/charts/hot-100/2011-12-03,12/3/2011,67,Hate Sleeping Alone,Drake,Hate Sleeping AloneDrake,1,NA,67,1,2011-12-03,2011
http://www.billboard.com/charts/hot-100/2013-10-12,10/12/2013,67,From Time,Drake Featuring Jhene Aiko,From TimeDrake Featuring Jhene Aiko,1,NA,67,1,2013-10-12,2013
http://www.billboard.com/charts/hot-100/2011-08-06,8/6/2011,68,Marvins Room,Drake,Marvins RoomDrake,1,NA,68,1,2011-08-06,2011
http://www.billboard.com/charts/hot-100/2016-05-21,5/21/2016,68,Keep The Family Close,Drake,Keep The Family CloseDrake,1,NA,68,1,2016-05-21,2016
https://www.billboard.com/charts/hot-100/2019-08-17,8/17/2019,68,Dreams Money Can Buy,Drake,Dreams Money Can BuyDrake,1,NA,68,1,2019-08-17,2019
http://www.billboard.com/charts/hot-100/2015-03-07,3/7/2015,70,Know Yourself,Drake,Know YourselfDrake,1,NA,70,1,2015-03-07,2015
http://www.billboard.com/charts/hot-100/2010-07-03,7/3/2010,71,Fireworks,Drake Featuring Alicia Keys,FireworksDrake Featuring Alicia Keys,1,NA,71,1,2010-07-03,2010
http://www.billboard.com/charts/hot-100/2017-07-15,7/15/2017,71,No Complaints,Metro Boomin Featuring Offset & Drake,No ComplaintsMetro Boomin Featuring Offset & Drake,1,NA,71,1,2017-07-15,2017
http://www.billboard.com/charts/hot-100/2016-05-21,5/21/2016,72,Faithful,Drake Featuring Pimp C & dvsn,FaithfulDrake Featuring Pimp C & dvsn,1,NA,72,1,2016-05-21,2016
http://www.billboard.com/charts/hot-100/2012-11-17,11/17/2012,73,F**kin Problems,"A$AP Rocky Featuring Drake, 2 Chainz & Kendrick Lamar","F**kin ProblemsA$AP Rocky Featuring Drake, 2 Chainz & Kendrick Lamar",1,NA,73,1,2012-11-17,2012
http://www.billboard.com/charts/hot-100/2016-05-21,5/21/2016,75,Fire & Desire,Drake,Fire & DesireDrake,1,NA,75,1,2016-05-21,2016
http://www.billboard.com/charts/hot-100/2011-06-04,6/4/2011,78,I'm On One,"DJ Khaled Featuring Drake, Rick Ross & Lil Wayne","I'm On OneDJ Khaled Featuring Drake, Rick Ross & Lil Wayne",1,NA,78,1,2011-06-04,2011
http://www.billboard.com/charts/hot-100/2011-09-17,9/17/2011,79,It's Good,Lil Wayne Featuring Drake & Jadakiss,It's GoodLil Wayne Featuring Drake & Jadakiss,1,NA,79,1,2011-09-17,2011
http://www.billboard.com/charts/hot-100/2010-08-07,8/7/2010,98,Aston Martin Music,Rick Ross Featuring Drake & Chrisette Michele,Aston Martin MusicRick Ross Featuring Drake & Chrisette Michele,1,NA,98,1,2010-08-07,2010
http://www.billboard.com/charts/hot-100/2011-12-03,12/3/2011,100,Shot For Me,Drake,Shot For MeDrake,1,NA,100,1,2011-12-03,2011
http://www.billboard.com/charts/hot-100/2012-04-07,4/7/2012,100,Crew Love,Drake Featuring The Weeknd,Crew LoveDrake Featuring The Weeknd,1,NA,100,1,2012-04-07,2012
https://www.billboard.com/charts/hot-100/2018-07-14,7/14/2018,37,That's How You Feel,Drake,That's How You FeelDrake,1,NA,37,1,2018-07-14,2018
https://www.billboard.com/charts/hot-100/2018-07-21,7/21/2018,68,That's How You Feel,Drake,That's How You FeelDrake,1,37,37,2,2018-07-21,2018
http://www.billboard.com/charts/hot-100/2013-10-12,10/12/2013,51,The Language,Drake,The LanguageDrake,1,NA,51,1,2013-10-12,2013
http://www.billboard.com/charts/hot-100/2013-10-19,10/19/2013,79,The Language,Drake,The LanguageDrake,1,51,51,2,2013-10-19,2013
http://www.billboard.com/charts/hot-100/2013-10-26,10/26/2013,94,The Language,Drake,The LanguageDrake,1,79,51,3,2013-10-26,2013
http://www.billboard.com/charts/hot-100/2013-11-30,11/30/2013,89,The Language,Drake,The LanguageDrake,2,NA,89,4,2013-11-30,2013
http://www.billboard.com/charts/hot-100/2013-12-07,12/7/2013,92,The Language,Drake,The LanguageDrake,2,89,89,5,2013-12-07,2013
http://www.billboard.com/charts/hot-100/2013-12-14,12/14/2013,84,The Language,Drake,The LanguageDrake,2,92,84,6,2013-12-14,2013
http://www.billboard.com/charts/hot-100/2013-12-21,12/21/2013,72,The Language,Drake,The LanguageDrake,2,84,72,7,2013-12-21,2013
http://www.billboard.com/charts/hot-100/2013-12-28,12/28/2013,70,The Language,Drake,The LanguageDrake,2,72,70,8,2013-12-28,2013
http://www.billboard.com/charts/hot-100/2014-01-04,1/4/2014,68,The Language,Drake,The LanguageDrake,2,70,68,9,2014-01-04,2014
http://www.billboard.com/charts/hot-100/2014-01-11,1/11/2014,63,The Language,Drake,The LanguageDrake,2,68,63,10,2014-01-11,2014
http://www.billboard.com/charts/hot-100/2014-01-18,1/18/2014,68,The Language,Drake,The LanguageDrake,2,63,63,11,2014-01-18,2014
http://www.billboard.com/charts/hot-100/2014-01-25,1/25/2014,68,The Language,Drake,The LanguageDrake,2,68,63,12,2014-01-25,2014
http://www.billboard.com/charts/hot-100/2014-02-01,2/1/2014,69,The Language,Drake,The LanguageDrake,2,68,63,13,2014-02-01,2014
http://www.billboard.com/charts/hot-100/2014-02-08,2/8/2014,68,The Language,Drake,The LanguageDrake,2,69,63,14,2014-02-08,2014
http://www.billboard.com/charts/hot-100/2014-02-15,2/15/2014,73,The Language,Drake,The LanguageDrake,2,68,63,15,2014-02-15,2014
http://www.billboard.com/charts/hot-100/2014-02-22,2/22/2014,71,The Language,Drake,The LanguageDrake,2,73,63,16,2014-02-22,2014
http://www.billboard.com/charts/hot-100/2014-03-01,3/1/2014,72,The Language,Drake,The LanguageDrake,2,71,63,17,2014-03-01,2014
http://www.billboard.com/charts/hot-100/2014-03-08,3/8/2014,72,The Language,Drake,The LanguageDrake,2,72,63,18,2014-03-08,2014
http://www.billboard.com/charts/hot-100/2014-03-15,3/15/2014,77,The Language,Drake,The LanguageDrake,2,72,63,19,2014-03-15,2014
http://www.billboard.com/charts/hot-100/2014-03-22,3/22/2014,82,The Language,Drake,The LanguageDrake,2,77,63,20,2014-03-22,2014
https://www.billboard.com/charts/hot-100/2019-08-17,8/17/2019,61,The Motion,Drake,The MotionDrake,1,NA,61,1,2019-08-17,2019
http://www.billboard.com/charts/hot-100/2011-12-03,12/3/2011,18,The Motto,Drake Featuring Lil Wayne,The MottoDrake Featuring Lil Wayne,1,NA,18,1,2011-12-03,2011
http://www.billboard.com/charts/hot-100/2011-12-10,12/10/2011,32,The Motto,Drake Featuring Lil Wayne,The MottoDrake Featuring Lil Wayne,1,18,18,2,2011-12-10,2011
http://www.billboard.com/charts/hot-100/2011-12-17,12/17/2011,27,The Motto,Drake Featuring Lil Wayne,The MottoDrake Featuring Lil Wayne,1,32,18,3,2011-12-17,2011
http://www.billboard.com/charts/hot-100/2011-12-24,12/24/2011,30,The Motto,Drake Featuring Lil Wayne,The MottoDrake Featuring Lil Wayne,1,27,18,4,2011-12-24,2011
http://www.billboard.com/charts/hot-100/2011-12-31,12/31/2011,29,The Motto,Drake Featuring Lil Wayne,The MottoDrake Featuring Lil Wayne,1,30,18,5,2011-12-31,2011
http://www.billboard.com/charts/hot-100/2012-01-07,1/7/2012,21,The Motto,Drake Featuring Lil Wayne,The MottoDrake Featuring Lil Wayne,1,29,18,6,2012-01-07,2012
http://www.billboard.com/charts/hot-100/2013-11-30,11/30/2013,45,All Me,Drake Featuring 2 Chainz & Big Sean,All MeDrake Featuring 2 Chainz & Big Sean,1,52,20,8,2013-11-30,2013
http://www.billboard.com/charts/hot-100/2012-01-21,1/21/2012,46,Take Care,Drake Featuring Rihanna,Take CareDrake Featuring Rihanna,1,49,9,8,2012-01-21,2012
http://www.billboard.com/charts/hot-100/2017-02-25,2/25/2017,53,Both,Gucci Mane Featuring Drake,BothGucci Mane Featuring Drake,1,51,41,8,2017-02-25,2017
http://www.billboard.com/charts/hot-100/2009-09-19,9/19/2009,53,Successful,Drake Featuring Trey Songz & Lil Wayne,SuccessfulDrake Featuring Trey Songz & Lil Wayne,1,54,53,8,2009-09-19,2009
http://www.billboard.com/charts/hot-100/2017-05-27,5/27/2017,55,Portland,Drake Featuring Quavo & Travis Scott,PortlandDrake Featuring Quavo & Travis Scott,1,54,9,8,2017-05-27,2017
http://www.billboard.com/charts/hot-100/2012-08-25,8/25/2012,57,Amen,Meek Mill Featuring Drake,AmenMeek Mill Featuring Drake,1,62,57,8,2012-08-25,2012
https://www.billboard.com/charts/hot-100/2020-07-04,7/4/2020,64,Chicago Freestyle,Drake Featuring Giveon,Chicago FreestyleDrake Featuring Giveon,1,62,14,8,2020-07-04,2020
http://www.billboard.com/charts/hot-100/2015-11-28,11/28/2015,70,Big Rings,Drake & Future,Big RingsDrake & Future,1,70,52,8,2015-11-28,2015
http://www.billboard.com/charts/hot-100/2016-12-31,12/31/2016,72,Sneakin',Drake Featuring 21 Savage,Sneakin'Drake Featuring 21 Savage,1,63,28,8,2016-12-31,2016
http://www.billboard.com/charts/hot-100/2015-11-21,11/21/2015,74,Right Hand,Drake,Right HandDrake,1,67,58,8,2015-11-21,2015
http://www.billboard.com/charts/hot-100/2012-12-29,12/29/2012,77,Poetic Justice,Kendrick Lamar Featuring Drake,Poetic JusticeKendrick Lamar Featuring Drake,1,83,76,8,2012-12-29,2012
http://www.billboard.com/charts/hot-100/2015-09-05,9/5/2015,80,R.I.C.O.,Meek Mill Featuring Drake,R.I.C.O.Meek Mill Featuring Drake,1,68,40,8,2015-09-05,2015
http://www.billboard.com/charts/hot-100/2016-07-09,7/9/2016,81,Childs Play,Drake,Childs PlayDrake,1,73,49,8,2016-07-09,2016
http://www.billboard.com/charts/hot-100/2015-04-18,4/18/2015,82,10 Bands,Drake,10 BandsDrake,1,74,58,8,2015-04-18,2015
http://www.billboard.com/charts/hot-100/2015-11-28,11/28/2015,85,Diamonds Dancing,Drake & Future,Diamonds DancingDrake & Future,1,80,53,8,2015-11-28,2015
http://www.billboard.com/charts/hot-100/2012-05-26,5/26/2012,88,Crew Love,Drake Featuring The Weeknd,Crew LoveDrake Featuring The Weeknd,1,89,87,8,2012-05-26,2012
http://www.billboard.com/charts/hot-100/2016-07-09,7/9/2016,91,Still Here,Drake,Still HereDrake,1,79,40,8,2016-07-09,2016
http://www.billboard.com/charts/hot-100/2014-04-05,4/5/2014,94,Odio,Romeo Santos Featuring Drake,OdioRomeo Santos Featuring Drake,1,94,45,8,2014-04-05,2014
http://www.billboard.com/charts/hot-100/2009-12-12,12/12/2009,90,4 My Town (Play Ball),Birdman Featuring Drake & Lil Wayne,4 My Town (Play Ball)Birdman Featuring Drake & Lil Wayne,1,NA,90,1,2009-12-12,2009
http://www.billboard.com/charts/hot-100/2012-07-28,7/28/2012,90,Pop That,"French Montana Featuring Rick Ross, Drake, Lil Wayne","Pop ThatFrench Montana Featuring Rick Ross, Drake, Lil Wayne",1,NA,90,1,2012-07-28,2012
http://www.billboard.com/charts/hot-100/2015-08-22,8/22/2015,90,100,The Game Featuring Drake,100The Game Featuring Drake,1,NA,90,1,2015-08-22,2015
https://www.billboard.com/charts/hot-100/2020-05-23,5/23/2020,77,D4L,"Future, Drake & Young Thug","D4LFuture, Drake & Young Thug",1,19,19,2,2020-05-23,2020
http://www.billboard.com/charts/hot-100/2012-05-12,5/12/2012,80,Stay Schemin,Rick Ross Featuring Drake & French Montana,Stay ScheminRick Ross Featuring Drake & French Montana,1,58,58,2,2012-05-12,2012
http://www.billboard.com/charts/hot-100/2009-08-08,8/8/2009,80,Successful,Drake Featuring Trey Songz & Lil Wayne,SuccessfulDrake Featuring Trey Songz & Lil Wayne,1,89,80,2,2009-08-08,2009
http://www.billboard.com/charts/hot-100/2017-04-15,4/15/2017,82,4422,Drake Featuring Sampha,4422Drake Featuring Sampha,1,50,50,2,2017-04-15,2017
http://www.billboard.com/charts/hot-100/2015-03-07,3/7/2015,82,Preach,Drake Featuring PARTYNEXTDOOR,PreachDrake Featuring PARTYNEXTDOOR,1,85,82,2,2015-03-07,2015
http://www.billboard.com/charts/hot-100/2016-05-28,5/28/2016,35,Controlla,Drake,ControllaDrake,1,34,34,2,2016-05-28,2016
https://www.billboard.com/charts/hot-100/2021-05-08,5/8/2021,36,Solid,Young Thug & Gunna Featuring Drake,SolidYoung Thug & Gunna Featuring Drake,1,12,12,2,2021-05-08,2021
http://www.billboard.com/charts/hot-100/2013-10-19,10/19/2013,40,All Me,Drake Featuring 2 Chainz & Big Sean,All MeDrake Featuring 2 Chainz & Big Sean,1,20,20,2,2013-10-19,2013
http://www.billboard.com/charts/hot-100/2014-11-22,11/22/2014,43,Only,"Nicki Minaj Featuring Drake, Lil Wayne & Chris Brown","OnlyNicki Minaj Featuring Drake, Lil Wayne & Chris Brown",1,54,43,2,2014-11-22,2014
http://www.billboard.com/charts/hot-100/2015-07-25,7/25/2015,43,R.I.C.O.,Meek Mill Featuring Drake,R.I.C.O.Meek Mill Featuring Drake,1,57,43,2,2015-07-25,2015
https://www.billboard.com/charts/hot-100/2018-07-21,7/21/2018,45,Can't Take A Joke,Drake,Can't Take A JokeDrake,1,18,18,2,2018-07-21,2018
https://www.billboard.com/charts/hot-100/2020-05-23,5/23/2020,46,Chicago Freestyle,Drake Featuring Giveon,Chicago FreestyleDrake Featuring Giveon,1,14,14,2,2020-05-23,2020
http://www.billboard.com/charts/hot-100/2017-04-15,4/15/2017,48,Blem,Drake,BlemDrake,1,38,38,2,2017-04-15,2017
https://www.billboard.com/charts/hot-100/2020-05-23,5/23/2020,51,Pain 1993,Drake Featuring Playboi Carti,Pain 1993Drake Featuring Playboi Carti,1,7,7,2,2020-05-23,2020
http://www.billboard.com/charts/hot-100/2015-10-17,10/17/2015,52,Big Rings,Drake & Future,Big RingsDrake & Future,1,75,52,2,2015-10-17,2015
http://www.billboard.com/charts/hot-100/2015-02-28,2/28/2015,53,Blessings,Big Sean Featuring Drake,BlessingsBig Sean Featuring Drake,1,54,53,2,2015-02-28,2015
http://www.billboard.com/charts/hot-100/2015-10-17,10/17/2015,53,Diamonds Dancing,Drake & Future,Diamonds DancingDrake & Future,1,70,53,2,2015-10-17,2015
http://www.billboard.com/charts/hot-100/2017-07-22,7/22/2017,54,Signs,Drake,SignsDrake,1,36,36,2,2017-07-22,2017
https://www.billboard.com/charts/hot-100/2018-02-10,2/10/2018,55,Diplomatic Immunity,Drake,Diplomatic ImmunityDrake,1,7,7,2,2018-02-10,2018
https://www.billboard.com/charts/hot-100/2018-07-21,7/21/2018,55,Blue Tint,Drake,Blue TintDrake,1,30,30,2,2018-07-21,2018
https://www.billboard.com/charts/hot-100/2020-03-28,3/28/2020,55,Oprah's Bank Account,"Lil Yachty, Drake & DaBaby","Oprah's Bank AccountLil Yachty, Drake & DaBaby",1,89,55,2,2020-03-28,2020
http://www.billboard.com/charts/hot-100/2017-04-15,4/15/2017,56,Sacrifices,Drake Featuring 2 Chainz & Young Thug,SacrificesDrake Featuring 2 Chainz & Young Thug,1,36,36,2,2017-04-15,2017
http://www.billboard.com/charts/hot-100/2016-05-28,5/28/2016,56,Still Here,Drake,Still HereDrake,1,40,40,2,2016-05-28,2016
https://www.billboard.com/charts/hot-100/2018-07-21,7/21/2018,56,After Dark,Drake Featuring Static Major & Ty Dolla $ign,After DarkDrake Featuring Static Major & Ty Dolla $ign,1,41,41,2,2018-07-21,2018
http://www.billboard.com/charts/hot-100/2017-01-14,1/14/2017,57,Both,Gucci Mane Featuring Drake,BothGucci Mane Featuring Drake,1,41,41,2,2017-01-14,2017
http://www.billboard.com/charts/hot-100/2015-03-07,3/7/2015,58,10 Bands,Drake,10 BandsDrake,1,88,58,2,2015-03-07,2015
https://www.billboard.com/charts/hot-100/2018-07-21,7/21/2018,59,8 Out Of 10,Drake,8 Out Of 10Drake,1,21,21,2,2018-07-21,2018
http://www.billboard.com/charts/hot-100/2015-10-10,10/10/2015,59,Right Hand,Drake,Right HandDrake,1,66,59,2,2015-10-10,2015
https://www.billboard.com/charts/hot-100/2018-07-07,7/7/2018,60,Bigger > You,"2 Chainz, Drake & Quavo","Bigger > You2 Chainz, Drake & Quavo",1,53,53,2,2018-07-07,2018
http://www.billboard.com/charts/hot-100/2017-04-15,4/15/2017,10,Passionfruit,Drake,PassionfruitDrake,1,8,8,2,2017-04-15,2017
http://www.billboard.com/charts/hot-100/2013-03-02,3/2/2013,10,Started From The Bottom,Drake,Started From The BottomDrake,1,63,10,2,2013-03-02,2013
https://www.billboard.com/charts/hot-100/2018-07-21,7/21/2018,11,Nonstop,Drake,NonstopDrake,1,2,2,2,2018-07-21,2018
http://www.billboard.com/charts/hot-100/2016-04-30,4/30/2016,13,One Dance,Drake Featuring WizKid & Kyla,One DanceDrake Featuring WizKid & Kyla,1,21,13,2,2016-04-30,2016
https://www.billboard.com/charts/hot-100/2020-08-08,8/8/2020,14,Popstar,DJ Khaled Featuring Drake,PopstarDJ Khaled Featuring Drake,1,3,3,2,2020-08-08,2020
http://www.billboard.com/charts/hot-100/2011-09-10,9/10/2011,17,She Will,Lil Wayne Featuring Drake,She WillLil Wayne Featuring Drake,1,3,3,2,2011-09-10,2011
http://www.billboard.com/charts/hot-100/2010-04-03,4/3/2010,17,Over,Drake,OverDrake,1,35,17,2,2010-04-03,2010
http://www.billboard.com/charts/hot-100/2010-09-11,9/11/2010,19,Right Above It,Lil Wayne Featuring Drake,Right Above ItLil Wayne Featuring Drake,1,6,6,2,2010-09-11,2010
http://www.billboard.com/charts/hot-100/2016-04-30,4/30/2016,19,Pop Style,Drake Featuring The Throne,Pop StyleDrake Featuring The Throne,1,16,16,2,2016-04-30,2016
http://www.billboard.com/charts/hot-100/2017-04-15,4/15/2017,21,Portland,Drake Featuring Quavo & Travis Scott,PortlandDrake Featuring Quavo & Travis Scott,1,9,9,2,2017-04-15,2017
http://www.billboard.com/charts/hot-100/2011-12-10,12/10/2011,25,Take Care,Drake Featuring Rihanna,Take CareDrake Featuring Rihanna,1,9,9,2,2011-12-10,2011
http://www.billboard.com/charts/hot-100/2016-02-27,2/27/2016,26,Summer Sixteen,Drake,Summer SixteenDrake,1,6,6,2,2016-02-27,2016
http://www.billboard.com/charts/hot-100/2014-06-21,6/21/2014,26,Believe Me,Lil Wayne Featuring Drake,Believe MeLil Wayne Featuring Drake,1,36,26,2,2014-06-21,2014
http://www.billboard.com/charts/hot-100/2016-11-19,11/19/2016,28,Sneakin',Drake Featuring 21 Savage,Sneakin'Drake Featuring 21 Savage,1,38,28,2,2016-11-19,2016
http://www.billboard.com/charts/hot-100/2015-08-29,8/29/2015,32,Back To Back,Drake,Back To BackDrake,1,21,21,2,2015-08-29,2015
http://www.billboard.com/charts/hot-100/2012-11-17,11/17/2012,92,Poetic Justice,Kendrick Lamar Featuring Drake,Poetic JusticeKendrick Lamar Featuring Drake,1,76,76,2,2012-11-17,2012
http://www.billboard.com/charts/hot-100/2012-07-14,7/14/2012,92,Amen,Meek Mill Featuring Drake,AmenMeek Mill Featuring Drake,1,86,86,2,2012-07-14,2012
http://www.billboard.com/charts/hot-100/2015-10-17,10/17/2015,92,30 For 30 Freestyle,Drake,30 For 30 FreestyleDrake,1,88,88,2,2015-10-17,2015
https://www.billboard.com/charts/hot-100/2018-07-21,7/21/2018,93,Peak,Drake,PeakDrake,1,38,38,2,2018-07-21,2018
http://www.billboard.com/charts/hot-100/2017-04-15,4/15/2017,97,Can't Have Everything,Drake,Can't Have EverythingDrake,1,82,82,2,2017-04-15,2017
http://www.billboard.com/charts/hot-100/2016-04-30,4/30/2016,98,Come And See Me,PARTYNEXTDOOR Featuring Drake,Come And See MePARTYNEXTDOOR Featuring Drake,1,97,97,2,2016-04-30,2016
https://www.billboard.com/charts/hot-100/2020-05-23,5/23/2020,99,Demons,Drake Featuring Fivio Foreign & Sosa Geek,DemonsDrake Featuring Fivio Foreign & Sosa Geek,1,34,34,2,2020-05-23,2020
https://www.billboard.com/charts/hot-100/2019-07-06,7/6/2019,99,Omerta,Drake,OmertaDrake,1,35,35,2,2019-07-06,2019
http://www.billboard.com/charts/hot-100/2017-04-15,4/15/2017,99,Nothings Into Somethings,Drake,Nothings Into SomethingsDrake,1,61,61,2,2017-04-15,2017
http://www.billboard.com/charts/hot-100/2016-05-07,5/7/2016,3,One Dance,Drake Featuring WizKid & Kyla,One DanceDrake Featuring WizKid & Kyla,1,13,3,3,2016-05-07,2016
http://www.billboard.com/charts/hot-100/2013-03-09,3/9/2013,6,Started From The Bottom,Drake,Started From The BottomDrake,1,10,6,3,2013-03-09,2013
https://www.billboard.com/charts/hot-100/2020-08-15,8/15/2020,18,Popstar,DJ Khaled Featuring Drake,PopstarDJ Khaled Featuring Drake,1,14,3,3,2020-08-15,2020
https://www.billboard.com/charts/hot-100/2018-07-28,7/28/2018,20,Nonstop,Drake,NonstopDrake,1,11,2,3,2018-07-28,2018
http://www.billboard.com/charts/hot-100/2010-04-10,4/10/2010,22,Over,Drake,OverDrake,1,17,17,3,2010-04-10,2010
http://www.billboard.com/charts/hot-100/2016-06-04,6/4/2016,22,Controlla,Drake,ControllaDrake,1,35,22,3,2016-06-04,2016
http://www.billboard.com/charts/hot-100/2017-04-22,4/22/2017,23,Passionfruit,Drake,PassionfruitDrake,1,10,8,3,2017-04-22,2017
http://www.billboard.com/charts/hot-100/2015-02-28,2/28/2015,85,Preach,Drake Featuring PARTYNEXTDOOR,PreachDrake Featuring PARTYNEXTDOOR,1,NA,85,1,2015-02-28,2015
https://www.billboard.com/charts/hot-100/2019-08-17,8/17/2019,85,Club Paradise,Drake,Club ParadiseDrake,1,NA,85,1,2019-08-17,2019
http://www.billboard.com/charts/hot-100/2012-07-07,7/7/2012,86,Amen,Meek Mill Featuring Drake,AmenMeek Mill Featuring Drake,1,NA,86,1,2012-07-07,2012
http://www.billboard.com/charts/hot-100/2015-10-10,10/10/2015,86,Scholarships,Drake & Future,ScholarshipsDrake & Future,1,NA,86,1,2015-10-10,2015
https://www.billboard.com/charts/hot-100/2021-05-15,5/15/2021,52,Solid,Young Thug & Gunna Featuring Drake,SolidYoung Thug & Gunna Featuring Drake,1,36,12,3,2021-05-15,2021
http://www.billboard.com/charts/hot-100/2017-01-21,1/21/2017,52,Both,Gucci Mane Featuring Drake,BothGucci Mane Featuring Drake,1,57,41,3,2017-01-21,2017
http://www.billboard.com/charts/hot-100/2015-10-24,10/24/2015,52,Big Rings,Drake & Future,Big RingsDrake & Future,1,52,52,3,2015-10-24,2015
http://www.billboard.com/charts/hot-100/2016-06-04,6/4/2016,55,Childs Play,Drake,Childs PlayDrake,1,66,49,3,2016-06-04,2016
http://www.billboard.com/charts/hot-100/2015-10-24,10/24/2015,55,Diamonds Dancing,Drake & Future,Diamonds DancingDrake & Future,1,53,53,3,2015-10-24,2015
https://www.billboard.com/charts/hot-100/2020-05-30,5/30/2020,56,Chicago Freestyle,Drake Featuring Giveon,Chicago FreestyleDrake Featuring Giveon,1,46,14,3,2020-05-30,2020
http://www.billboard.com/charts/hot-100/2015-10-17,10/17/2015,58,Right Hand,Drake,Right HandDrake,1,59,58,3,2015-10-17,2015
http://www.billboard.com/charts/hot-100/2014-08-23,8/23/2014,58,0 To 100 / The Catch Up,Drake,0 To 100 / The Catch UpDrake,1,62,58,3,2014-08-23,2014
http://www.billboard.com/charts/hot-100/2016-06-04,6/4/2016,60,9,Drake,9Drake,1,73,45,3,2016-06-04,2016
http://www.billboard.com/charts/hot-100/2009-06-06,6/6/2009,60,Best I Ever Had,Drake,Best I Ever HadDrake,1,70,60,3,2009-06-06,2009
https://www.billboard.com/charts/hot-100/2018-07-28,7/28/2018,61,Can't Take A Joke,Drake,Can't Take A JokeDrake,1,45,18,3,2018-07-28,2018
http://www.billboard.com/charts/hot-100/2010-02-06,2/6/2010,61,Say Something,Timbaland Featuring Drake,Say SomethingTimbaland Featuring Drake,1,82,61,3,2010-02-06,2010
http://www.billboard.com/charts/hot-100/2010-01-30,1/30/2010,82,Say Something,Timbaland Featuring Drake,Say SomethingTimbaland Featuring Drake,1,94,82,2,2010-01-30,2010
http://www.billboard.com/charts/hot-100/2014-02-22,2/22/2014,83,Odio,Romeo Santos Featuring Drake,OdioRomeo Santos Featuring Drake,1,45,45,2,2014-02-22,2014
https://www.billboard.com/charts/hot-100/2019-10-05,10/5/2019,83,Behind Barz,Drake,Behind BarzDrake,1,75,75,2,2019-10-05,2019
https://www.billboard.com/charts/hot-100/2020-05-23,5/23/2020,85,Desires,Drake Featuring Future,DesiresDrake Featuring Future,1,27,27,2,2020-05-23,2020
http://www.billboard.com/charts/hot-100/2017-04-15,4/15/2017,86,Do Not Disturb,Drake,Do Not DisturbDrake,1,60,60,2,2017-04-15,2017
http://www.billboard.com/charts/hot-100/2015-10-24,10/24/2015,86,Change Locations,Drake & Future,Change LocationsDrake & Future,1,82,82,2,2015-10-24,2015
http://www.billboard.com/charts/hot-100/2011-12-31,12/31/2011,86,Round Of Applause,Waka Flocka Flame Featuring Drake,Round Of ApplauseWaka Flocka Flame Featuring Drake,1,97,86,2,2011-12-31,2011
http://www.billboard.com/charts/hot-100/2013-10-19,10/19/2013,87,Pound Cake / Paris Morton Music 2,Drake Featuring Jay Z,Pound Cake / Paris Morton Music 2Drake Featuring Jay Z,1,65,65,2,2013-10-19,2013
http://www.billboard.com/charts/hot-100/2015-10-24,10/24/2015,87,Plastic Bag,Drake & Future,Plastic BagDrake & Future,1,78,78,2,2015-10-24,2015
http://www.billboard.com/charts/hot-100/2012-04-14,4/14/2012,88,Crew Love,Drake Featuring The Weeknd,Crew LoveDrake Featuring The Weeknd,1,100,88,2,2012-04-14,2012
http://www.billboard.com/charts/hot-100/2012-08-04,8/4/2012,90,Pop That,"French Montana Featuring Rick Ross, Drake, Lil Wayne","Pop ThatFrench Montana Featuring Rick Ross, Drake, Lil Wayne",1,90,90,2,2012-08-04,2012
http://www.billboard.com/charts/hot-100/2015-08-29,8/29/2015,90,100,The Game Featuring Drake,100The Game Featuring Drake,1,90,90,2,2015-08-29,2015
http://www.billboard.com/charts/hot-100/2017-04-22,4/22/2017,78,Blem,Drake,BlemDrake,1,48,38,3,2017-04-22,2017
https://www.billboard.com/charts/hot-100/2018-07-28,7/28/2018,80,Blue Tint,Drake,Blue TintDrake,1,55,30,3,2018-07-28,2018
https://www.billboard.com/charts/hot-100/2018-07-28,7/28/2018,82,After Dark,Drake Featuring Static Major & Ty Dolla $ign,After DarkDrake Featuring Static Major & Ty Dolla $ign,1,56,41,3,2018-07-28,2018
https://www.billboard.com/charts/hot-100/2018-02-17,2/17/2018,83,Diplomatic Immunity,Drake,Diplomatic ImmunityDrake,1,55,7,3,2018-02-17,2018
http://www.billboard.com/charts/hot-100/2017-07-29,7/29/2017,83,Signs,Drake,SignsDrake,1,54,36,3,2017-07-29,2017
https://www.billboard.com/charts/hot-100/2020-05-30,5/30/2020,86,Pain 1993,Drake Featuring Playboi Carti,Pain 1993Drake Featuring Playboi Carti,1,51,7,3,2020-05-30,2020
http://www.billboard.com/charts/hot-100/2012-08-11,8/11/2012,86,Pop That,"French Montana Featuring Rick Ross, Drake, Lil Wayne","Pop ThatFrench Montana Featuring Rick Ross, Drake, Lil Wayne",1,90,86,3,2012-08-11,2012
http://www.billboard.com/charts/hot-100/2017-04-22,4/22/2017,89,Sacrifices,Drake Featuring 2 Chainz & Young Thug,SacrificesDrake Featuring 2 Chainz & Young Thug,1,56,36,3,2017-04-22,2017
http://www.billboard.com/charts/hot-100/2014-03-01,3/1/2014,91,Odio,Romeo Santos Featuring Drake,OdioRomeo Santos Featuring Drake,1,83,45,3,2014-03-01,2014
http://www.billboard.com/charts/hot-100/2013-10-26,10/26/2013,92,Pound Cake / Paris Morton Music 2,Drake Featuring Jay Z,Pound Cake / Paris Morton Music 2Drake Featuring Jay Z,1,87,65,3,2013-10-26,2013
http://www.billboard.com/charts/hot-100/2012-04-21,4/21/2012,93,Crew Love,Drake Featuring The Weeknd,Crew LoveDrake Featuring The Weeknd,1,88,88,3,2012-04-21,2012
http://www.billboard.com/charts/hot-100/2012-11-24,11/24/2012,94,Poetic Justice,Kendrick Lamar Featuring Drake,Poetic JusticeKendrick Lamar Featuring Drake,1,92,76,3,2012-11-24,2012
http://www.billboard.com/charts/hot-100/2012-07-21,7/21/2012,94,Amen,Meek Mill Featuring Drake,AmenMeek Mill Featuring Drake,1,92,86,3,2012-07-21,2012
http://www.billboard.com/charts/hot-100/2015-10-31,10/31/2015,96,Change Locations,Drake & Future,Change LocationsDrake & Future,1,86,82,3,2015-10-31,2015
https://www.billboard.com/charts/hot-100/2018-07-28,7/28/2018,98,8 Out Of 10,Drake,8 Out Of 10Drake,1,59,21,3,2018-07-28,2018
http://www.billboard.com/charts/hot-100/2015-09-05,9/5/2015,98,100,The Game Featuring Drake,100The Game Featuring Drake,1,90,90,3,2015-09-05,2015
http://www.billboard.com/charts/hot-100/2016-05-14,5/14/2016,2,One Dance,Drake Featuring WizKid & Kyla,One DanceDrake Featuring WizKid & Kyla,1,3,2,4,2016-05-14,2016
http://www.billboard.com/charts/hot-100/2013-03-16,3/16/2013,6,Started From The Bottom,Drake,Started From The BottomDrake,1,6,6,4,2013-03-16,2013
http://www.billboard.com/charts/hot-100/2015-03-07,3/7/2015,81,No Tellin',Drake,No Tellin'Drake,1,NA,81,1,2015-03-07,2015
http://www.billboard.com/charts/hot-100/2011-01-01,1/1/2011,82,Moment 4 Life,Nicki Minaj Featuring Drake,Moment 4 LifeNicki Minaj Featuring Drake,1,NA,82,1,2011-01-01,2011
http://www.billboard.com/charts/hot-100/2015-10-10,10/10/2015,85,Live From The Gutter,Drake & Future,Live From The GutterDrake & Future,1,NA,85,1,2015-10-10,2015
http://www.billboard.com/charts/hot-100/2015-02-28,2/28/2015,86,Legend,Drake,LegendDrake,1,NA,86,1,2015-02-28,2015
https://www.billboard.com/charts/hot-100/2019-03-09,3/9/2019,87,Girls Need Love,Summer Walker X Drake,Girls Need LoveSummer Walker X Drake,1,NA,87,1,2019-03-09,2019
http://www.billboard.com/charts/hot-100/2015-10-10,10/10/2015,89,I'm The Plug,Drake & Future,I'm The PlugDrake & Future,1,NA,89,1,2015-10-10,2015
http://www.billboard.com/charts/hot-100/2016-08-06,8/6/2016,89,No Shopping,French Montana Featuring Drake,No ShoppingFrench Montana Featuring Drake,1,NA,89,1,2016-08-06,2016
http://www.billboard.com/charts/hot-100/2009-11-07,11/7/2009,90,I Invented Sex,Trey Songz Featuring Drake,I Invented SexTrey Songz Featuring Drake,1,NA,90,1,2009-11-07,2009
http://www.billboard.com/charts/hot-100/2010-10-09,10/9/2010,91,Loving You No More,Diddy - Dirty Money Featuring Drake,Loving You No MoreDiddy - Dirty Money Featuring Drake,1,NA,91,1,2010-10-09,2010
http://www.billboard.com/charts/hot-100/2011-12-03,12/3/2011,92,HYFR (Hell Ya F*****g Right),Drake Featuring Lil Wayne,HYFR (Hell Ya F*****g Right)Drake Featuring Lil Wayne,1,NA,92,1,2011-12-03,2011
http://www.billboard.com/charts/hot-100/2013-09-28,9/28/2013,94,I Do It,2 Chainz Featuring Drake & Lil Wayne,I Do It2 Chainz Featuring Drake & Lil Wayne,1,NA,94,1,2013-09-28,2013
http://www.billboard.com/charts/hot-100/2016-06-18,6/18/2016,1,One Dance,Drake Featuring WizKid & Kyla,One DanceDrake Featuring WizKid & Kyla,1,1,1,9,2016-06-18,2016
http://www.billboard.com/charts/hot-100/2009-07-18,7/18/2009,3,Best I Ever Had,Drake,Best I Ever HadDrake,1,3,3,9,2009-07-18,2009
http://www.billboard.com/charts/hot-100/2013-04-20,4/20/2013,9,Started From The Bottom,Drake,Started From The BottomDrake,1,8,6,9,2013-04-20,2013
https://www.billboard.com/charts/hot-100/2020-09-26,9/26/2020,12,Popstar,DJ Khaled Featuring Drake,PopstarDJ Khaled Featuring Drake,1,10,3,9,2020-09-26,2020
http://www.billboard.com/charts/hot-100/2015-01-10,1/10/2015,15,Only,"Nicki Minaj Featuring Drake, Lil Wayne & Chris Brown","OnlyNicki Minaj Featuring Drake, Lil Wayne & Chris Brown",1,15,12,9,2015-01-10,2015
https://www.billboard.com/charts/hot-100/2018-09-08,9/8/2018,17,Nonstop,Drake,NonstopDrake,1,18,2,9,2018-09-08,2018
http://www.billboard.com/charts/hot-100/2010-05-22,5/22/2010,17,Over,Drake,OverDrake,1,14,14,9,2010-05-22,2010
http://www.billboard.com/charts/hot-100/2011-10-29,10/29/2011,19,She Will,Lil Wayne Featuring Drake,She WillLil Wayne Featuring Drake,1,22,3,9,2011-10-29,2011
http://www.billboard.com/charts/hot-100/2016-07-16,7/16/2016,19,Controlla,Drake,ControllaDrake,1,20,19,9,2016-07-16,2016
http://www.billboard.com/charts/hot-100/2010-10-30,10/30/2010,20,Right Above It,Lil Wayne Featuring Drake,Right Above ItLil Wayne Featuring Drake,1,26,6,9,2010-10-30,2010
http://www.billboard.com/charts/hot-100/2017-06-03,6/3/2017,21,Passionfruit,Drake,PassionfruitDrake,1,19,8,9,2017-06-03,2017
http://www.billboard.com/charts/hot-100/2010-03-20,3/20/2010,27,Say Something,Timbaland Featuring Drake,Say SomethingTimbaland Featuring Drake,1,26,26,9,2010-03-20,2010
http://www.billboard.com/charts/hot-100/2015-04-18,4/18/2015,30,Blessings,Big Sean Featuring Drake,BlessingsBig Sean Featuring Drake,1,30,30,9,2015-04-18,2015
http://www.billboard.com/charts/hot-100/2016-06-18,6/18/2016,35,Pop Style,Drake Featuring The Throne,Pop StyleDrake Featuring The Throne,1,28,16,9,2016-06-18,2016
http://www.billboard.com/charts/hot-100/2014-10-04,10/4/2014,35,0 To 100 / The Catch Up,Drake,0 To 100 / The Catch UpDrake,1,35,35,9,2014-10-04,2014
http://www.billboard.com/charts/hot-100/2016-04-16,4/16/2016,36,Summer Sixteen,Drake,Summer SixteenDrake,1,33,6,9,2016-04-16,2016
http://www.billboard.com/charts/hot-100/2015-10-17,10/17/2015,36,Back To Back,Drake,Back To BackDrake,1,34,21,9,2015-10-17,2015
http://www.billboard.com/charts/hot-100/2014-08-09,8/9/2014,37,Believe Me,Lil Wayne Featuring Drake,Believe MeLil Wayne Featuring Drake,1,37,26,9,2014-08-09,2014
http://www.billboard.com/charts/hot-100/2012-01-28,1/28/2012,39,Take Care,Drake Featuring Rihanna,Take CareDrake Featuring Rihanna,1,46,9,9,2012-01-28,2012
http://www.billboard.com/charts/hot-100/2012-09-22,9/22/2012,44,Pop That,"French Montana Featuring Rick Ross, Drake, Lil Wayne","Pop ThatFrench Montana Featuring Rick Ross, Drake, Lil Wayne",1,42,42,9,2012-09-22,2012
http://www.billboard.com/charts/hot-100/2013-12-07,12/7/2013,46,All Me,Drake Featuring 2 Chainz & Big Sean,All MeDrake Featuring 2 Chainz & Big Sean,1,45,20,9,2013-12-07,2013
http://www.billboard.com/charts/hot-100/2009-09-26,9/26/2009,48,Successful,Drake Featuring Trey Songz & Lil Wayne,SuccessfulDrake Featuring Trey Songz & Lil Wayne,1,53,48,9,2009-09-26,2009
http://www.billboard.com/charts/hot-100/2017-03-04,3/4/2017,49,Both,Gucci Mane Featuring Drake,BothGucci Mane Featuring Drake,1,53,41,9,2017-03-04,2017
http://www.billboard.com/charts/hot-100/2017-06-03,6/3/2017,58,Portland,Drake Featuring Quavo & Travis Scott,PortlandDrake Featuring Quavo & Travis Scott,1,55,9,9,2017-06-03,2017
http://www.billboard.com/charts/hot-100/2012-09-01,9/1/2012,60,Amen,Meek Mill Featuring Drake,AmenMeek Mill Featuring Drake,1,57,57,9,2012-09-01,2012
https://www.billboard.com/charts/hot-100/2020-07-11,7/11/2020,62,Chicago Freestyle,Drake Featuring Giveon,Chicago FreestyleDrake Featuring Giveon,1,64,14,9,2020-07-11,2020
http://www.billboard.com/charts/hot-100/2017-01-07,1/7/2017,69,Sneakin',Drake Featuring 21 Savage,Sneakin'Drake Featuring 21 Savage,1,72,28,9,2017-01-07,2017
http://www.billboard.com/charts/hot-100/2015-03-07,3/7/2015,68,Blessings,Big Sean Featuring Drake,BlessingsBig Sean Featuring Drake,1,53,53,3,2015-03-07,2015
http://www.billboard.com/charts/hot-100/2015-10-24,10/24/2015,71,Digital Dash,Drake & Future,Digital DashDrake & Future,1,62,62,3,2015-10-24,2015
http://www.billboard.com/charts/hot-100/2015-10-24,10/24/2015,72,Scholarships,Drake & Future,ScholarshipsDrake & Future,1,69,69,3,2015-10-24,2015
http://www.billboard.com/charts/hot-100/2015-03-14,3/14/2015,73,10 Bands,Drake,10 BandsDrake,1,58,58,3,2015-03-14,2015
https://www.billboard.com/charts/hot-100/2020-04-04,4/4/2020,75,Oprah's Bank Account,"Lil Yachty, Drake & DaBaby","Oprah's Bank AccountLil Yachty, Drake & DaBaby",1,55,55,3,2020-04-04,2020
http://www.billboard.com/charts/hot-100/2009-08-15,8/15/2009,75,Successful,Drake Featuring Trey Songz & Lil Wayne,SuccessfulDrake Featuring Trey Songz & Lil Wayne,1,80,75,3,2009-08-15,2009
http://www.billboard.com/charts/hot-100/2015-10-24,10/24/2015,65,Right Hand,Drake,Right HandDrake,1,58,58,4,2015-10-24,2015
http://www.billboard.com/charts/hot-100/2009-08-22,8/22/2009,65,Successful,Drake Featuring Trey Songz & Lil Wayne,SuccessfulDrake Featuring Trey Songz & Lil Wayne,1,75,65,4,2009-08-22,2009
http://www.billboard.com/charts/hot-100/2015-10-31,10/31/2015,66,Diamonds Dancing,Drake & Future,Diamonds DancingDrake & Future,1,55,53,4,2015-10-31,2015
http://www.billboard.com/charts/hot-100/2016-06-11,6/11/2016,72,9,Drake,9Drake,1,60,45,4,2016-06-11,2016
https://www.billboard.com/charts/hot-100/2020-04-11,4/11/2020,74,Oprah's Bank Account,"Lil Yachty, Drake & DaBaby","Oprah's Bank AccountLil Yachty, Drake & DaBaby",1,75,55,4,2020-04-11,2020
http://www.billboard.com/charts/hot-100/2015-03-21,3/21/2015,75,10 Bands,Drake,10 BandsDrake,1,73,58,4,2015-03-21,2015
http://www.billboard.com/charts/hot-100/2012-07-28,7/28/2012,77,Amen,Meek Mill Featuring Drake,AmenMeek Mill Featuring Drake,1,94,77,4,2012-07-28,2012
http://www.billboard.com/charts/hot-100/2014-03-08,3/8/2014,78,Odio,Romeo Santos Featuring Drake,OdioRomeo Santos Featuring Drake,1,91,45,4,2014-03-08,2014
http://www.billboard.com/charts/hot-100/2012-08-18,8/18/2012,78,Pop That,"French Montana Featuring Rick Ross, Drake, Lil Wayne","Pop ThatFrench Montana Featuring Rick Ross, Drake, Lil Wayne",1,86,78,4,2012-08-18,2012
http://www.billboard.com/charts/hot-100/2015-10-31,10/31/2015,79,Digital Dash,Drake & Future,Digital DashDrake & Future,1,71,62,4,2015-10-31,2015
http://www.billboard.com/charts/hot-100/2015-10-31,10/31/2015,80,Scholarships,Drake & Future,ScholarshipsDrake & Future,1,72,69,4,2015-10-31,2015
http://www.billboard.com/charts/hot-100/2017-04-29,4/29/2017,84,Blem,Drake,BlemDrake,1,78,38,4,2017-04-29,2017
http://www.billboard.com/charts/hot-100/2013-11-02,11/2/2013,86,Pound Cake / Paris Morton Music 2,Drake Featuring Jay Z,Pound Cake / Paris Morton Music 2Drake Featuring Jay Z,1,92,65,4,2013-11-02,2013
http://www.billboard.com/charts/hot-100/2017-08-05,8/5/2017,88,Signs,Drake,SignsDrake,1,83,36,4,2017-08-05,2017
http://www.billboard.com/charts/hot-100/2012-04-28,4/28/2012,93,Crew Love,Drake Featuring The Weeknd,Crew LoveDrake Featuring The Weeknd,1,93,88,4,2012-04-28,2012
http://www.billboard.com/charts/hot-100/2015-09-12,9/12/2015,93,100,The Game Featuring Drake,100The Game Featuring Drake,1,98,90,4,2015-09-12,2015
http://www.billboard.com/charts/hot-100/2012-12-01,12/1/2012,94,Poetic Justice,Kendrick Lamar Featuring Drake,Poetic JusticeKendrick Lamar Featuring Drake,1,94,76,4,2012-12-01,2012
http://www.billboard.com/charts/hot-100/2012-01-14,1/14/2012,23,The Motto,Drake Featuring Lil Wayne,The MottoDrake Featuring Lil Wayne,1,21,18,7,2012-01-14,2012
http://www.billboard.com/charts/hot-100/2012-01-21,1/21/2012,19,The Motto,Drake Featuring Lil Wayne,The MottoDrake Featuring Lil Wayne,1,23,18,8,2012-01-21,2012
http://www.billboard.com/charts/hot-100/2012-01-28,1/28/2012,20,The Motto,Drake Featuring Lil Wayne,The MottoDrake Featuring Lil Wayne,1,19,18,9,2012-01-28,2012
http://www.billboard.com/charts/hot-100/2012-02-04,2/4/2012,21,The Motto,Drake Featuring Lil Wayne,The MottoDrake Featuring Lil Wayne,1,20,18,10,2012-02-04,2012
http://www.billboard.com/charts/hot-100/2012-02-11,2/11/2012,16,The Motto,Drake Featuring Lil Wayne,The MottoDrake Featuring Lil Wayne,1,21,16,11,2012-02-11,2012
http://www.billboard.com/charts/hot-100/2012-02-18,2/18/2012,16,The Motto,Drake Featuring Lil Wayne,The MottoDrake Featuring Lil Wayne,1,16,16,12,2012-02-18,2012
http://www.billboard.com/charts/hot-100/2012-02-25,2/25/2012,19,The Motto,Drake Featuring Lil Wayne,The MottoDrake Featuring Lil Wayne,1,16,16,13,2012-02-25,2012
http://www.billboard.com/charts/hot-100/2012-03-03,3/3/2012,19,The Motto,Drake Featuring Lil Wayne,The MottoDrake Featuring Lil Wayne,1,19,16,14,2012-03-03,2012
http://www.billboard.com/charts/hot-100/2012-03-10,3/10/2012,17,The Motto,Drake Featuring Lil Wayne,The MottoDrake Featuring Lil Wayne,1,19,16,15,2012-03-10,2012
http://www.billboard.com/charts/hot-100/2012-03-17,3/17/2012,15,The Motto,Drake Featuring Lil Wayne,The MottoDrake Featuring Lil Wayne,1,17,15,16,2012-03-17,2012
http://www.billboard.com/charts/hot-100/2012-03-24,3/24/2012,19,The Motto,Drake Featuring Lil Wayne,The MottoDrake Featuring Lil Wayne,1,15,15,17,2012-03-24,2012
http://www.billboard.com/charts/hot-100/2012-03-31,3/31/2012,21,The Motto,Drake Featuring Lil Wayne,The MottoDrake Featuring Lil Wayne,1,19,15,18,2012-03-31,2012
http://www.billboard.com/charts/hot-100/2012-04-07,4/7/2012,17,The Motto,Drake Featuring Lil Wayne,The MottoDrake Featuring Lil Wayne,1,21,15,19,2012-04-07,2012
http://www.billboard.com/charts/hot-100/2012-04-14,4/14/2012,17,The Motto,Drake Featuring Lil Wayne,The MottoDrake Featuring Lil Wayne,1,17,15,20,2012-04-14,2012
http://www.billboard.com/charts/hot-100/2012-04-21,4/21/2012,16,The Motto,Drake Featuring Lil Wayne,The MottoDrake Featuring Lil Wayne,1,17,15,21,2012-04-21,2012
http://www.billboard.com/charts/hot-100/2012-04-28,4/28/2012,14,The Motto,Drake Featuring Lil Wayne,The MottoDrake Featuring Lil Wayne,1,16,14,22,2012-04-28,2012
http://www.billboard.com/charts/hot-100/2012-05-05,5/5/2012,15,The Motto,Drake Featuring Lil Wayne,The MottoDrake Featuring Lil Wayne,1,14,14,23,2012-05-05,2012
http://www.billboard.com/charts/hot-100/2012-05-12,5/12/2012,15,The Motto,Drake Featuring Lil Wayne,The MottoDrake Featuring Lil Wayne,1,15,14,24,2012-05-12,2012
http://www.billboard.com/charts/hot-100/2012-05-19,5/19/2012,15,The Motto,Drake Featuring Lil Wayne,The MottoDrake Featuring Lil Wayne,1,15,14,25,2012-05-19,2012
http://www.billboard.com/charts/hot-100/2012-05-26,5/26/2012,15,The Motto,Drake Featuring Lil Wayne,The MottoDrake Featuring Lil Wayne,1,15,14,26,2012-05-26,2012
http://www.billboard.com/charts/hot-100/2012-06-02,6/2/2012,18,The Motto,Drake Featuring Lil Wayne,The MottoDrake Featuring Lil Wayne,1,15,14,27,2012-06-02,2012
http://www.billboard.com/charts/hot-100/2012-06-09,6/9/2012,23,The Motto,Drake Featuring Lil Wayne,The MottoDrake Featuring Lil Wayne,1,18,14,28,2012-06-09,2012
http://www.billboard.com/charts/hot-100/2012-06-16,6/16/2012,25,The Motto,Drake Featuring Lil Wayne,The MottoDrake Featuring Lil Wayne,1,23,14,29,2012-06-16,2012
http://www.billboard.com/charts/hot-100/2012-06-23,6/23/2012,24,The Motto,Drake Featuring Lil Wayne,The MottoDrake Featuring Lil Wayne,1,25,14,30,2012-06-23,2012
http://www.billboard.com/charts/hot-100/2012-06-30,6/30/2012,27,The Motto,Drake Featuring Lil Wayne,The MottoDrake Featuring Lil Wayne,1,24,14,31,2012-06-30,2012
http://www.billboard.com/charts/hot-100/2012-07-07,7/7/2012,30,The Motto,Drake Featuring Lil Wayne,The MottoDrake Featuring Lil Wayne,1,27,14,32,2012-07-07,2012
http://www.billboard.com/charts/hot-100/2012-07-14,7/14/2012,36,The Motto,Drake Featuring Lil Wayne,The MottoDrake Featuring Lil Wayne,1,30,14,33,2012-07-14,2012
http://www.billboard.com/charts/hot-100/2012-07-21,7/21/2012,42,The Motto,Drake Featuring Lil Wayne,The MottoDrake Featuring Lil Wayne,1,36,14,34,2012-07-21,2012
http://www.billboard.com/charts/hot-100/2012-07-28,7/28/2012,47,The Motto,Drake Featuring Lil Wayne,The MottoDrake Featuring Lil Wayne,1,42,14,35,2012-07-28,2012
http://www.billboard.com/charts/hot-100/2009-08-08,8/8/2009,63,The One,Mary J. Blige Featuring Drake,The OneMary J. Blige Featuring Drake,1,NA,63,1,2009-08-08,2009
http://www.billboard.com/charts/hot-100/2009-08-15,8/15/2009,84,The One,Mary J. Blige Featuring Drake,The OneMary J. Blige Featuring Drake,1,63,63,2,2009-08-15,2009
http://www.billboard.com/charts/hot-100/2009-08-22,8/22/2009,95,The One,Mary J. Blige Featuring Drake,The OneMary J. Blige Featuring Drake,1,84,63,3,2009-08-22,2009
http://www.billboard.com/charts/hot-100/2009-08-29,8/29/2009,89,The One,Mary J. Blige Featuring Drake,The OneMary J. Blige Featuring Drake,1,95,63,4,2009-08-29,2009
http://www.billboard.com/charts/hot-100/2009-09-05,9/5/2009,82,The One,Mary J. Blige Featuring Drake,The OneMary J. Blige Featuring Drake,1,89,63,5,2009-09-05,2009
http://www.billboard.com/charts/hot-100/2009-09-12,9/12/2009,84,The One,Mary J. Blige Featuring Drake,The OneMary J. Blige Featuring Drake,1,82,63,6,2009-09-12,2009
http://www.billboard.com/charts/hot-100/2009-09-19,9/19/2009,74,The One,Mary J. Blige Featuring Drake,The OneMary J. Blige Featuring Drake,1,84,63,7,2009-09-19,2009
http://www.billboard.com/charts/hot-100/2009-09-26,9/26/2009,70,The One,Mary J. Blige Featuring Drake,The OneMary J. Blige Featuring Drake,1,74,63,8,2009-09-26,2009
http://www.billboard.com/charts/hot-100/2009-10-03,10/3/2009,73,The One,Mary J. Blige Featuring Drake,The OneMary J. Blige Featuring Drake,1,70,63,9,2009-10-03,2009
http://www.billboard.com/charts/hot-100/2009-10-10,10/10/2009,90,The One,Mary J. Blige Featuring Drake,The OneMary J. Blige Featuring Drake,1,73,63,10,2009-10-10,2009
http://www.billboard.com/charts/hot-100/2017-06-24,6/24/2017,53,To The Max,DJ Khaled Featuring Drake,To The MaxDJ Khaled Featuring Drake,1,NA,53,1,2017-06-24,2017
http://www.billboard.com/charts/hot-100/2017-07-01,7/1/2017,53,To The Max,DJ Khaled Featuring Drake,To The MaxDJ Khaled Featuring Drake,1,53,53,2,2017-07-01,2017
http://www.billboard.com/charts/hot-100/2017-07-08,7/8/2017,78,To The Max,DJ Khaled Featuring Drake,To The MaxDJ Khaled Featuring Drake,1,53,53,3,2017-07-08,2017
http://www.billboard.com/charts/hot-100/2017-07-15,7/15/2017,73,To The Max,DJ Khaled Featuring Drake,To The MaxDJ Khaled Featuring Drake,1,78,53,4,2017-07-15,2017
http://www.billboard.com/charts/hot-100/2014-08-16,8/16/2014,62,0 To 100 / The Catch Up,Drake,0 To 100 / The Catch UpDrake,1,63,62,2,2014-08-16,2014
http://www.billboard.com/charts/hot-100/2015-10-17,10/17/2015,62,Digital Dash,Drake & Future,Digital DashDrake & Future,1,81,62,2,2015-10-17,2015
https://www.billboard.com/charts/hot-100/2018-07-21,7/21/2018,63,Sandra's Rose,Drake,Sandra's RoseDrake,1,27,27,2,2018-07-21,2018
https://www.billboard.com/charts/hot-100/2018-07-21,7/21/2018,64,Summer Games,Drake,Summer GamesDrake,1,28,28,2,2018-07-21,2018
http://www.billboard.com/charts/hot-100/2016-05-28,5/28/2016,66,Childs Play,Drake,Childs PlayDrake,1,49,49,2,2016-05-28,2016
https://www.billboard.com/charts/hot-100/2018-07-21,7/21/2018,69,Survival,Drake,SurvivalDrake,1,17,17,2,2018-07-21,2018
http://www.billboard.com/charts/hot-100/2015-10-17,10/17/2015,69,Scholarships,Drake & Future,ScholarshipsDrake & Future,1,86,69,2,2015-10-17,2015
http://www.billboard.com/charts/hot-100/2009-05-30,5/30/2009,70,Best I Ever Had,Drake,Best I Ever HadDrake,1,92,70,2,2009-05-30,2009
http://www.billboard.com/charts/hot-100/2016-05-28,5/28/2016,73,9,Drake,9Drake,1,45,45,2,2016-05-28,2016
http://www.billboard.com/charts/hot-100/2015-11-07,11/7/2015,57,Big Rings,Drake & Future,Big RingsDrake & Future,1,54,52,5,2015-11-07,2015
http://www.billboard.com/charts/hot-100/2011-12-31,12/31/2011,58,Take Care,Drake Featuring Rihanna,Take CareDrake Featuring Rihanna,1,61,9,5,2011-12-31,2011
https://www.billboard.com/charts/hot-100/2020-06-13,6/13/2020,59,Chicago Freestyle,Drake Featuring Giveon,Chicago FreestyleDrake Featuring Giveon,1,58,14,5,2020-06-13,2020
http://www.billboard.com/charts/hot-100/2017-05-06,5/6/2017,60,Portland,Drake Featuring Quavo & Travis Scott,PortlandDrake Featuring Quavo & Travis Scott,1,41,9,5,2017-05-06,2017
http://www.billboard.com/charts/hot-100/2016-06-18,6/18/2016,60,Childs Play,Drake,Childs PlayDrake,1,57,49,5,2016-06-18,2016
http://www.billboard.com/charts/hot-100/2016-06-18,6/18/2016,61,Still Here,Drake,Still HereDrake,1,55,40,5,2016-06-18,2016
http://www.billboard.com/charts/hot-100/2009-08-29,8/29/2009,62,Successful,Drake Featuring Trey Songz & Lil Wayne,SuccessfulDrake Featuring Trey Songz & Lil Wayne,1,65,62,5,2009-08-29,2009
http://www.billboard.com/charts/hot-100/2012-08-04,8/4/2012,64,Amen,Meek Mill Featuring Drake,AmenMeek Mill Featuring Drake,1,77,64,5,2012-08-04,2012
http://www.billboard.com/charts/hot-100/2015-11-07,11/7/2015,66,Diamonds Dancing,Drake & Future,Diamonds DancingDrake & Future,1,66,53,5,2015-11-07,2015
http://www.billboard.com/charts/hot-100/2012-08-25,8/25/2012,70,Pop That,"French Montana Featuring Rick Ross, Drake, Lil Wayne","Pop ThatFrench Montana Featuring Rick Ross, Drake, Lil Wayne",1,78,70,5,2012-08-25,2012
http://www.billboard.com/charts/hot-100/2014-03-15,3/15/2014,72,Odio,Romeo Santos Featuring Drake,OdioRomeo Santos Featuring Drake,1,78,45,5,2014-03-15,2014
http://www.billboard.com/charts/hot-100/2015-10-31,10/31/2015,72,Right Hand,Drake,Right HandDrake,1,65,58,5,2015-10-31,2015
https://www.billboard.com/charts/hot-100/2021-05-29,5/29/2021,76,Solid,Young Thug & Gunna Featuring Drake,SolidYoung Thug & Gunna Featuring Drake,1,57,12,5,2021-05-29,2021
http://www.billboard.com/charts/hot-100/2015-11-07,11/7/2015,77,Digital Dash,Drake & Future,Digital DashDrake & Future,1,79,62,5,2015-11-07,2015
http://www.billboard.com/charts/hot-100/2015-03-28,3/28/2015,78,10 Bands,Drake,10 BandsDrake,1,75,58,5,2015-03-28,2015
https://www.billboard.com/charts/hot-100/2020-04-18,4/18/2020,80,Oprah's Bank Account,"Lil Yachty, Drake & DaBaby","Oprah's Bank AccountLil Yachty, Drake & DaBaby",1,74,55,5,2020-04-18,2020
http://www.billboard.com/charts/hot-100/2015-11-07,11/7/2015,82,Scholarships,Drake & Future,ScholarshipsDrake & Future,1,80,69,5,2015-11-07,2015
http://www.billboard.com/charts/hot-100/2016-06-18,6/18/2016,87,9,Drake,9Drake,1,72,45,5,2016-06-18,2016
http://www.billboard.com/charts/hot-100/2016-05-07,5/7/2016,25,Pop Style,Drake Featuring The Throne,Pop StyleDrake Featuring The Throne,1,19,16,3,2016-05-07,2016
http://www.billboard.com/charts/hot-100/2010-09-18,9/18/2010,26,Right Above It,Lil Wayne Featuring Drake,Right Above ItLil Wayne Featuring Drake,1,19,6,3,2010-09-18,2010
http://www.billboard.com/charts/hot-100/2014-11-29,11/29/2014,27,Only,"Nicki Minaj Featuring Drake, Lil Wayne & Chris Brown","OnlyNicki Minaj Featuring Drake, Lil Wayne & Chris Brown",1,43,27,3,2014-11-29,2014
http://www.billboard.com/charts/hot-100/2016-03-05,3/5/2016,31,Summer Sixteen,Drake,Summer SixteenDrake,1,26,6,3,2016-03-05,2016
http://www.billboard.com/charts/hot-100/2014-06-28,6/28/2014,34,Believe Me,Lil Wayne Featuring Drake,Believe MeLil Wayne Featuring Drake,1,26,26,3,2014-06-28,2014
http://www.billboard.com/charts/hot-100/2015-09-05,9/5/2015,35,Back To Back,Drake,Back To BackDrake,1,32,21,3,2015-09-05,2015
http://www.billboard.com/charts/hot-100/2017-04-22,4/22/2017,36,Portland,Drake Featuring Quavo & Travis Scott,PortlandDrake Featuring Quavo & Travis Scott,1,21,9,3,2017-04-22,2017
http://www.billboard.com/charts/hot-100/2011-09-17,9/17/2011,40,She Will,Lil Wayne Featuring Drake,She WillLil Wayne Featuring Drake,1,17,3,3,2011-09-17,2011
http://www.billboard.com/charts/hot-100/2013-10-26,10/26/2013,41,All Me,Drake Featuring 2 Chainz & Big Sean,All MeDrake Featuring 2 Chainz & Big Sean,1,40,20,3,2013-10-26,2013
http://www.billboard.com/charts/hot-100/2016-11-26,11/26/2016,43,Sneakin',Drake Featuring 21 Savage,Sneakin'Drake Featuring 21 Savage,1,28,28,3,2016-11-26,2016
http://www.billboard.com/charts/hot-100/2015-08-01,8/1/2015,45,R.I.C.O.,Meek Mill Featuring Drake,R.I.C.O.Meek Mill Featuring Drake,1,43,43,3,2015-08-01,2015
http://www.billboard.com/charts/hot-100/2016-06-04,6/4/2016,47,Still Here,Drake,Still HereDrake,1,56,40,3,2016-06-04,2016
http://www.billboard.com/charts/hot-100/2011-12-17,12/17/2011,49,Take Care,Drake Featuring Rihanna,Take CareDrake Featuring Rihanna,1,25,9,3,2011-12-17,2011
http://www.billboard.com/charts/hot-100/2017-05-13,5/13/2017,18,Passionfruit,Drake,PassionfruitDrake,1,27,8,6,2017-05-13,2017
http://www.billboard.com/charts/hot-100/2010-05-01,5/1/2010,20,Over,Drake,OverDrake,1,22,17,6,2010-05-01,2010
https://www.billboard.com/charts/hot-100/2020-09-05,9/5/2020,21,Popstar,DJ Khaled Featuring Drake,PopstarDJ Khaled Featuring Drake,1,21,3,6,2020-09-05,2020
http://www.billboard.com/charts/hot-100/2016-05-28,5/28/2016,23,Pop Style,Drake Featuring The Throne,Pop StyleDrake Featuring The Throne,1,21,16,6,2016-05-28,2016
http://www.billboard.com/charts/hot-100/2016-06-25,6/25/2016,24,Controlla,Drake,ControllaDrake,1,25,21,6,2016-06-25,2016
http://www.billboard.com/charts/hot-100/2009-06-27,6/27/2009,27,Best I Ever Had,Drake,Best I Ever HadDrake,1,36,18,6,2009-06-27,2009
http://www.billboard.com/charts/hot-100/2011-10-08,10/8/2011,28,She Will,Lil Wayne Featuring Drake,She WillLil Wayne Featuring Drake,1,26,3,6,2011-10-08,2011
https://www.billboard.com/charts/hot-100/2018-08-18,8/18/2018,29,Nonstop,Drake,NonstopDrake,1,29,2,6,2018-08-18,2018
http://www.billboard.com/charts/hot-100/2016-03-26,3/26/2016,29,Summer Sixteen,Drake,Summer SixteenDrake,1,30,6,6,2016-03-26,2016
http://www.billboard.com/charts/hot-100/2010-10-09,10/9/2010,30,Right Above It,Lil Wayne Featuring Drake,Right Above ItLil Wayne Featuring Drake,1,31,6,6,2010-10-09,2010
http://www.billboard.com/charts/hot-100/2014-12-20,12/20/2014,32,Only,"Nicki Minaj Featuring Drake, Lil Wayne & Chris Brown","OnlyNicki Minaj Featuring Drake, Lil Wayne & Chris Brown",1,33,27,6,2014-12-20,2014
http://www.billboard.com/charts/hot-100/2010-02-27,2/27/2010,33,Say Something,Timbaland Featuring Drake,Say SomethingTimbaland Featuring Drake,1,36,33,6,2010-02-27,2010
http://www.billboard.com/charts/hot-100/2015-03-28,3/28/2015,35,Blessings,Big Sean Featuring Drake,BlessingsBig Sean Featuring Drake,1,30,30,6,2015-03-28,2015
http://www.billboard.com/charts/hot-100/2015-09-26,9/26/2015,39,Back To Back,Drake,Back To BackDrake,1,39,21,6,2015-09-26,2015
https://www.billboard.com/charts/hot-100/2020-05-16,5/16/2020,30,Time Flies,Drake,Time FliesDrake,1,NA,30,1,2020-05-16,2020
https://www.billboard.com/charts/hot-100/2020-05-23,5/23/2020,94,Time Flies,Drake,Time FliesDrake,1,30,30,2,2020-05-23,2020
http://www.billboard.com/charts/hot-100/2014-03-22,3/22/2014,73,Trophies,Young Money Featuring Drake,TrophiesYoung Money Featuring Drake,1,NA,73,1,2014-03-22,2014
http://www.billboard.com/charts/hot-100/2014-03-29,3/29/2014,65,Trophies,Young Money Featuring Drake,TrophiesYoung Money Featuring Drake,1,73,65,2,2014-03-29,2014
http://www.billboard.com/charts/hot-100/2014-04-05,4/5/2014,63,Trophies,Young Money Featuring Drake,TrophiesYoung Money Featuring Drake,1,65,63,3,2014-04-05,2014
http://www.billboard.com/charts/hot-100/2014-04-12,4/12/2014,60,Trophies,Young Money Featuring Drake,TrophiesYoung Money Featuring Drake,1,63,60,4,2014-04-12,2014
http://www.billboard.com/charts/hot-100/2014-04-19,4/19/2014,55,Trophies,Young Money Featuring Drake,TrophiesYoung Money Featuring Drake,1,60,55,5,2014-04-19,2014
http://www.billboard.com/charts/hot-100/2014-04-26,4/26/2014,50,Trophies,Young Money Featuring Drake,TrophiesYoung Money Featuring Drake,1,55,50,6,2014-04-26,2014
http://www.billboard.com/charts/hot-100/2014-05-03,5/3/2014,51,Trophies,Young Money Featuring Drake,TrophiesYoung Money Featuring Drake,1,50,50,7,2014-05-03,2014
http://www.billboard.com/charts/hot-100/2014-05-10,5/10/2014,52,Trophies,Young Money Featuring Drake,TrophiesYoung Money Featuring Drake,1,51,50,8,2014-05-10,2014
http://www.billboard.com/charts/hot-100/2014-05-17,5/17/2014,55,Trophies,Young Money Featuring Drake,TrophiesYoung Money Featuring Drake,1,52,50,9,2014-05-17,2014
http://www.billboard.com/charts/hot-100/2014-05-24,5/24/2014,52,Trophies,Young Money Featuring Drake,TrophiesYoung Money Featuring Drake,1,55,50,10,2014-05-24,2014
http://www.billboard.com/charts/hot-100/2014-05-31,5/31/2014,55,Trophies,Young Money Featuring Drake,TrophiesYoung Money Featuring Drake,1,52,50,11,2014-05-31,2014
http://www.billboard.com/charts/hot-100/2014-06-07,6/7/2014,64,Trophies,Young Money Featuring Drake,TrophiesYoung Money Featuring Drake,1,55,50,12,2014-06-07,2014
http://www.billboard.com/charts/hot-100/2014-06-14,6/14/2014,63,Trophies,Young Money Featuring Drake,TrophiesYoung Money Featuring Drake,1,64,50,13,2014-06-14,2014
http://www.billboard.com/charts/hot-100/2014-06-21,6/21/2014,61,Trophies,Young Money Featuring Drake,TrophiesYoung Money Featuring Drake,1,63,50,14,2014-06-21,2014
http://www.billboard.com/charts/hot-100/2014-06-28,6/28/2014,70,Trophies,Young Money Featuring Drake,TrophiesYoung Money Featuring Drake,1,61,50,15,2014-06-28,2014
http://www.billboard.com/charts/hot-100/2014-07-05,7/5/2014,71,Trophies,Young Money Featuring Drake,TrophiesYoung Money Featuring Drake,1,70,50,16,2014-07-05,2014
http://www.billboard.com/charts/hot-100/2014-07-12,7/12/2014,75,Trophies,Young Money Featuring Drake,TrophiesYoung Money Featuring Drake,1,71,50,17,2014-07-12,2014
http://www.billboard.com/charts/hot-100/2014-07-19,7/19/2014,75,Trophies,Young Money Featuring Drake,TrophiesYoung Money Featuring Drake,1,75,50,18,2014-07-19,2014
http://www.billboard.com/charts/hot-100/2014-07-26,7/26/2014,82,Trophies,Young Money Featuring Drake,TrophiesYoung Money Featuring Drake,1,75,50,19,2014-07-26,2014
http://www.billboard.com/charts/hot-100/2014-08-02,8/2/2014,85,Trophies,Young Money Featuring Drake,TrophiesYoung Money Featuring Drake,1,82,50,20,2014-08-02,2014
http://www.billboard.com/charts/hot-100/2015-02-07,2/7/2015,71,Truffle Butter,Nicki Minaj Featuring Drake & Lil Wayne,Truffle ButterNicki Minaj Featuring Drake & Lil Wayne,1,NA,71,1,2015-02-07,2015
http://www.billboard.com/charts/hot-100/2015-02-14,2/14/2015,27,Truffle Butter,Nicki Minaj Featuring Drake & Lil Wayne,Truffle ButterNicki Minaj Featuring Drake & Lil Wayne,1,71,27,2,2015-02-14,2015
http://www.billboard.com/charts/hot-100/2015-02-21,2/21/2015,26,Truffle Butter,Nicki Minaj Featuring Drake & Lil Wayne,Truffle ButterNicki Minaj Featuring Drake & Lil Wayne,1,27,26,3,2015-02-21,2015
http://www.billboard.com/charts/hot-100/2015-02-28,2/28/2015,22,Truffle Butter,Nicki Minaj Featuring Drake & Lil Wayne,Truffle ButterNicki Minaj Featuring Drake & Lil Wayne,1,26,22,4,2015-02-28,2015
http://www.billboard.com/charts/hot-100/2015-03-07,3/7/2015,17,Truffle Butter,Nicki Minaj Featuring Drake & Lil Wayne,Truffle ButterNicki Minaj Featuring Drake & Lil Wayne,1,22,17,5,2015-03-07,2015
http://www.billboard.com/charts/hot-100/2015-03-14,3/14/2015,14,Truffle Butter,Nicki Minaj Featuring Drake & Lil Wayne,Truffle ButterNicki Minaj Featuring Drake & Lil Wayne,1,17,14,6,2015-03-14,2015
http://www.billboard.com/charts/hot-100/2015-03-21,3/21/2015,14,Truffle Butter,Nicki Minaj Featuring Drake & Lil Wayne,Truffle ButterNicki Minaj Featuring Drake & Lil Wayne,1,14,14,7,2015-03-21,2015
http://www.billboard.com/charts/hot-100/2015-03-28,3/28/2015,14,Truffle Butter,Nicki Minaj Featuring Drake & Lil Wayne,Truffle ButterNicki Minaj Featuring Drake & Lil Wayne,1,14,14,8,2015-03-28,2015
http://www.billboard.com/charts/hot-100/2015-04-04,4/4/2015,14,Truffle Butter,Nicki Minaj Featuring Drake & Lil Wayne,Truffle ButterNicki Minaj Featuring Drake & Lil Wayne,1,14,14,9,2015-04-04,2015
http://www.billboard.com/charts/hot-100/2015-04-11,4/11/2015,15,Truffle Butter,Nicki Minaj Featuring Drake & Lil Wayne,Truffle ButterNicki Minaj Featuring Drake & Lil Wayne,1,14,14,10,2015-04-11,2015
http://www.billboard.com/charts/hot-100/2015-04-18,4/18/2015,18,Truffle Butter,Nicki Minaj Featuring Drake & Lil Wayne,Truffle ButterNicki Minaj Featuring Drake & Lil Wayne,1,15,14,11,2015-04-18,2015
http://www.billboard.com/charts/hot-100/2015-04-25,4/25/2015,18,Truffle Butter,Nicki Minaj Featuring Drake & Lil Wayne,Truffle ButterNicki Minaj Featuring Drake & Lil Wayne,1,18,14,12,2015-04-25,2015
http://www.billboard.com/charts/hot-100/2015-05-02,5/2/2015,22,Truffle Butter,Nicki Minaj Featuring Drake & Lil Wayne,Truffle ButterNicki Minaj Featuring Drake & Lil Wayne,1,18,14,13,2015-05-02,2015
http://www.billboard.com/charts/hot-100/2015-05-09,5/9/2015,27,Truffle Butter,Nicki Minaj Featuring Drake & Lil Wayne,Truffle ButterNicki Minaj Featuring Drake & Lil Wayne,1,22,14,14,2015-05-09,2015
http://www.billboard.com/charts/hot-100/2015-05-16,5/16/2015,32,Truffle Butter,Nicki Minaj Featuring Drake & Lil Wayne,Truffle ButterNicki Minaj Featuring Drake & Lil Wayne,1,27,14,15,2015-05-16,2015
http://www.billboard.com/charts/hot-100/2015-05-23,5/23/2015,37,Truffle Butter,Nicki Minaj Featuring Drake & Lil Wayne,Truffle ButterNicki Minaj Featuring Drake & Lil Wayne,1,32,14,16,2015-05-23,2015
http://www.billboard.com/charts/hot-100/2015-05-30,5/30/2015,46,Truffle Butter,Nicki Minaj Featuring Drake & Lil Wayne,Truffle ButterNicki Minaj Featuring Drake & Lil Wayne,1,37,14,17,2015-05-30,2015
http://www.billboard.com/charts/hot-100/2015-06-06,6/6/2015,55,Truffle Butter,Nicki Minaj Featuring Drake & Lil Wayne,Truffle ButterNicki Minaj Featuring Drake & Lil Wayne,1,46,14,18,2015-06-06,2015
http://www.billboard.com/charts/hot-100/2015-06-13,6/13/2015,60,Truffle Butter,Nicki Minaj Featuring Drake & Lil Wayne,Truffle ButterNicki Minaj Featuring Drake & Lil Wayne,1,55,14,19,2015-06-13,2015
http://www.billboard.com/charts/hot-100/2015-06-20,6/20/2015,65,Truffle Butter,Nicki Minaj Featuring Drake & Lil Wayne,Truffle ButterNicki Minaj Featuring Drake & Lil Wayne,1,60,14,20,2015-06-20,2015
https://www.billboard.com/charts/hot-100/2019-08-17,8/17/2019,58,Trust Issues,Drake,Trust IssuesDrake,1,NA,58,1,2019-08-17,2019
http://www.billboard.com/charts/hot-100/2014-10-11,10/11/2014,90,Tuesday,I LOVE MAKONNEN Featuring Drake,TuesdayI LOVE MAKONNEN Featuring Drake,1,NA,90,1,2014-10-11,2014
http://www.billboard.com/charts/hot-100/2014-10-18,10/18/2014,79,Tuesday,I LOVE MAKONNEN Featuring Drake,TuesdayI LOVE MAKONNEN Featuring Drake,1,90,79,2,2014-10-18,2014
http://www.billboard.com/charts/hot-100/2014-10-25,10/25/2014,73,Tuesday,I LOVE MAKONNEN Featuring Drake,TuesdayI LOVE MAKONNEN Featuring Drake,1,79,73,3,2014-10-25,2014
http://www.billboard.com/charts/hot-100/2014-11-01,11/1/2014,62,Tuesday,I LOVE MAKONNEN Featuring Drake,TuesdayI LOVE MAKONNEN Featuring Drake,1,73,62,4,2014-11-01,2014
http://www.billboard.com/charts/hot-100/2014-11-08,11/8/2014,35,Tuesday,I LOVE MAKONNEN Featuring Drake,TuesdayI LOVE MAKONNEN Featuring Drake,1,62,35,5,2014-11-08,2014
http://www.billboard.com/charts/hot-100/2014-11-15,11/15/2014,20,Tuesday,I LOVE MAKONNEN Featuring Drake,TuesdayI LOVE MAKONNEN Featuring Drake,1,35,20,6,2014-11-15,2014
http://www.billboard.com/charts/hot-100/2014-11-22,11/22/2014,26,Tuesday,I LOVE MAKONNEN Featuring Drake,TuesdayI LOVE MAKONNEN Featuring Drake,1,20,20,7,2014-11-22,2014
http://www.billboard.com/charts/hot-100/2014-11-29,11/29/2014,12,Tuesday,I LOVE MAKONNEN Featuring Drake,TuesdayI LOVE MAKONNEN Featuring Drake,1,26,12,8,2014-11-29,2014
http://www.billboard.com/charts/hot-100/2014-12-06,12/6/2014,13,Tuesday,I LOVE MAKONNEN Featuring Drake,TuesdayI LOVE MAKONNEN Featuring Drake,1,12,12,9,2014-12-06,2014
http://www.billboard.com/charts/hot-100/2014-12-13,12/13/2014,16,Tuesday,I LOVE MAKONNEN Featuring Drake,TuesdayI LOVE MAKONNEN Featuring Drake,1,13,12,10,2014-12-13,2014
http://www.billboard.com/charts/hot-100/2014-12-20,12/20/2014,16,Tuesday,I LOVE MAKONNEN Featuring Drake,TuesdayI LOVE MAKONNEN Featuring Drake,1,16,12,11,2014-12-20,2014
http://www.billboard.com/charts/hot-100/2014-12-27,12/27/2014,16,Tuesday,I LOVE MAKONNEN Featuring Drake,TuesdayI LOVE MAKONNEN Featuring Drake,1,16,12,12,2014-12-27,2014
http://www.billboard.com/charts/hot-100/2015-01-03,1/3/2015,17,Tuesday,I LOVE MAKONNEN Featuring Drake,TuesdayI LOVE MAKONNEN Featuring Drake,1,16,12,13,2015-01-03,2015
http://www.billboard.com/charts/hot-100/2015-01-10,1/10/2015,18,Tuesday,I LOVE MAKONNEN Featuring Drake,TuesdayI LOVE MAKONNEN Featuring Drake,1,17,12,14,2015-01-10,2015
http://www.billboard.com/charts/hot-100/2015-01-17,1/17/2015,18,Tuesday,I LOVE MAKONNEN Featuring Drake,TuesdayI LOVE MAKONNEN Featuring Drake,1,18,12,15,2015-01-17,2015
http://www.billboard.com/charts/hot-100/2015-01-24,1/24/2015,19,Tuesday,I LOVE MAKONNEN Featuring Drake,TuesdayI LOVE MAKONNEN Featuring Drake,1,18,12,16,2015-01-24,2015
http://www.billboard.com/charts/hot-100/2015-01-31,1/31/2015,21,Tuesday,I LOVE MAKONNEN Featuring Drake,TuesdayI LOVE MAKONNEN Featuring Drake,1,19,12,17,2015-01-31,2015
http://www.billboard.com/charts/hot-100/2015-02-07,2/7/2015,25,Tuesday,I LOVE MAKONNEN Featuring Drake,TuesdayI LOVE MAKONNEN Featuring Drake,1,21,12,18,2015-02-07,2015
http://www.billboard.com/charts/hot-100/2015-02-14,2/14/2015,30,Tuesday,I LOVE MAKONNEN Featuring Drake,TuesdayI LOVE MAKONNEN Featuring Drake,1,25,12,19,2015-02-14,2015
http://www.billboard.com/charts/hot-100/2015-02-21,2/21/2015,37,Tuesday,I LOVE MAKONNEN Featuring Drake,TuesdayI LOVE MAKONNEN Featuring Drake,1,30,12,20,2015-02-21,2015
http://www.billboard.com/charts/hot-100/2015-02-28,2/28/2015,40,Tuesday,I LOVE MAKONNEN Featuring Drake,TuesdayI LOVE MAKONNEN Featuring Drake,1,37,12,21,2015-02-28,2015
http://www.billboard.com/charts/hot-100/2015-03-07,3/7/2015,49,Tuesday,I LOVE MAKONNEN Featuring Drake,TuesdayI LOVE MAKONNEN Featuring Drake,1,40,12,22,2015-03-07,2015
http://www.billboard.com/charts/hot-100/2013-10-12,10/12/2013,81,Tuscan Leather,Drake,Tuscan LeatherDrake,1,NA,81,1,2013-10-12,2013
http://www.billboard.com/charts/hot-100/2016-11-19,11/19/2016,73,"Two Birds, One Stone",Drake,"Two Birds, One StoneDrake",1,NA,73,1,2016-11-19,2016
http://www.billboard.com/charts/hot-100/2016-05-21,5/21/2016,44,U With Me?,Drake,U With Me?Drake,1,NA,44,1,2016-05-21,2016
http://www.billboard.com/charts/hot-100/2016-05-28,5/28/2016,80,U With Me?,Drake,U With Me?Drake,1,44,44,2,2016-05-28,2016
http://www.billboard.com/charts/hot-100/2016-06-04,6/4/2016,68,U With Me?,Drake,U With Me?Drake,1,80,44,3,2016-06-04,2016
http://www.billboard.com/charts/hot-100/2016-06-11,6/11/2016,82,U With Me?,Drake,U With Me?Drake,1,68,44,4,2016-06-11,2016
http://www.billboard.com/charts/hot-100/2013-01-05,1/5/2013,72,Poetic Justice,Kendrick Lamar Featuring Drake,Poetic JusticeKendrick Lamar Featuring Drake,1,77,72,9,2013-01-05,2013
http://www.billboard.com/charts/hot-100/2015-04-25,4/25/2015,75,10 Bands,Drake,10 BandsDrake,1,82,58,9,2015-04-25,2015
http://www.billboard.com/charts/hot-100/2015-12-05,12/5/2015,76,Big Rings,Drake & Future,Big RingsDrake & Future,1,70,52,9,2015-12-05,2015
http://www.billboard.com/charts/hot-100/2015-11-28,11/28/2015,78,Right Hand,Drake,Right HandDrake,1,74,58,9,2015-11-28,2015
http://www.billboard.com/charts/hot-100/2015-09-12,9/12/2015,79,R.I.C.O.,Meek Mill Featuring Drake,R.I.C.O.Meek Mill Featuring Drake,1,80,40,9,2015-09-12,2015
http://www.billboard.com/charts/hot-100/2012-06-02,6/2/2012,82,Crew Love,Drake Featuring The Weeknd,Crew LoveDrake Featuring The Weeknd,1,88,82,9,2012-06-02,2012
http://www.billboard.com/charts/hot-100/2016-07-16,7/16/2016,88,Childs Play,Drake,Childs PlayDrake,1,81,49,9,2016-07-16,2016
http://www.billboard.com/charts/hot-100/2016-07-16,7/16/2016,93,Still Here,Drake,Still HereDrake,1,91,40,9,2016-07-16,2016
http://www.billboard.com/charts/hot-100/2014-04-12,4/12/2014,99,Odio,Romeo Santos Featuring Drake,OdioRomeo Santos Featuring Drake,1,94,45,9,2014-04-12,2014
http://www.billboard.com/charts/hot-100/2016-06-25,6/25/2016,1,One Dance,Drake Featuring WizKid & Kyla,One DanceDrake Featuring WizKid & Kyla,1,1,1,10,2016-06-25,2016
http://www.billboard.com/charts/hot-100/2009-07-25,7/25/2009,2,Best I Ever Had,Drake,Best I Ever HadDrake,1,3,2,10,2009-07-25,2009
http://www.billboard.com/charts/hot-100/2013-04-27,4/27/2013,9,Started From The Bottom,Drake,Started From The BottomDrake,1,9,6,10,2013-04-27,2013
https://www.billboard.com/charts/hot-100/2020-10-03,10/3/2020,14,Popstar,DJ Khaled Featuring Drake,PopstarDJ Khaled Featuring Drake,1,12,3,10,2020-10-03,2020
http://www.billboard.com/charts/hot-100/2010-05-29,5/29/2010,15,Over,Drake,OverDrake,1,17,14,10,2010-05-29,2010
http://www.billboard.com/charts/hot-100/2015-01-17,1/17/2015,16,Only,"Nicki Minaj Featuring Drake, Lil Wayne & Chris Brown","OnlyNicki Minaj Featuring Drake, Lil Wayne & Chris Brown",1,15,12,10,2015-01-17,2015
http://www.billboard.com/charts/hot-100/2009-10-03,10/3/2009,17,Successful,Drake Featuring Trey Songz & Lil Wayne,SuccessfulDrake Featuring Trey Songz & Lil Wayne,1,48,17,10,2009-10-03,2009
https://www.billboard.com/charts/hot-100/2018-09-15,9/15/2018,18,Nonstop,Drake,NonstopDrake,1,17,2,10,2018-09-15,2018
http://www.billboard.com/charts/hot-100/2016-07-23,7/23/2016,18,Controlla,Drake,ControllaDrake,1,19,18,10,2016-07-23,2016
http://www.billboard.com/charts/hot-100/2010-11-06,11/6/2010,20,Right Above It,Lil Wayne Featuring Drake,Right Above ItLil Wayne Featuring Drake,1,20,6,10,2010-11-06,2010
http://www.billboard.com/charts/hot-100/2011-11-05,11/5/2011,23,She Will,Lil Wayne Featuring Drake,She WillLil Wayne Featuring Drake,1,19,3,10,2011-11-05,2011
http://www.billboard.com/charts/hot-100/2010-03-27,3/27/2010,23,Say Something,Timbaland Featuring Drake,Say SomethingTimbaland Featuring Drake,1,27,23,10,2010-03-27,2010
http://www.billboard.com/charts/hot-100/2017-06-10,6/10/2017,24,Passionfruit,Drake,PassionfruitDrake,1,21,8,10,2017-06-10,2017
http://www.billboard.com/charts/hot-100/2015-04-25,4/25/2015,28,Blessings,Big Sean Featuring Drake,BlessingsBig Sean Featuring Drake,1,30,28,10,2015-04-25,2015
http://www.billboard.com/charts/hot-100/2012-02-04,2/4/2012,30,Take Care,Drake Featuring Rihanna,Take CareDrake Featuring Rihanna,1,39,9,10,2012-02-04,2012
http://www.billboard.com/charts/hot-100/2014-10-11,10/11/2014,35,0 To 100 / The Catch Up,Drake,0 To 100 / The Catch UpDrake,1,35,35,10,2014-10-11,2014
http://www.billboard.com/charts/hot-100/2014-08-16,8/16/2014,37,Believe Me,Lil Wayne Featuring Drake,Believe MeLil Wayne Featuring Drake,1,37,26,10,2014-08-16,2014
http://www.billboard.com/charts/hot-100/2013-12-14,12/14/2013,40,All Me,Drake Featuring 2 Chainz & Big Sean,All MeDrake Featuring 2 Chainz & Big Sean,1,46,20,10,2013-12-14,2013
http://www.billboard.com/charts/hot-100/2015-10-24,10/24/2015,41,Back To Back,Drake,Back To BackDrake,1,36,21,10,2015-10-24,2015
http://www.billboard.com/charts/hot-100/2016-06-25,6/25/2016,42,Pop Style,Drake Featuring The Throne,Pop StyleDrake Featuring The Throne,1,35,16,10,2016-06-25,2016
http://www.billboard.com/charts/hot-100/2012-09-29,9/29/2012,42,Pop That,"French Montana Featuring Rick Ross, Drake, Lil Wayne","Pop ThatFrench Montana Featuring Rick Ross, Drake, Lil Wayne",1,44,42,10,2012-09-29,2012
http://www.billboard.com/charts/hot-100/2016-04-23,4/23/2016,45,Summer Sixteen,Drake,Summer SixteenDrake,1,36,6,10,2016-04-23,2016
http://www.billboard.com/charts/hot-100/2017-03-11,3/11/2017,50,Both,Gucci Mane Featuring Drake,BothGucci Mane Featuring Drake,1,49,41,10,2017-03-11,2017
http://www.billboard.com/charts/hot-100/2012-09-08,9/8/2012,57,Amen,Meek Mill Featuring Drake,AmenMeek Mill Featuring Drake,1,60,57,10,2012-09-08,2012
http://www.billboard.com/charts/hot-100/2017-06-10,6/10/2017,61,Portland,Drake Featuring Quavo & Travis Scott,PortlandDrake Featuring Quavo & Travis Scott,1,58,9,10,2017-06-10,2017
http://www.billboard.com/charts/hot-100/2017-01-14,1/14/2017,66,Sneakin',Drake Featuring 21 Savage,Sneakin'Drake Featuring 21 Savage,1,69,28,10,2017-01-14,2017
http://www.billboard.com/charts/hot-100/2013-01-12,1/12/2013,74,Poetic Justice,Kendrick Lamar Featuring Drake,Poetic JusticeKendrick Lamar Featuring Drake,1,72,72,10,2013-01-12,2013
http://www.billboard.com/charts/hot-100/2015-12-12,12/12/2015,75,Big Rings,Drake & Future,Big RingsDrake & Future,1,76,52,10,2015-12-12,2015
http://www.billboard.com/charts/hot-100/2012-06-09,6/9/2012,80,Crew Love,Drake Featuring The Weeknd,Crew LoveDrake Featuring The Weeknd,1,82,80,10,2012-06-09,2012
http://www.billboard.com/charts/hot-100/2015-05-02,5/2/2015,82,10 Bands,Drake,10 BandsDrake,1,75,58,10,2015-05-02,2015
https://www.billboard.com/charts/hot-100/2020-07-18,7/18/2020,84,Chicago Freestyle,Drake Featuring Giveon,Chicago FreestyleDrake Featuring Giveon,1,62,14,10,2020-07-18,2020
http://www.billboard.com/charts/hot-100/2015-09-19,9/19/2015,87,R.I.C.O.,Meek Mill Featuring Drake,R.I.C.O.Meek Mill Featuring Drake,1,79,40,10,2015-09-19,2015
http://www.billboard.com/charts/hot-100/2015-12-05,12/5/2015,91,Right Hand,Drake,Right HandDrake,1,78,58,10,2015-12-05,2015
http://www.billboard.com/charts/hot-100/2016-07-23,7/23/2016,92,Childs Play,Drake,Childs PlayDrake,1,88,49,10,2016-07-23,2016
http://www.billboard.com/charts/hot-100/2016-07-23,7/23/2016,95,Still Here,Drake,Still HereDrake,1,93,40,10,2016-07-23,2016
http://www.billboard.com/charts/hot-100/2014-04-19,4/19/2014,99,Odio,Romeo Santos Featuring Drake,OdioRomeo Santos Featuring Drake,1,99,45,10,2014-04-19,2014
http://www.billboard.com/charts/hot-100/2016-07-02,7/2/2016,1,One Dance,Drake Featuring WizKid & Kyla,One DanceDrake Featuring WizKid & Kyla,1,1,1,11,2016-07-02,2016
http://www.billboard.com/charts/hot-100/2009-08-01,8/1/2009,2,Best I Ever Had,Drake,Best I Ever HadDrake,1,2,2,11,2009-08-01,2009
http://www.billboard.com/charts/hot-100/2013-05-04,5/4/2013,10,Started From The Bottom,Drake,Started From The BottomDrake,1,9,6,11,2013-05-04,2013
http://www.billboard.com/charts/hot-100/2015-01-24,1/24/2015,16,Only,"Nicki Minaj Featuring Drake, Lil Wayne & Chris Brown","OnlyNicki Minaj Featuring Drake, Lil Wayne & Chris Brown",1,16,12,11,2015-01-24,2015
http://www.billboard.com/charts/hot-100/2016-07-30,7/30/2016,16,Controlla,Drake,ControllaDrake,1,18,16,11,2016-07-30,2016
https://www.billboard.com/charts/hot-100/2018-09-22,9/22/2018,17,Nonstop,Drake,NonstopDrake,1,18,2,11,2018-09-22,2018
http://www.billboard.com/charts/hot-100/2010-06-05,6/5/2010,19,Over,Drake,OverDrake,1,15,14,11,2010-06-05,2010
https://www.billboard.com/charts/hot-100/2020-10-10,10/10/2020,21,Popstar,DJ Khaled Featuring Drake,PopstarDJ Khaled Featuring Drake,1,14,3,11,2020-10-10,2020
http://www.billboard.com/charts/hot-100/2009-10-10,10/10/2009,21,Successful,Drake Featuring Trey Songz & Lil Wayne,SuccessfulDrake Featuring Trey Songz & Lil Wayne,1,17,17,11,2009-10-10,2009
http://www.billboard.com/charts/hot-100/2010-11-13,11/13/2010,22,Right Above It,Lil Wayne Featuring Drake,Right Above ItLil Wayne Featuring Drake,1,20,6,11,2010-11-13,2010
http://www.billboard.com/charts/hot-100/2011-11-12,11/12/2011,23,She Will,Lil Wayne Featuring Drake,She WillLil Wayne Featuring Drake,1,23,3,11,2011-11-12,2011
http://www.billboard.com/charts/hot-100/2010-04-03,4/3/2010,25,Say Something,Timbaland Featuring Drake,Say SomethingTimbaland Featuring Drake,1,23,23,11,2010-04-03,2010
http://www.billboard.com/charts/hot-100/2012-02-11,2/11/2012,26,Take Care,Drake Featuring Rihanna,Take CareDrake Featuring Rihanna,1,30,9,11,2012-02-11,2012
http://www.billboard.com/charts/hot-100/2017-06-17,6/17/2017,27,Passionfruit,Drake,PassionfruitDrake,1,24,8,11,2017-06-17,2017
http://www.billboard.com/charts/hot-100/2015-05-02,5/2/2015,28,Blessings,Big Sean Featuring Drake,BlessingsBig Sean Featuring Drake,1,28,28,11,2015-05-02,2015
http://www.billboard.com/charts/hot-100/2013-12-21,12/21/2013,37,All Me,Drake Featuring 2 Chainz & Big Sean,All MeDrake Featuring 2 Chainz & Big Sean,1,40,20,11,2013-12-21,2013
http://www.billboard.com/charts/hot-100/2015-10-31,10/31/2015,38,Back To Back,Drake,Back To BackDrake,1,41,21,11,2015-10-31,2015
http://www.billboard.com/charts/hot-100/2014-10-18,10/18/2014,38,0 To 100 / The Catch Up,Drake,0 To 100 / The Catch UpDrake,1,35,35,11,2014-10-18,2014
http://www.billboard.com/charts/hot-100/2012-10-06,10/6/2012,39,Pop That,"French Montana Featuring Rick Ross, Drake, Lil Wayne","Pop ThatFrench Montana Featuring Rick Ross, Drake, Lil Wayne",1,42,39,11,2012-10-06,2012
http://www.billboard.com/charts/hot-100/2014-08-23,8/23/2014,42,Believe Me,Lil Wayne Featuring Drake,Believe MeLil Wayne Featuring Drake,1,37,26,11,2014-08-23,2014
http://www.billboard.com/charts/hot-100/2016-07-02,7/2/2016,45,Pop Style,Drake Featuring The Throne,Pop StyleDrake Featuring The Throne,1,42,16,11,2016-07-02,2016
http://www.billboard.com/charts/hot-100/2017-03-18,3/18/2017,49,Both,Gucci Mane Featuring Drake,BothGucci Mane Featuring Drake,1,50,41,11,2017-03-18,2017
http://www.billboard.com/charts/hot-100/2016-04-30,4/30/2016,51,Summer Sixteen,Drake,Summer SixteenDrake,1,45,6,11,2016-04-30,2016
http://www.billboard.com/charts/hot-100/2010-12-25,12/25/2010,95,Fall For Your Type,Jamie Foxx Featuring Drake,Fall For Your TypeJamie Foxx Featuring Drake,1,NA,95,1,2010-12-25,2010
http://www.billboard.com/charts/hot-100/2011-10-29,10/29/2011,97,Make Me Proud,Drake Featuring Nicki Minaj,Make Me ProudDrake Featuring Nicki Minaj,1,NA,97,1,2011-10-29,2011
http://www.billboard.com/charts/hot-100/2012-02-04,2/4/2012,98,Mr. Wrong,Mary J. Blige Featuring Drake,Mr. WrongMary J. Blige Featuring Drake,1,NA,98,1,2012-02-04,2012
http://www.billboard.com/charts/hot-100/2010-07-03,7/3/2010,99,Fancy,Drake Featuring T.I. & Swizz Beatz,FancyDrake Featuring T.I. & Swizz Beatz,1,NA,99,1,2010-07-03,2010
http://www.billboard.com/charts/hot-100/2014-01-04,1/4/2014,99,Mine,Beyonce Featuring Drake,MineBeyonce Featuring Drake,1,NA,99,1,2014-01-04,2014
http://www.billboard.com/charts/hot-100/2008-01-12,1/12/2008,100,Leave It All To Me (iCarly Theme Song),Miranda Cosgrove Featuring Drake Bell,Leave It All To Me (iCarly Theme Song)Miranda Cosgrove Featuring Drake Bell,1,NA,100,1,2008-01-12,2008
http://www.billboard.com/charts/hot-100/2009-10-24,10/24/2009,100,Money To Blow,Birdman Featuring Lil Wayne & Drake,Money To BlowBirdman Featuring Lil Wayne & Drake,1,NA,100,1,2009-10-24,2009
https://www.billboard.com/charts/hot-100/2018-02-10,2/10/2018,1,God's Plan,Drake,God's PlanDrake,1,1,1,2,2018-02-10,2018
https://www.billboard.com/charts/hot-100/2018-04-28,4/28/2018,1,Nice For What,Drake,Nice For WhatDrake,1,1,1,2,2018-04-28,2018
https://www.billboard.com/charts/hot-100/2018-07-21,7/21/2018,1,In My Feelings,Drake,In My FeelingsDrake,1,6,1,2,2018-07-21,2018
https://www.billboard.com/charts/hot-100/2020-02-01,2/1/2020,2,Life Is Good,Future Featuring Drake,Life Is GoodFuture Featuring Drake,1,2,2,2,2020-02-01,2020
https://www.billboard.com/charts/hot-100/2020-09-05,9/5/2020,3,Laugh Now Cry Later,Drake Featuring Lil Durk,Laugh Now Cry LaterDrake Featuring Lil Durk,1,2,2,2,2020-09-05,2020
https://www.billboard.com/charts/hot-100/2018-03-03,3/3/2018,5,Look Alive,BlocBoy JB Featuring Drake,Look AliveBlocBoy JB Featuring Drake,1,6,5,2,2018-03-03,2018
https://www.billboard.com/charts/hot-100/2019-07-06,7/6/2019,8,Money In The Grave,Drake Featuring Rick Ross,Money In The GraveDrake Featuring Rick Ross,1,7,7,2,2019-07-06,2019
http://www.billboard.com/charts/hot-100/2011-11-05,11/5/2011,9,Make Me Proud,Drake Featuring Nicki Minaj,Make Me ProudDrake Featuring Nicki Minaj,1,97,9,2,2011-11-05,2011
https://www.billboard.com/charts/hot-100/2019-06-29,6/29/2019,10,No Guidance,Chris Brown Featuring Drake,No GuidanceChris Brown Featuring Drake,1,9,9,2,2019-06-29,2019
http://www.billboard.com/charts/hot-100/2016-11-19,11/19/2016,10,Fake Love,Drake,Fake LoveDrake,1,24,10,2,2016-11-19,2016
http://www.billboard.com/charts/hot-100/2011-06-11,6/11/2011,10,I'm On One,"DJ Khaled Featuring Drake, Rick Ross & Lil Wayne","I'm On OneDJ Khaled Featuring Drake, Rick Ross & Lil Wayne",1,78,10,2,2011-06-11,2011
http://www.billboard.com/charts/hot-100/2009-10-10,10/10/2009,12,Forever,"Drake Featuring Kanye West, Lil Wayne & Eminem","ForeverDrake Featuring Kanye West, Lil Wayne & Eminem",1,8,8,2,2009-10-10,2009
https://www.billboard.com/charts/hot-100/2018-11-03,11/3/2018,13,MIA,Bad Bunny Featuring Drake,MIABad Bunny Featuring Drake,1,5,5,2,2018-11-03,2018
http://www.billboard.com/charts/hot-100/2013-02-09,2/9/2013,16,Love Me,Lil Wayne Featuring Drake & Future,Love MeLil Wayne Featuring Drake & Future,1,53,16,2,2013-02-09,2013
https://www.billboard.com/charts/hot-100/2018-12-22,12/22/2018,17,Going Bad,Meek Mill Featuring Drake,Going BadMeek Mill Featuring Drake,1,6,6,2,2018-12-22,2018
http://www.billboard.com/charts/hot-100/2010-05-29,5/29/2010,20,Find Your Love,Drake,Find Your LoveDrake,1,34,20,2,2010-05-29,2010
http://www.billboard.com/charts/hot-100/2011-09-03,9/3/2011,21,Headlines,Drake,HeadlinesDrake,1,13,13,2,2011-09-03,2011
http://www.billboard.com/charts/hot-100/2015-10-17,10/17/2015,21,Jumpman,Drake & Future,JumpmanDrake & Future,1,52,21,2,2015-10-17,2015
http://www.billboard.com/charts/hot-100/2011-08-13,8/13/2011,21,Marvins Room,Drake,Marvins RoomDrake,1,68,21,2,2011-08-13,2011
https://www.billboard.com/charts/hot-100/2020-10-24,10/24/2020,24,Mr. Right Now,21 Savage & Metro Boomin Featuring Drake,Mr. Right Now21 Savage & Metro Boomin Featuring Drake,1,10,10,2,2020-10-24,2020
http://www.billboard.com/charts/hot-100/2013-08-31,8/31/2013,24,"Hold On, We're Going Home",Drake Featuring Majid Jordan,"Hold On, We're Going HomeDrake Featuring Majid Jordan",1,21,21,2,2013-08-31,2013
http://www.billboard.com/charts/hot-100/2015-03-07,3/7/2015,26,Energy,Drake,EnergyDrake,1,49,26,2,2015-03-07,2015
https://www.billboard.com/charts/hot-100/2018-07-21,7/21/2018,28,Mob Ties,Drake,Mob TiesDrake,1,13,13,2,2018-07-21,2018
https://www.billboard.com/charts/hot-100/2021-03-27,3/27/2021,31,Lemon Pepper Freestyle,Drake Featuring Rick Ross,Lemon Pepper FreestyleDrake Featuring Rick Ross,1,3,3,2,2021-03-27,2021
https://www.billboard.com/charts/hot-100/2018-06-16,6/16/2018,32,I'm Upset,Drake,I'm UpsetDrake,1,19,19,2,2018-06-16,2018
https://www.billboard.com/charts/hot-100/2018-10-27,10/27/2018,35,Never Recover,Lil Baby & Gunna Featuring Drake,Never RecoverLil Baby & Gunna Featuring Drake,1,15,15,2,2018-10-27,2018
https://www.billboard.com/charts/hot-100/2019-03-16,3/16/2019,37,Girls Need Love,Summer Walker X Drake,Girls Need LoveSummer Walker X Drake,1,87,37,2,2019-03-16,2019
https://www.billboard.com/charts/hot-100/2018-07-21,7/21/2018,38,Emotionless,Drake,EmotionlessDrake,1,8,8,2,2018-07-21,2018
http://www.billboard.com/charts/hot-100/2016-07-02,7/2/2016,40,For Free,DJ Khaled Featuring Drake,For FreeDJ Khaled Featuring Drake,1,18,18,2,2016-07-02,2016
http://www.billboard.com/charts/hot-100/2017-04-15,4/15/2017,40,Free Smoke,Drake,Free SmokeDrake,1,18,18,2,2017-04-15,2017
http://www.billboard.com/charts/hot-100/2017-04-15,4/15/2017,43,Gyalchester,Drake,GyalchesterDrake,1,29,29,2,2017-04-15,2017
https://www.billboard.com/charts/hot-100/2018-07-21,7/21/2018,44,Elevate,Drake,ElevateDrake,1,14,14,2,2018-07-21,2018
http://www.billboard.com/charts/hot-100/2016-05-28,5/28/2016,49,Hype,Drake,HypeDrake,1,33,33,2,2016-05-28,2016
http://www.billboard.com/charts/hot-100/2010-06-26,6/26/2010,50,Miss Me,Drake Featuring Lil Wayne,Miss MeDrake Featuring Lil Wayne,1,15,15,2,2010-06-26,2010
http://www.billboard.com/charts/hot-100/2015-03-07,3/7/2015,52,Legend,Drake,LegendDrake,1,86,52,2,2015-03-07,2015
https://www.billboard.com/charts/hot-100/2020-08-08,8/8/2020,55,Greece,DJ Khaled Featuring Drake,GreeceDJ Khaled Featuring Drake,1,8,8,2,2020-08-08,2020
http://www.billboard.com/charts/hot-100/2013-05-18,5/18/2013,56,No New Friends (SFTB Remix),"DJ Khaled Featuring Drake, Rick Ross & Lil Wayne","No New Friends (SFTB Remix)DJ Khaled Featuring Drake, Rick Ross & Lil Wayne",1,55,55,2,2013-05-18,2013
http://www.billboard.com/charts/hot-100/2015-08-29,8/29/2015,57,Hotline Bling,Drake,Hotline BlingDrake,1,66,57,2,2015-08-29,2015
http://www.billboard.com/charts/hot-100/2009-10-10,10/10/2009,60,I'm Going In,Drake Featuring Lil Wayne & Young Jeezy,I'm Going InDrake Featuring Lil Wayne & Young Jeezy,1,40,40,2,2009-10-10,2009
http://www.billboard.com/charts/hot-100/2012-06-02,6/2/2012,62,No Lie,2 Chainz Featuring Drake,No Lie2 Chainz Featuring Drake,1,45,45,2,2012-06-02,2012
http://www.billboard.com/charts/hot-100/2016-05-28,5/28/2016,63,Grammys,Drake Featuring Future,GrammysDrake Featuring Future,1,38,38,2,2016-05-28,2016
http://www.billboard.com/charts/hot-100/2010-10-23,10/23/2010,64,Gonorrhea,Lil Wayne Featuring Drake,GonorrheaLil Wayne Featuring Drake,1,17,17,2,2010-10-23,2010
https://www.billboard.com/charts/hot-100/2018-07-21,7/21/2018,67,Jaded,Drake,JadedDrake,1,32,32,2,2018-07-21,2018
http://www.billboard.com/charts/hot-100/2017-04-15,4/15/2017,68,Get It Together,Drake Featuring Jorja Smith & Black Coffee,Get It TogetherDrake Featuring Jorja Smith & Black Coffee,1,45,45,2,2017-04-15,2017
http://www.billboard.com/charts/hot-100/2011-01-08,1/8/2011,69,Moment 4 Life,Nicki Minaj Featuring Drake,Moment 4 LifeNicki Minaj Featuring Drake,1,82,69,2,2011-01-08,2011
https://www.billboard.com/charts/hot-100/2019-08-17,8/17/2019,73,Gold Roses,Rick Ross Featuring Drake,Gold RosesRick Ross Featuring Drake,1,39,39,2,2019-08-17,2019
http://www.billboard.com/charts/hot-100/2016-05-28,5/28/2016,74,Feel No Ways,Drake,Feel No WaysDrake,1,53,53,2,2016-05-28,2016
http://www.billboard.com/charts/hot-100/2015-10-17,10/17/2015,74,Live From The Gutter,Drake & Future,Live From The GutterDrake & Future,1,85,74,2,2015-10-17,2015
http://www.billboard.com/charts/hot-100/2015-03-14,3/14/2015,75,Know Yourself,Drake,Know YourselfDrake,1,70,70,2,2015-03-14,2015
http://www.billboard.com/charts/hot-100/2011-01-01,1/1/2011,75,Fall For Your Type,Jamie Foxx Featuring Drake,Fall For Your TypeJamie Foxx Featuring Drake,1,95,75,2,2011-01-01,2011
http://www.billboard.com/charts/hot-100/2017-04-15,4/15/2017,76,No Long Talk,Drake Featuring Giggs,No Long TalkDrake Featuring Giggs,1,40,40,2,2017-04-15,2017
http://www.billboard.com/charts/hot-100/2015-10-17,10/17/2015,76,I'm The Plug,Drake & Future,I'm The PlugDrake & Future,1,89,76,2,2015-10-17,2015
http://www.billboard.com/charts/hot-100/2017-07-22,7/22/2017,77,No Complaints,Metro Boomin Featuring Offset & Drake,No ComplaintsMetro Boomin Featuring Offset & Drake,1,71,71,2,2017-07-22,2017
https://www.billboard.com/charts/hot-100/2018-07-21,7/21/2018,78,Finesse,Drake,FinesseDrake,1,42,42,2,2018-07-21,2018
http://www.billboard.com/charts/hot-100/2017-04-15,4/15/2017,79,KMT,Drake Featuring Giggs,KMTDrake Featuring Giggs,1,48,48,2,2017-04-15,2017
http://www.billboard.com/charts/hot-100/2012-11-24,11/24/2012,79,F**kin Problems,"A$AP Rocky Featuring Drake, 2 Chainz & Kendrick Lamar","F**kin ProblemsA$AP Rocky Featuring Drake, 2 Chainz & Kendrick Lamar",1,73,73,2,2012-11-24,2012
http://www.billboard.com/charts/hot-100/2016-08-13,8/13/2016,80,No Shopping,French Montana Featuring Drake,No ShoppingFrench Montana Featuring Drake,1,89,80,2,2016-08-13,2016
http://www.billboard.com/charts/hot-100/2009-11-14,11/14/2009,80,I Invented Sex,Trey Songz Featuring Drake,I Invented SexTrey Songz Featuring Drake,1,90,80,2,2009-11-14,2009
http://www.billboard.com/charts/hot-100/2014-01-11,1/11/2014,82,Mine,Beyonce Featuring Drake,MineBeyonce Featuring Drake,1,99,82,2,2014-01-11,2014
http://www.billboard.com/charts/hot-100/2017-04-15,4/15/2017,83,Jorja Interlude,Drake,Jorja InterludeDrake,1,49,49,2,2017-04-15,2017
http://www.billboard.com/charts/hot-100/2017-04-08,4/8/2017,84,No Frauds,"Nicki Minaj, Drake & Lil Wayne","No FraudsNicki Minaj, Drake & Lil Wayne",1,14,14,2,2017-04-08,2017
http://www.billboard.com/charts/hot-100/2017-04-15,4/15/2017,84,Madiba Riddim,Drake,Madiba RiddimDrake,1,51,51,2,2017-04-15,2017
http://www.billboard.com/charts/hot-100/2013-10-19,10/19/2013,84,Furthest Thing,Drake,Furthest ThingDrake,1,56,56,2,2013-10-19,2013
http://www.billboard.com/charts/hot-100/2017-04-15,4/15/2017,85,Ice Melts,Drake Featuring Young Thug,Ice MeltsDrake Featuring Young Thug,1,62,62,2,2017-04-15,2017
https://www.billboard.com/charts/hot-100/2018-08-04,8/4/2018,100,Can't Take A Joke,Drake,Can't Take A JokeDrake,1,61,18,4,2018-08-04,2018
http://www.billboard.com/charts/hot-100/2016-05-21,5/21/2016,1,One Dance,Drake Featuring WizKid & Kyla,One DanceDrake Featuring WizKid & Kyla,1,2,1,5,2016-05-21,2016
http://www.billboard.com/charts/hot-100/2013-03-23,3/23/2013,7,Started From The Bottom,Drake,Started From The BottomDrake,1,6,6,5,2013-03-23,2013
https://www.billboard.com/charts/hot-100/2020-08-29,8/29/2020,21,Popstar,DJ Khaled Featuring Drake,PopstarDJ Khaled Featuring Drake,1,23,3,5,2020-08-29,2020
http://www.billboard.com/charts/hot-100/2016-05-21,5/21/2016,21,Pop Style,Drake Featuring The Throne,Pop StyleDrake Featuring The Throne,1,40,16,5,2016-05-21,2016
http://www.billboard.com/charts/hot-100/2010-04-24,4/24/2010,22,Over,Drake,OverDrake,1,24,17,5,2010-04-24,2010
http://www.billboard.com/charts/hot-100/2016-06-18,6/18/2016,25,Controlla,Drake,ControllaDrake,1,21,21,5,2016-06-18,2016
http://www.billboard.com/charts/hot-100/2011-10-01,10/1/2011,26,She Will,Lil Wayne Featuring Drake,She WillLil Wayne Featuring Drake,1,28,3,5,2011-10-01,2011
http://www.billboard.com/charts/hot-100/2017-05-06,5/6/2017,27,Passionfruit,Drake,PassionfruitDrake,1,22,8,5,2017-05-06,2017
https://www.billboard.com/charts/hot-100/2018-08-11,8/11/2018,29,Nonstop,Drake,NonstopDrake,1,29,2,5,2018-08-11,2018
http://www.billboard.com/charts/hot-100/2016-03-19,3/19/2016,30,Summer Sixteen,Drake,Summer SixteenDrake,1,32,6,5,2016-03-19,2016
http://www.billboard.com/charts/hot-100/2015-03-21,3/21/2015,30,Blessings,Big Sean Featuring Drake,BlessingsBig Sean Featuring Drake,1,36,30,5,2015-03-21,2015
http://www.billboard.com/charts/hot-100/2010-10-02,10/2/2010,31,Right Above It,Lil Wayne Featuring Drake,Right Above ItLil Wayne Featuring Drake,1,28,6,5,2010-10-02,2010
http://www.billboard.com/charts/hot-100/2014-12-13,12/13/2014,33,Only,"Nicki Minaj Featuring Drake, Lil Wayne & Chris Brown","OnlyNicki Minaj Featuring Drake, Lil Wayne & Chris Brown",1,31,27,5,2014-12-13,2014
http://www.billboard.com/charts/hot-100/2014-07-12,7/12/2014,35,Believe Me,Lil Wayne Featuring Drake,Believe MeLil Wayne Featuring Drake,1,34,26,5,2014-07-12,2014
http://www.billboard.com/charts/hot-100/2009-06-20,6/20/2009,36,Best I Ever Had,Drake,Best I Ever HadDrake,1,18,18,5,2009-06-20,2009
http://www.billboard.com/charts/hot-100/2010-02-20,2/20/2010,36,Say Something,Timbaland Featuring Drake,Say SomethingTimbaland Featuring Drake,1,46,36,5,2010-02-20,2010
http://www.billboard.com/charts/hot-100/2015-09-19,9/19/2015,39,Back To Back,Drake,Back To BackDrake,1,39,21,5,2015-09-19,2015
http://www.billboard.com/charts/hot-100/2015-08-15,8/15/2015,40,R.I.C.O.,Meek Mill Featuring Drake,R.I.C.O.Meek Mill Featuring Drake,1,46,40,5,2015-08-15,2015
http://www.billboard.com/charts/hot-100/2013-11-09,11/9/2013,44,All Me,Drake Featuring 2 Chainz & Big Sean,All MeDrake Featuring 2 Chainz & Big Sean,1,43,20,5,2013-11-09,2013
http://www.billboard.com/charts/hot-100/2017-02-04,2/4/2017,44,Both,Gucci Mane Featuring Drake,BothGucci Mane Featuring Drake,1,44,41,5,2017-02-04,2017
http://www.billboard.com/charts/hot-100/2016-12-10,12/10/2016,50,Sneakin',Drake Featuring 21 Savage,Sneakin'Drake Featuring 21 Savage,1,44,28,5,2016-12-10,2016
http://www.billboard.com/charts/hot-100/2014-09-06,9/6/2014,53,0 To 100 / The Catch Up,Drake,0 To 100 / The Catch UpDrake,1,53,53,5,2014-09-06,2014
http://www.billboard.com/charts/hot-100/2012-01-07,1/7/2012,49,Take Care,Drake Featuring Rihanna,Take CareDrake Featuring Rihanna,1,58,9,6,2012-01-07,2012
http://www.billboard.com/charts/hot-100/2017-02-11,2/11/2017,49,Both,Gucci Mane Featuring Drake,BothGucci Mane Featuring Drake,1,44,41,6,2017-02-11,2017
https://www.billboard.com/charts/hot-100/2020-06-20,6/20/2020,52,Chicago Freestyle,Drake Featuring Giveon,Chicago FreestyleDrake Featuring Giveon,1,59,14,6,2020-06-20,2020
http://www.billboard.com/charts/hot-100/2017-05-13,5/13/2017,53,Portland,Drake Featuring Quavo & Travis Scott,PortlandDrake Featuring Quavo & Travis Scott,1,60,9,6,2017-05-13,2017
http://www.billboard.com/charts/hot-100/2015-08-22,8/22/2015,57,R.I.C.O.,Meek Mill Featuring Drake,R.I.C.O.Meek Mill Featuring Drake,1,40,40,6,2015-08-22,2015
http://www.billboard.com/charts/hot-100/2012-09-01,9/1/2012,61,Pop That,"French Montana Featuring Rick Ross, Drake, Lil Wayne","Pop ThatFrench Montana Featuring Rick Ross, Drake, Lil Wayne",1,70,61,6,2012-09-01,2012
http://www.billboard.com/charts/hot-100/2009-09-05,9/5/2009,63,Successful,Drake Featuring Trey Songz & Lil Wayne,SuccessfulDrake Featuring Trey Songz & Lil Wayne,1,62,62,6,2009-09-05,2009
http://www.billboard.com/charts/hot-100/2015-11-14,11/14/2015,64,Big Rings,Drake & Future,Big RingsDrake & Future,1,57,52,6,2015-11-14,2015
http://www.billboard.com/charts/hot-100/2012-08-11,8/11/2012,65,Amen,Meek Mill Featuring Drake,AmenMeek Mill Featuring Drake,1,64,64,6,2012-08-11,2012
http://www.billboard.com/charts/hot-100/2016-12-17,12/17/2016,66,Sneakin',Drake Featuring 21 Savage,Sneakin'Drake Featuring 21 Savage,1,50,28,6,2016-12-17,2016
http://www.billboard.com/charts/hot-100/2015-11-07,11/7/2015,68,Right Hand,Drake,Right HandDrake,1,72,58,6,2015-11-07,2015
http://www.billboard.com/charts/hot-100/2016-06-25,6/25/2016,72,Childs Play,Drake,Childs PlayDrake,1,60,49,6,2016-06-25,2016
http://www.billboard.com/charts/hot-100/2016-06-25,6/25/2016,73,Still Here,Drake,Still HereDrake,1,61,40,6,2016-06-25,2016
http://www.billboard.com/charts/hot-100/2015-11-14,11/14/2015,75,Diamonds Dancing,Drake & Future,Diamonds DancingDrake & Future,1,66,53,6,2015-11-14,2015
http://www.billboard.com/charts/hot-100/2015-04-04,4/4/2015,76,10 Bands,Drake,10 BandsDrake,1,78,58,6,2015-04-04,2015
http://www.billboard.com/charts/hot-100/2012-12-15,12/15/2012,84,Poetic Justice,Kendrick Lamar Featuring Drake,Poetic JusticeKendrick Lamar Featuring Drake,1,90,76,6,2012-12-15,2012
http://www.billboard.com/charts/hot-100/2014-03-22,3/22/2014,85,Odio,Romeo Santos Featuring Drake,OdioRomeo Santos Featuring Drake,1,72,45,6,2014-03-22,2014
https://www.billboard.com/charts/hot-100/2020-04-25,4/25/2020,89,Oprah's Bank Account,"Lil Yachty, Drake & DaBaby","Oprah's Bank AccountLil Yachty, Drake & DaBaby",1,80,55,6,2020-04-25,2020
http://www.billboard.com/charts/hot-100/2015-11-14,11/14/2015,90,Digital Dash,Drake & Future,Digital DashDrake & Future,1,77,62,6,2015-11-14,2015
http://www.billboard.com/charts/hot-100/2015-09-26,9/26/2015,92,100,The Game Featuring Drake,100The Game Featuring Drake,1,91,90,6,2015-09-26,2015
http://www.billboard.com/charts/hot-100/2015-11-14,11/14/2015,95,Scholarships,Drake & Future,ScholarshipsDrake & Future,1,82,69,6,2015-11-14,2015
http://www.billboard.com/charts/hot-100/2012-05-12,5/12/2012,97,Crew Love,Drake Featuring The Weeknd,Crew LoveDrake Featuring The Weeknd,1,87,87,6,2012-05-12,2012
http://www.billboard.com/charts/hot-100/2013-11-16,11/16/2013,99,Pound Cake / Paris Morton Music 2,Drake Featuring Jay Z,Pound Cake / Paris Morton Music 2Drake Featuring Jay Z,1,89,65,6,2013-11-16,2013
http://www.billboard.com/charts/hot-100/2017-08-19,8/19/2017,100,Signs,Drake,SignsDrake,1,98,36,6,2017-08-19,2017
http://www.billboard.com/charts/hot-100/2016-06-04,6/4/2016,1,One Dance,Drake Featuring WizKid & Kyla,One DanceDrake Featuring WizKid & Kyla,1,2,1,7,2016-06-04,2016
http://www.billboard.com/charts/hot-100/2009-07-04,7/4/2009,3,Best I Ever Had,Drake,Best I Ever HadDrake,1,27,3,7,2009-07-04,2009
http://www.billboard.com/charts/hot-100/2013-04-06,4/6/2013,7,Started From The Bottom,Drake,Started From The BottomDrake,1,6,6,7,2013-04-06,2013
http://www.billboard.com/charts/hot-100/2017-04-29,4/29/2017,62,Gyalchester,Drake,GyalchesterDrake,1,62,29,4,2017-04-29,2017
http://www.billboard.com/charts/hot-100/2016-06-11,6/11/2016,65,Feel No Ways,Drake,Feel No WaysDrake,1,61,53,4,2016-06-11,2016
http://www.billboard.com/charts/hot-100/2015-03-28,3/28/2015,66,Know Yourself,Drake,Know YourselfDrake,1,65,65,4,2015-03-28,2015
http://www.billboard.com/charts/hot-100/2012-12-08,12/8/2012,66,F**kin Problems,"A$AP Rocky Featuring Drake, 2 Chainz & Kendrick Lamar","F**kin ProblemsA$AP Rocky Featuring Drake, 2 Chainz & Kendrick Lamar",1,70,66,4,2012-12-08,2012
https://www.billboard.com/charts/hot-100/2018-10-27,10/27/2018,67,No Stylist,French Montana Featuring Drake,No StylistFrench Montana Featuring Drake,1,85,47,4,2018-10-27,2018
http://www.billboard.com/charts/hot-100/2016-05-21,5/21/2016,52,Too Good,Drake Featuring Rihanna,Too GoodDrake Featuring Rihanna,1,NA,52,1,2016-05-21,2016
http://www.billboard.com/charts/hot-100/2016-05-28,5/28/2016,41,Too Good,Drake Featuring Rihanna,Too GoodDrake Featuring Rihanna,1,52,41,2,2016-05-28,2016
http://www.billboard.com/charts/hot-100/2016-06-04,6/4/2016,33,Too Good,Drake Featuring Rihanna,Too GoodDrake Featuring Rihanna,1,41,33,3,2016-06-04,2016
http://www.billboard.com/charts/hot-100/2016-06-11,6/11/2016,34,Too Good,Drake Featuring Rihanna,Too GoodDrake Featuring Rihanna,1,33,33,4,2016-06-11,2016
http://www.billboard.com/charts/hot-100/2016-06-18,6/18/2016,30,Too Good,Drake Featuring Rihanna,Too GoodDrake Featuring Rihanna,1,34,30,5,2016-06-18,2016
http://www.billboard.com/charts/hot-100/2016-06-25,6/25/2016,33,Too Good,Drake Featuring Rihanna,Too GoodDrake Featuring Rihanna,1,30,30,6,2016-06-25,2016
http://www.billboard.com/charts/hot-100/2016-07-02,7/2/2016,29,Too Good,Drake Featuring Rihanna,Too GoodDrake Featuring Rihanna,1,33,29,7,2016-07-02,2016
http://www.billboard.com/charts/hot-100/2016-07-09,7/9/2016,27,Too Good,Drake Featuring Rihanna,Too GoodDrake Featuring Rihanna,1,29,27,8,2016-07-09,2016
http://www.billboard.com/charts/hot-100/2016-07-16,7/16/2016,27,Too Good,Drake Featuring Rihanna,Too GoodDrake Featuring Rihanna,1,27,27,9,2016-07-16,2016
http://www.billboard.com/charts/hot-100/2016-07-23,7/23/2016,22,Too Good,Drake Featuring Rihanna,Too GoodDrake Featuring Rihanna,1,27,22,10,2016-07-23,2016
http://www.billboard.com/charts/hot-100/2016-07-30,7/30/2016,19,Too Good,Drake Featuring Rihanna,Too GoodDrake Featuring Rihanna,1,22,19,11,2016-07-30,2016
http://www.billboard.com/charts/hot-100/2016-08-06,8/6/2016,20,Too Good,Drake Featuring Rihanna,Too GoodDrake Featuring Rihanna,1,19,19,12,2016-08-06,2016
http://www.billboard.com/charts/hot-100/2016-08-13,8/13/2016,20,Too Good,Drake Featuring Rihanna,Too GoodDrake Featuring Rihanna,1,20,19,13,2016-08-13,2016
http://www.billboard.com/charts/hot-100/2016-08-20,8/20/2016,20,Too Good,Drake Featuring Rihanna,Too GoodDrake Featuring Rihanna,1,20,19,14,2016-08-20,2016
http://www.billboard.com/charts/hot-100/2016-08-27,8/27/2016,17,Too Good,Drake Featuring Rihanna,Too GoodDrake Featuring Rihanna,1,20,17,15,2016-08-27,2016
http://www.billboard.com/charts/hot-100/2016-09-03,9/3/2016,14,Too Good,Drake Featuring Rihanna,Too GoodDrake Featuring Rihanna,1,17,14,16,2016-09-03,2016
http://www.billboard.com/charts/hot-100/2016-09-10,9/10/2016,14,Too Good,Drake Featuring Rihanna,Too GoodDrake Featuring Rihanna,1,14,14,17,2016-09-10,2016
http://www.billboard.com/charts/hot-100/2016-09-17,9/17/2016,16,Too Good,Drake Featuring Rihanna,Too GoodDrake Featuring Rihanna,1,14,14,18,2016-09-17,2016
http://www.billboard.com/charts/hot-100/2016-09-24,9/24/2016,17,Too Good,Drake Featuring Rihanna,Too GoodDrake Featuring Rihanna,1,16,14,19,2016-09-24,2016
http://www.billboard.com/charts/hot-100/2016-10-01,10/1/2016,16,Too Good,Drake Featuring Rihanna,Too GoodDrake Featuring Rihanna,1,17,14,20,2016-10-01,2016
http://www.billboard.com/charts/hot-100/2016-10-08,10/8/2016,15,Too Good,Drake Featuring Rihanna,Too GoodDrake Featuring Rihanna,1,16,14,21,2016-10-08,2016
http://www.billboard.com/charts/hot-100/2016-10-15,10/15/2016,18,Too Good,Drake Featuring Rihanna,Too GoodDrake Featuring Rihanna,1,15,14,22,2016-10-15,2016
http://www.billboard.com/charts/hot-100/2016-10-22,10/22/2016,19,Too Good,Drake Featuring Rihanna,Too GoodDrake Featuring Rihanna,1,18,14,23,2016-10-22,2016
http://www.billboard.com/charts/hot-100/2016-10-29,10/29/2016,24,Too Good,Drake Featuring Rihanna,Too GoodDrake Featuring Rihanna,1,19,14,24,2016-10-29,2016
http://www.billboard.com/charts/hot-100/2016-11-05,11/5/2016,28,Too Good,Drake Featuring Rihanna,Too GoodDrake Featuring Rihanna,1,24,14,25,2016-11-05,2016
http://www.billboard.com/charts/hot-100/2016-11-12,11/12/2016,33,Too Good,Drake Featuring Rihanna,Too GoodDrake Featuring Rihanna,1,28,14,26,2016-11-12,2016
http://www.billboard.com/charts/hot-100/2016-11-19,11/19/2016,37,Too Good,Drake Featuring Rihanna,Too GoodDrake Featuring Rihanna,1,33,14,27,2016-11-19,2016
http://www.billboard.com/charts/hot-100/2016-11-26,11/26/2016,45,Too Good,Drake Featuring Rihanna,Too GoodDrake Featuring Rihanna,1,37,14,28,2016-11-26,2016
http://www.billboard.com/charts/hot-100/2016-12-03,12/3/2016,48,Too Good,Drake Featuring Rihanna,Too GoodDrake Featuring Rihanna,1,45,14,29,2016-12-03,2016
http://www.billboard.com/charts/hot-100/2013-10-12,10/12/2013,64,Too Much,Drake,Too MuchDrake,1,NA,64,1,2013-10-12,2013
https://www.billboard.com/charts/hot-100/2020-04-18,4/18/2020,1,Toosie Slide,Drake,Toosie SlideDrake,1,NA,1,1,2020-04-18,2020
https://www.billboard.com/charts/hot-100/2020-04-25,4/25/2020,2,Toosie Slide,Drake,Toosie SlideDrake,1,1,1,2,2020-04-25,2020
https://www.billboard.com/charts/hot-100/2020-05-02,5/2/2020,2,Toosie Slide,Drake,Toosie SlideDrake,1,2,1,3,2020-05-02,2020
https://www.billboard.com/charts/hot-100/2020-05-09,5/9/2020,3,Toosie Slide,Drake,Toosie SlideDrake,1,2,1,4,2020-05-09,2020
https://www.billboard.com/charts/hot-100/2020-05-16,5/16/2020,4,Toosie Slide,Drake,Toosie SlideDrake,1,3,1,5,2020-05-16,2020
https://www.billboard.com/charts/hot-100/2020-05-23,5/23/2020,6,Toosie Slide,Drake,Toosie SlideDrake,1,4,1,6,2020-05-23,2020
https://www.billboard.com/charts/hot-100/2020-05-30,5/30/2020,5,Toosie Slide,Drake,Toosie SlideDrake,1,6,1,7,2020-05-30,2020
https://www.billboard.com/charts/hot-100/2020-06-06,6/6/2020,6,Toosie Slide,Drake,Toosie SlideDrake,1,5,1,8,2020-06-06,2020
https://www.billboard.com/charts/hot-100/2020-06-13,6/13/2020,6,Toosie Slide,Drake,Toosie SlideDrake,1,6,1,9,2020-06-13,2020
https://www.billboard.com/charts/hot-100/2020-06-20,6/20/2020,6,Toosie Slide,Drake,Toosie SlideDrake,1,6,1,10,2020-06-20,2020
https://www.billboard.com/charts/hot-100/2020-06-27,6/27/2020,12,Toosie Slide,Drake,Toosie SlideDrake,1,6,1,11,2020-06-27,2020
https://www.billboard.com/charts/hot-100/2020-07-04,7/4/2020,20,Toosie Slide,Drake,Toosie SlideDrake,1,12,1,12,2020-07-04,2020
https://www.billboard.com/charts/hot-100/2020-07-11,7/11/2020,26,Toosie Slide,Drake,Toosie SlideDrake,1,20,1,13,2020-07-11,2020
https://www.billboard.com/charts/hot-100/2020-07-18,7/18/2020,38,Toosie Slide,Drake,Toosie SlideDrake,1,26,1,14,2020-07-18,2020
https://www.billboard.com/charts/hot-100/2020-07-25,7/25/2020,54,Toosie Slide,Drake,Toosie SlideDrake,1,38,1,15,2020-07-25,2020
https://www.billboard.com/charts/hot-100/2020-08-01,8/1/2020,45,Toosie Slide,Drake,Toosie SlideDrake,1,54,1,16,2020-08-01,2020
https://www.billboard.com/charts/hot-100/2020-08-08,8/8/2020,75,Toosie Slide,Drake,Toosie SlideDrake,1,45,1,17,2020-08-08,2020
https://www.billboard.com/charts/hot-100/2020-08-15,8/15/2020,64,Toosie Slide,Drake,Toosie SlideDrake,1,75,1,18,2020-08-15,2020
https://www.billboard.com/charts/hot-100/2020-08-22,8/22/2020,68,Toosie Slide,Drake,Toosie SlideDrake,1,64,1,19,2020-08-22,2020
https://www.billboard.com/charts/hot-100/2020-08-29,8/29/2020,72,Toosie Slide,Drake,Toosie SlideDrake,1,68,1,20,2020-08-29,2020
https://www.billboard.com/charts/hot-100/2018-02-10,2/10/2018,18,Walk It Talk It,Migos Featuring Drake,Walk It Talk ItMigos Featuring Drake,1,NA,18,1,2018-02-10,2018
https://www.billboard.com/charts/hot-100/2018-02-17,2/17/2018,48,Walk It Talk It,Migos Featuring Drake,Walk It Talk ItMigos Featuring Drake,1,18,18,2,2018-02-17,2018
https://www.billboard.com/charts/hot-100/2018-02-24,2/24/2018,52,Walk It Talk It,Migos Featuring Drake,Walk It Talk ItMigos Featuring Drake,1,48,18,3,2018-02-24,2018
https://www.billboard.com/charts/hot-100/2018-03-03,3/3/2018,52,Walk It Talk It,Migos Featuring Drake,Walk It Talk ItMigos Featuring Drake,1,52,18,4,2018-03-03,2018
https://www.billboard.com/charts/hot-100/2018-03-10,3/10/2018,53,Walk It Talk It,Migos Featuring Drake,Walk It Talk ItMigos Featuring Drake,1,52,18,5,2018-03-10,2018
https://www.billboard.com/charts/hot-100/2018-03-17,3/17/2018,59,Walk It Talk It,Migos Featuring Drake,Walk It Talk ItMigos Featuring Drake,1,53,18,6,2018-03-17,2018
https://www.billboard.com/charts/hot-100/2018-03-24,3/24/2018,69,Walk It Talk It,Migos Featuring Drake,Walk It Talk ItMigos Featuring Drake,1,59,18,7,2018-03-24,2018
https://www.billboard.com/charts/hot-100/2018-03-31,3/31/2018,20,Walk It Talk It,Migos Featuring Drake,Walk It Talk ItMigos Featuring Drake,1,69,18,8,2018-03-31,2018
https://www.billboard.com/charts/hot-100/2018-04-07,4/7/2018,15,Walk It Talk It,Migos Featuring Drake,Walk It Talk ItMigos Featuring Drake,1,20,15,9,2018-04-07,2018
https://www.billboard.com/charts/hot-100/2018-04-14,4/14/2018,10,Walk It Talk It,Migos Featuring Drake,Walk It Talk ItMigos Featuring Drake,1,15,10,10,2018-04-14,2018
https://www.billboard.com/charts/hot-100/2018-04-21,4/21/2018,12,Walk It Talk It,Migos Featuring Drake,Walk It Talk ItMigos Featuring Drake,1,10,10,11,2018-04-21,2018
https://www.billboard.com/charts/hot-100/2018-04-28,4/28/2018,11,Walk It Talk It,Migos Featuring Drake,Walk It Talk ItMigos Featuring Drake,1,12,10,12,2018-04-28,2018
https://www.billboard.com/charts/hot-100/2018-05-05,5/5/2018,18,Walk It Talk It,Migos Featuring Drake,Walk It Talk ItMigos Featuring Drake,1,11,10,13,2018-05-05,2018
https://www.billboard.com/charts/hot-100/2018-05-12,5/12/2018,18,Walk It Talk It,Migos Featuring Drake,Walk It Talk ItMigos Featuring Drake,1,18,10,14,2018-05-12,2018
https://www.billboard.com/charts/hot-100/2018-05-19,5/19/2018,14,Walk It Talk It,Migos Featuring Drake,Walk It Talk ItMigos Featuring Drake,1,18,10,15,2018-05-19,2018
https://www.billboard.com/charts/hot-100/2018-05-26,5/26/2018,12,Walk It Talk It,Migos Featuring Drake,Walk It Talk ItMigos Featuring Drake,1,14,10,16,2018-05-26,2018
https://www.billboard.com/charts/hot-100/2018-06-02,6/2/2018,14,Walk It Talk It,Migos Featuring Drake,Walk It Talk ItMigos Featuring Drake,1,12,10,17,2018-06-02,2018
https://www.billboard.com/charts/hot-100/2018-06-09,6/9/2018,14,Walk It Talk It,Migos Featuring Drake,Walk It Talk ItMigos Featuring Drake,1,14,10,18,2018-06-09,2018
https://www.billboard.com/charts/hot-100/2018-06-16,6/16/2018,17,Walk It Talk It,Migos Featuring Drake,Walk It Talk ItMigos Featuring Drake,1,14,10,19,2018-06-16,2018
https://www.billboard.com/charts/hot-100/2018-06-23,6/23/2018,14,Walk It Talk It,Migos Featuring Drake,Walk It Talk ItMigos Featuring Drake,1,17,10,20,2018-06-23,2018
https://www.billboard.com/charts/hot-100/2018-06-30,6/30/2018,24,Walk It Talk It,Migos Featuring Drake,Walk It Talk ItMigos Featuring Drake,1,14,10,21,2018-06-30,2018
https://www.billboard.com/charts/hot-100/2018-07-07,7/7/2018,29,Walk It Talk It,Migos Featuring Drake,Walk It Talk ItMigos Featuring Drake,1,24,10,22,2018-07-07,2018
https://www.billboard.com/charts/hot-100/2021-03-20,3/20/2021,2,Wants And Needs,Drake Featuring Lil Baby,Wants And NeedsDrake Featuring Lil Baby,1,NA,2,1,2021-03-20,2021
https://www.billboard.com/charts/hot-100/2021-03-27,3/27/2021,10,Wants And Needs,Drake Featuring Lil Baby,Wants And NeedsDrake Featuring Lil Baby,1,2,2,2,2021-03-27,2021
https://www.billboard.com/charts/hot-100/2021-04-03,4/3/2021,19,Wants And Needs,Drake Featuring Lil Baby,Wants And NeedsDrake Featuring Lil Baby,1,10,2,3,2021-04-03,2021
https://www.billboard.com/charts/hot-100/2021-04-10,4/10/2021,34,Wants And Needs,Drake Featuring Lil Baby,Wants And NeedsDrake Featuring Lil Baby,1,19,2,4,2021-04-10,2021
https://www.billboard.com/charts/hot-100/2021-04-17,4/17/2021,38,Wants And Needs,Drake Featuring Lil Baby,Wants And NeedsDrake Featuring Lil Baby,1,34,2,5,2021-04-17,2021
https://www.billboard.com/charts/hot-100/2021-04-24,4/24/2021,47,Wants And Needs,Drake Featuring Lil Baby,Wants And NeedsDrake Featuring Lil Baby,1,38,2,6,2021-04-24,2021
https://www.billboard.com/charts/hot-100/2021-05-01,5/1/2021,36,Wants And Needs,Drake Featuring Lil Baby,Wants And NeedsDrake Featuring Lil Baby,1,47,2,7,2021-05-01,2021
https://www.billboard.com/charts/hot-100/2021-05-08,5/8/2021,39,Wants And Needs,Drake Featuring Lil Baby,Wants And NeedsDrake Featuring Lil Baby,1,36,2,8,2021-05-08,2021
https://www.billboard.com/charts/hot-100/2021-05-15,5/15/2021,42,Wants And Needs,Drake Featuring Lil Baby,Wants And NeedsDrake Featuring Lil Baby,1,39,2,9,2021-05-15,2021
https://www.billboard.com/charts/hot-100/2021-05-22,5/22/2021,38,Wants And Needs,Drake Featuring Lil Baby,Wants And NeedsDrake Featuring Lil Baby,1,42,2,10,2021-05-22,2021
https://www.billboard.com/charts/hot-100/2021-05-29,5/29/2021,49,Wants And Needs,Drake Featuring Lil Baby,Wants And NeedsDrake Featuring Lil Baby,1,38,2,11,2021-05-29,2021
https://www.billboard.com/charts/hot-100/2020-05-16,5/16/2020,52,War,Drake,WarDrake,1,NA,52,1,2020-05-16,2020
http://www.billboard.com/charts/hot-100/2011-12-03,12/3/2011,89,We'll Be Fine,Drake Featuring Birdman,We'll Be FineDrake Featuring Birdman,1,NA,89,1,2011-12-03,2011
http://www.billboard.com/charts/hot-100/2016-05-21,5/21/2016,54,Weston Road Flows,Drake,Weston Road FlowsDrake,1,NA,54,1,2016-05-21,2016
http://www.billboard.com/charts/hot-100/2016-06-04,6/4/2016,84,Weston Road Flows,Drake,Weston Road FlowsDrake,2,NA,84,2,2016-06-04,2016
http://www.billboard.com/charts/hot-100/2009-06-13,6/13/2009,18,Best I Ever Had,Drake,Best I Ever HadDrake,1,60,18,4,2009-06-13,2009
http://www.billboard.com/charts/hot-100/2016-06-11,6/11/2016,21,Controlla,Drake,ControllaDrake,1,22,21,4,2016-06-11,2016
http://www.billboard.com/charts/hot-100/2017-04-29,4/29/2017,22,Passionfruit,Drake,PassionfruitDrake,1,23,8,4,2017-04-29,2017
https://www.billboard.com/charts/hot-100/2020-08-22,8/22/2020,23,Popstar,DJ Khaled Featuring Drake,PopstarDJ Khaled Featuring Drake,1,18,3,4,2020-08-22,2020
http://www.billboard.com/charts/hot-100/2010-04-17,4/17/2010,24,Over,Drake,OverDrake,1,22,17,4,2010-04-17,2010
http://www.billboard.com/charts/hot-100/2011-09-24,9/24/2011,28,She Will,Lil Wayne Featuring Drake,She WillLil Wayne Featuring Drake,1,40,3,4,2011-09-24,2011
http://www.billboard.com/charts/hot-100/2010-09-25,9/25/2010,28,Right Above It,Lil Wayne Featuring Drake,Right Above ItLil Wayne Featuring Drake,1,26,6,4,2010-09-25,2010
https://www.billboard.com/charts/hot-100/2018-08-04,8/4/2018,29,Nonstop,Drake,NonstopDrake,1,20,2,4,2018-08-04,2018
http://www.billboard.com/charts/hot-100/2014-12-06,12/6/2014,31,Only,"Nicki Minaj Featuring Drake, Lil Wayne & Chris Brown","OnlyNicki Minaj Featuring Drake, Lil Wayne & Chris Brown",1,27,27,4,2014-12-06,2014
http://www.billboard.com/charts/hot-100/2016-03-12,3/12/2016,32,Summer Sixteen,Drake,Summer SixteenDrake,1,31,6,4,2016-03-12,2016
http://www.billboard.com/charts/hot-100/2014-07-05,7/5/2014,34,Believe Me,Lil Wayne Featuring Drake,Believe MeLil Wayne Featuring Drake,1,34,26,4,2014-07-05,2014
http://www.billboard.com/charts/hot-100/2015-03-14,3/14/2015,36,Blessings,Big Sean Featuring Drake,BlessingsBig Sean Featuring Drake,1,68,36,4,2015-03-14,2015
http://www.billboard.com/charts/hot-100/2015-09-12,9/12/2015,39,Back To Back,Drake,Back To BackDrake,1,35,21,4,2015-09-12,2015
http://www.billboard.com/charts/hot-100/2016-05-14,5/14/2016,40,Pop Style,Drake Featuring The Throne,Pop StyleDrake Featuring The Throne,1,25,16,4,2016-05-14,2016
http://www.billboard.com/charts/hot-100/2017-04-29,4/29/2017,41,Portland,Drake Featuring Quavo & Travis Scott,PortlandDrake Featuring Quavo & Travis Scott,1,36,9,4,2017-04-29,2017
http://www.billboard.com/charts/hot-100/2013-11-02,11/2/2013,43,All Me,Drake Featuring 2 Chainz & Big Sean,All MeDrake Featuring 2 Chainz & Big Sean,1,41,20,4,2013-11-02,2013
http://www.billboard.com/charts/hot-100/2016-12-03,12/3/2016,44,Sneakin',Drake Featuring 21 Savage,Sneakin'Drake Featuring 21 Savage,1,43,28,4,2016-12-03,2016
http://www.billboard.com/charts/hot-100/2017-01-28,1/28/2017,44,Both,Gucci Mane Featuring Drake,BothGucci Mane Featuring Drake,1,52,41,4,2017-01-28,2017
http://www.billboard.com/charts/hot-100/2015-08-08,8/8/2015,46,R.I.C.O.,Meek Mill Featuring Drake,R.I.C.O.Meek Mill Featuring Drake,1,45,43,4,2015-08-08,2015
http://www.billboard.com/charts/hot-100/2010-02-13,2/13/2010,46,Say Something,Timbaland Featuring Drake,Say SomethingTimbaland Featuring Drake,1,61,46,4,2010-02-13,2010
http://www.billboard.com/charts/hot-100/2014-08-30,8/30/2014,53,0 To 100 / The Catch Up,Drake,0 To 100 / The Catch UpDrake,1,58,53,4,2014-08-30,2014
http://www.billboard.com/charts/hot-100/2015-10-31,10/31/2015,54,Big Rings,Drake & Future,Big RingsDrake & Future,1,52,52,4,2015-10-31,2015
http://www.billboard.com/charts/hot-100/2016-06-11,6/11/2016,55,Still Here,Drake,Still HereDrake,1,47,40,4,2016-06-11,2016
https://www.billboard.com/charts/hot-100/2021-05-22,5/22/2021,57,Solid,Young Thug & Gunna Featuring Drake,SolidYoung Thug & Gunna Featuring Drake,1,52,12,4,2021-05-22,2021
http://www.billboard.com/charts/hot-100/2016-06-11,6/11/2016,57,Childs Play,Drake,Childs PlayDrake,1,55,49,4,2016-06-11,2016
https://www.billboard.com/charts/hot-100/2020-06-06,6/6/2020,58,Chicago Freestyle,Drake Featuring Giveon,Chicago FreestyleDrake Featuring Giveon,1,56,14,4,2020-06-06,2020
http://www.billboard.com/charts/hot-100/2011-12-24,12/24/2011,61,Take Care,Drake Featuring Rihanna,Take CareDrake Featuring Rihanna,1,49,9,4,2011-12-24,2011
http://www.billboard.com/charts/hot-100/2016-06-04,6/4/2016,75,Fire & Desire,Drake,Fire & DesireDrake,1,92,75,3,2016-06-04,2016
http://www.billboard.com/charts/hot-100/2015-10-24,10/24/2015,79,I'm The Plug,Drake & Future,I'm The PlugDrake & Future,1,76,76,3,2015-10-24,2015
http://www.billboard.com/charts/hot-100/2015-10-24,10/24/2015,82,Live From The Gutter,Drake & Future,Live From The GutterDrake & Future,1,74,74,3,2015-10-24,2015
https://www.billboard.com/charts/hot-100/2018-10-20,10/20/2018,85,No Stylist,French Montana Featuring Drake,No StylistFrench Montana Featuring Drake,1,94,47,3,2018-10-20,2018
http://www.billboard.com/charts/hot-100/2012-02-18,2/18/2012,91,Mr. Wrong,Mary J. Blige Featuring Drake,Mr. WrongMary J. Blige Featuring Drake,1,97,91,3,2012-02-18,2012
http://www.billboard.com/charts/hot-100/2010-10-30,10/30/2010,96,Gonorrhea,Lil Wayne Featuring Drake,GonorrheaLil Wayne Featuring Drake,1,64,17,3,2010-10-30,2010
https://www.billboard.com/charts/hot-100/2018-02-24,2/24/2018,1,God's Plan,Drake,God's PlanDrake,1,1,1,4,2018-02-24,2018
https://www.billboard.com/charts/hot-100/2018-05-12,5/12/2018,1,Nice For What,Drake,Nice For WhatDrake,1,1,1,4,2018-05-12,2018
https://www.billboard.com/charts/hot-100/2018-08-04,8/4/2018,1,In My Feelings,Drake,In My FeelingsDrake,1,1,1,4,2018-08-04,2018
https://www.billboard.com/charts/hot-100/2020-02-15,2/15/2020,2,Life Is Good,Future Featuring Drake,Life Is GoodFuture Featuring Drake,1,2,2,4,2020-02-15,2020
https://www.billboard.com/charts/hot-100/2020-09-19,9/19/2020,3,Laugh Now Cry Later,Drake Featuring Lil Durk,Laugh Now Cry LaterDrake Featuring Lil Durk,1,3,2,4,2020-09-19,2020
https://www.billboard.com/charts/hot-100/2018-03-17,3/17/2018,7,Look Alive,BlocBoy JB Featuring Drake,Look AliveBlocBoy JB Featuring Drake,1,6,5,4,2018-03-17,2018
https://www.billboard.com/charts/hot-100/2019-07-13,7/13/2019,9,No Guidance,Chris Brown Featuring Drake,No GuidanceChris Brown Featuring Drake,1,9,9,4,2019-07-13,2019
https://www.billboard.com/charts/hot-100/2019-07-20,7/20/2019,11,Money In The Grave,Drake Featuring Rick Ross,Money In The GraveDrake Featuring Rick Ross,1,11,7,4,2019-07-20,2019
http://www.billboard.com/charts/hot-100/2013-09-14,9/14/2013,12,"Hold On, We're Going Home",Drake Featuring Majid Jordan,"Hold On, We're Going HomeDrake Featuring Majid Jordan",1,17,12,4,2013-09-14,2013
http://www.billboard.com/charts/hot-100/2015-10-31,10/31/2015,13,Jumpman,Drake & Future,JumpmanDrake & Future,1,16,13,4,2015-10-31,2015
http://www.billboard.com/charts/hot-100/2016-12-03,12/3/2016,14,Fake Love,Drake,Fake LoveDrake,1,17,10,4,2016-12-03,2016
http://www.billboard.com/charts/hot-100/2009-10-24,10/24/2009,15,Forever,"Drake Featuring Kanye West, Lil Wayne & Eminem","ForeverDrake Featuring Kanye West, Lil Wayne & Eminem",1,13,8,4,2009-10-24,2009
http://www.billboard.com/charts/hot-100/2010-06-12,6/12/2010,15,Find Your Love,Drake,Find Your LoveDrake,1,20,15,4,2010-06-12,2010
https://www.billboard.com/charts/hot-100/2018-06-30,6/30/2018,15,I'm Upset,Drake,I'm UpsetDrake,1,28,15,4,2018-06-30,2018
http://www.billboard.com/charts/hot-100/2011-06-25,6/25/2011,17,I'm On One,"DJ Khaled Featuring Drake, Rick Ross & Lil Wayne","I'm On OneDJ Khaled Featuring Drake, Rick Ross & Lil Wayne",1,14,10,4,2011-06-25,2011
https://www.billboard.com/charts/hot-100/2018-11-17,11/17/2018,19,MIA,Bad Bunny Featuring Drake,MIABad Bunny Featuring Drake,1,15,5,4,2018-11-17,2018
http://www.billboard.com/charts/hot-100/2016-07-16,7/16/2016,22,For Free,DJ Khaled Featuring Drake,For FreeDJ Khaled Featuring Drake,1,33,18,4,2016-07-16,2016
http://www.billboard.com/charts/hot-100/2013-02-23,2/23/2013,23,Love Me,Lil Wayne Featuring Drake & Future,Love MeLil Wayne Featuring Drake & Future,1,21,16,4,2013-02-23,2013
http://www.billboard.com/charts/hot-100/2011-09-17,9/17/2011,29,Headlines,Drake,HeadlinesDrake,1,28,13,4,2011-09-17,2011
http://www.billboard.com/charts/hot-100/2015-09-12,9/12/2015,29,Hotline Bling,Drake,Hotline BlingDrake,1,34,29,4,2015-09-12,2015
http://www.billboard.com/charts/hot-100/2011-11-19,11/19/2011,35,Make Me Proud,Drake Featuring Nicki Minaj,Make Me ProudDrake Featuring Nicki Minaj,1,25,9,4,2011-11-19,2011
https://www.billboard.com/charts/hot-100/2019-01-05,1/5/2019,36,Going Bad,Meek Mill Featuring Drake,Going BadMeek Mill Featuring Drake,1,22,6,4,2019-01-05,2019
http://www.billboard.com/charts/hot-100/2011-06-18,6/18/2011,90,Unusual,Trey Songz Featuring Drake,UnusualTrey Songz Featuring Drake,1,NA,90,1,2011-06-18,2011
http://www.billboard.com/charts/hot-100/2011-06-25,6/25/2011,87,Unusual,Trey Songz Featuring Drake,UnusualTrey Songz Featuring Drake,1,90,87,2,2011-06-25,2011
http://www.billboard.com/charts/hot-100/2011-07-02,7/2/2011,82,Unusual,Trey Songz Featuring Drake,UnusualTrey Songz Featuring Drake,1,87,82,3,2011-07-02,2011
http://www.billboard.com/charts/hot-100/2011-07-09,7/9/2011,77,Unusual,Trey Songz Featuring Drake,UnusualTrey Songz Featuring Drake,1,82,77,4,2011-07-09,2011
http://www.billboard.com/charts/hot-100/2011-07-16,7/16/2011,77,Unusual,Trey Songz Featuring Drake,UnusualTrey Songz Featuring Drake,1,77,77,5,2011-07-16,2011
http://www.billboard.com/charts/hot-100/2011-07-23,7/23/2011,68,Unusual,Trey Songz Featuring Drake,UnusualTrey Songz Featuring Drake,1,77,68,6,2011-07-23,2011
http://www.billboard.com/charts/hot-100/2011-07-30,7/30/2011,75,Unusual,Trey Songz Featuring Drake,UnusualTrey Songz Featuring Drake,1,68,68,7,2011-07-30,2011
http://www.billboard.com/charts/hot-100/2011-08-06,8/6/2011,77,Unusual,Trey Songz Featuring Drake,UnusualTrey Songz Featuring Drake,1,75,68,8,2011-08-06,2011
http://www.billboard.com/charts/hot-100/2011-08-13,8/13/2011,78,Unusual,Trey Songz Featuring Drake,UnusualTrey Songz Featuring Drake,1,77,68,9,2011-08-13,2011
http://www.billboard.com/charts/hot-100/2011-08-20,8/20/2011,82,Unusual,Trey Songz Featuring Drake,UnusualTrey Songz Featuring Drake,1,78,68,10,2011-08-20,2011
http://www.billboard.com/charts/hot-100/2011-08-27,8/27/2011,91,Unusual,Trey Songz Featuring Drake,UnusualTrey Songz Featuring Drake,1,82,68,11,2011-08-27,2011
http://www.billboard.com/charts/hot-100/2010-07-03,7/3/2010,49,Up All Night,Drake Featuring Nicki Minaj,Up All NightDrake Featuring Nicki Minaj,1,NA,49,1,2010-07-03,2010
http://www.billboard.com/charts/hot-100/2010-07-10,7/10/2010,90,Up All Night,Drake Featuring Nicki Minaj,Up All NightDrake Featuring Nicki Minaj,1,49,49,2,2010-07-10,2010
http://www.billboard.com/charts/hot-100/2016-11-26,11/26/2016,14,Used To This,Future Featuring Drake,Used To ThisFuture Featuring Drake,1,NA,14,1,2016-11-26,2016
http://www.billboard.com/charts/hot-100/2016-12-03,12/3/2016,31,Used To This,Future Featuring Drake,Used To ThisFuture Featuring Drake,1,14,14,2,2016-12-03,2016
http://www.billboard.com/charts/hot-100/2016-12-10,12/10/2016,40,Used To This,Future Featuring Drake,Used To ThisFuture Featuring Drake,1,31,14,3,2016-12-10,2016
http://www.billboard.com/charts/hot-100/2016-12-17,12/17/2016,54,Used To This,Future Featuring Drake,Used To ThisFuture Featuring Drake,1,40,14,4,2016-12-17,2016
http://www.billboard.com/charts/hot-100/2016-12-24,12/24/2016,51,Used To This,Future Featuring Drake,Used To ThisFuture Featuring Drake,1,54,14,5,2016-12-24,2016
http://www.billboard.com/charts/hot-100/2016-12-31,12/31/2016,64,Used To This,Future Featuring Drake,Used To ThisFuture Featuring Drake,1,51,14,6,2016-12-31,2016
http://www.billboard.com/charts/hot-100/2017-01-07,1/7/2017,55,Used To This,Future Featuring Drake,Used To ThisFuture Featuring Drake,1,64,14,7,2017-01-07,2017
http://www.billboard.com/charts/hot-100/2017-01-14,1/14/2017,52,Used To This,Future Featuring Drake,Used To ThisFuture Featuring Drake,1,55,14,8,2017-01-14,2017
http://www.billboard.com/charts/hot-100/2017-01-21,1/21/2017,45,Used To This,Future Featuring Drake,Used To ThisFuture Featuring Drake,1,52,14,9,2017-01-21,2017
http://www.billboard.com/charts/hot-100/2017-01-28,1/28/2017,50,Used To This,Future Featuring Drake,Used To ThisFuture Featuring Drake,1,45,14,10,2017-01-28,2017
http://www.billboard.com/charts/hot-100/2017-02-04,2/4/2017,49,Used To This,Future Featuring Drake,Used To ThisFuture Featuring Drake,1,50,14,11,2017-02-04,2017
http://www.billboard.com/charts/hot-100/2017-02-11,2/11/2017,47,Used To This,Future Featuring Drake,Used To ThisFuture Featuring Drake,1,49,14,12,2017-02-11,2017
http://www.billboard.com/charts/hot-100/2017-02-18,2/18/2017,54,Used To This,Future Featuring Drake,Used To ThisFuture Featuring Drake,1,47,14,13,2017-02-18,2017
http://www.billboard.com/charts/hot-100/2017-02-25,2/25/2017,57,Used To This,Future Featuring Drake,Used To ThisFuture Featuring Drake,1,54,14,14,2017-02-25,2017
http://www.billboard.com/charts/hot-100/2017-03-04,3/4/2017,60,Used To This,Future Featuring Drake,Used To ThisFuture Featuring Drake,1,57,14,15,2017-03-04,2017
http://www.billboard.com/charts/hot-100/2017-03-11,3/11/2017,67,Used To This,Future Featuring Drake,Used To ThisFuture Featuring Drake,1,60,14,16,2017-03-11,2017
http://www.billboard.com/charts/hot-100/2017-03-18,3/18/2017,76,Used To This,Future Featuring Drake,Used To ThisFuture Featuring Drake,1,67,14,17,2017-03-18,2017
http://www.billboard.com/charts/hot-100/2017-03-25,3/25/2017,91,Used To This,Future Featuring Drake,Used To ThisFuture Featuring Drake,1,76,14,18,2017-03-25,2017
http://www.billboard.com/charts/hot-100/2015-02-28,2/28/2015,91,Used To,Drake Featuring Lil Wayne,Used ToDrake Featuring Lil Wayne,1,NA,91,1,2015-02-28,2015
http://www.billboard.com/charts/hot-100/2015-03-07,3/7/2015,84,Used To,Drake Featuring Lil Wayne,Used ToDrake Featuring Lil Wayne,1,91,84,2,2015-03-07,2015
http://www.billboard.com/charts/hot-100/2016-05-21,5/21/2016,86,Views,Drake,ViewsDrake,1,NA,86,1,2016-05-21,2016
http://www.billboard.com/charts/hot-100/2010-11-06,11/6/2010,83,What's My Name?,Rihanna Featuring Drake,What's My Name?Rihanna Featuring Drake,1,NA,83,1,2010-11-06,2010
http://www.billboard.com/charts/hot-100/2010-11-13,11/13/2010,60,What's My Name?,Rihanna Featuring Drake,What's My Name?Rihanna Featuring Drake,1,83,60,2,2010-11-13,2010
http://www.billboard.com/charts/hot-100/2010-11-20,11/20/2010,1,What's My Name?,Rihanna Featuring Drake,What's My Name?Rihanna Featuring Drake,1,60,1,3,2010-11-20,2010
http://www.billboard.com/charts/hot-100/2010-11-27,11/27/2010,7,What's My Name?,Rihanna Featuring Drake,What's My Name?Rihanna Featuring Drake,1,1,1,4,2010-11-27,2010
http://www.billboard.com/charts/hot-100/2010-12-04,12/4/2010,8,What's My Name?,Rihanna Featuring Drake,What's My Name?Rihanna Featuring Drake,1,7,1,5,2010-12-04,2010
http://www.billboard.com/charts/hot-100/2010-12-11,12/11/2010,5,What's My Name?,Rihanna Featuring Drake,What's My Name?Rihanna Featuring Drake,1,8,1,6,2010-12-11,2010
http://www.billboard.com/charts/hot-100/2010-12-18,12/18/2010,3,What's My Name?,Rihanna Featuring Drake,What's My Name?Rihanna Featuring Drake,1,5,1,7,2010-12-18,2010
http://www.billboard.com/charts/hot-100/2010-12-25,12/25/2010,2,What's My Name?,Rihanna Featuring Drake,What's My Name?Rihanna Featuring Drake,1,3,1,8,2010-12-25,2010
http://www.billboard.com/charts/hot-100/2011-01-01,1/1/2011,3,What's My Name?,Rihanna Featuring Drake,What's My Name?Rihanna Featuring Drake,1,2,1,9,2011-01-01,2011
http://www.billboard.com/charts/hot-100/2011-01-08,1/8/2011,4,What's My Name?,Rihanna Featuring Drake,What's My Name?Rihanna Featuring Drake,1,3,1,10,2011-01-08,2011
http://www.billboard.com/charts/hot-100/2011-01-15,1/15/2011,4,What's My Name?,Rihanna Featuring Drake,What's My Name?Rihanna Featuring Drake,1,4,1,11,2011-01-15,2011
http://www.billboard.com/charts/hot-100/2011-01-22,1/22/2011,3,What's My Name?,Rihanna Featuring Drake,What's My Name?Rihanna Featuring Drake,1,4,1,12,2011-01-22,2011
http://www.billboard.com/charts/hot-100/2011-01-29,1/29/2011,4,What's My Name?,Rihanna Featuring Drake,What's My Name?Rihanna Featuring Drake,1,3,1,13,2011-01-29,2011
http://www.billboard.com/charts/hot-100/2011-02-05,2/5/2011,5,What's My Name?,Rihanna Featuring Drake,What's My Name?Rihanna Featuring Drake,1,4,1,14,2011-02-05,2011
http://www.billboard.com/charts/hot-100/2011-02-12,2/12/2011,6,What's My Name?,Rihanna Featuring Drake,What's My Name?Rihanna Featuring Drake,1,5,1,15,2011-02-12,2011
http://www.billboard.com/charts/hot-100/2011-02-19,2/19/2011,8,What's My Name?,Rihanna Featuring Drake,What's My Name?Rihanna Featuring Drake,1,6,1,16,2011-02-19,2011
http://www.billboard.com/charts/hot-100/2011-02-26,2/26/2011,13,What's My Name?,Rihanna Featuring Drake,What's My Name?Rihanna Featuring Drake,1,8,1,17,2011-02-26,2011
http://www.billboard.com/charts/hot-100/2011-03-05,3/5/2011,12,What's My Name?,Rihanna Featuring Drake,What's My Name?Rihanna Featuring Drake,1,13,1,18,2011-03-05,2011
http://www.billboard.com/charts/hot-100/2011-03-12,3/12/2011,26,What's My Name?,Rihanna Featuring Drake,What's My Name?Rihanna Featuring Drake,1,12,1,19,2011-03-12,2011
http://www.billboard.com/charts/hot-100/2011-03-19,3/19/2011,30,What's My Name?,Rihanna Featuring Drake,What's My Name?Rihanna Featuring Drake,1,26,1,20,2011-03-19,2011
http://www.billboard.com/charts/hot-100/2011-03-26,3/26/2011,35,What's My Name?,Rihanna Featuring Drake,What's My Name?Rihanna Featuring Drake,1,30,1,21,2011-03-26,2011
http://www.billboard.com/charts/hot-100/2011-04-02,4/2/2011,46,What's My Name?,Rihanna Featuring Drake,What's My Name?Rihanna Featuring Drake,1,35,1,22,2011-04-02,2011
https://www.billboard.com/charts/hot-100/2021-03-20,3/20/2021,1,What's Next,Drake,What's NextDrake,1,NA,1,1,2021-03-20,2021
https://www.billboard.com/charts/hot-100/2021-03-27,3/27/2021,4,What's Next,Drake,What's NextDrake,1,1,1,2,2021-03-27,2021
https://www.billboard.com/charts/hot-100/2021-04-03,4/3/2021,8,What's Next,Drake,What's NextDrake,1,4,1,3,2021-04-03,2021
https://www.billboard.com/charts/hot-100/2021-04-10,4/10/2021,13,What's Next,Drake,What's NextDrake,1,8,1,4,2021-04-10,2021
https://www.billboard.com/charts/hot-100/2021-04-17,4/17/2021,17,What's Next,Drake,What's NextDrake,1,13,1,5,2021-04-17,2021
https://www.billboard.com/charts/hot-100/2021-04-24,4/24/2021,25,What's Next,Drake,What's NextDrake,1,17,1,6,2021-04-24,2021
https://www.billboard.com/charts/hot-100/2021-05-01,5/1/2021,28,What's Next,Drake,What's NextDrake,1,25,1,7,2021-05-01,2021
https://www.billboard.com/charts/hot-100/2021-05-08,5/8/2021,30,What's Next,Drake,What's NextDrake,1,28,1,8,2021-05-08,2021
https://www.billboard.com/charts/hot-100/2021-05-15,5/15/2021,45,What's Next,Drake,What's NextDrake,1,30,1,9,2021-05-15,2021
https://www.billboard.com/charts/hot-100/2021-05-22,5/22/2021,52,What's Next,Drake,What's NextDrake,1,45,1,10,2021-05-22,2021
https://www.billboard.com/charts/hot-100/2021-05-29,5/29/2021,66,What's Next,Drake,What's NextDrake,1,52,1,11,2021-05-29,2021
https://www.billboard.com/charts/hot-100/2020-05-16,5/16/2020,35,When To Say When,Drake,When To Say WhenDrake,1,NA,35,1,2020-05-16,2020
http://www.billboard.com/charts/hot-100/2015-08-08,8/8/2015,68,Where Ya At,Future Featuring Drake,Where Ya AtFuture Featuring Drake,1,NA,68,1,2015-08-08,2015
http://www.billboard.com/charts/hot-100/2015-08-15,8/15/2015,81,Where Ya At,Future Featuring Drake,Where Ya AtFuture Featuring Drake,1,68,68,2,2015-08-15,2015
http://www.billboard.com/charts/hot-100/2015-08-22,8/22/2015,89,Where Ya At,Future Featuring Drake,Where Ya AtFuture Featuring Drake,1,81,68,3,2015-08-22,2015
http://www.billboard.com/charts/hot-100/2015-08-29,8/29/2015,87,Where Ya At,Future Featuring Drake,Where Ya AtFuture Featuring Drake,1,89,68,4,2015-08-29,2015
http://www.billboard.com/charts/hot-100/2015-09-05,9/5/2015,85,Where Ya At,Future Featuring Drake,Where Ya AtFuture Featuring Drake,1,87,68,5,2015-09-05,2015
http://www.billboard.com/charts/hot-100/2015-09-12,9/12/2015,59,Where Ya At,Future Featuring Drake,Where Ya AtFuture Featuring Drake,1,85,59,6,2015-09-12,2015
http://www.billboard.com/charts/hot-100/2015-09-19,9/19/2015,52,Where Ya At,Future Featuring Drake,Where Ya AtFuture Featuring Drake,1,59,52,7,2015-09-19,2015
http://www.billboard.com/charts/hot-100/2015-09-26,9/26/2015,48,Where Ya At,Future Featuring Drake,Where Ya AtFuture Featuring Drake,1,52,48,8,2015-09-26,2015
http://www.billboard.com/charts/hot-100/2015-10-03,10/3/2015,47,Where Ya At,Future Featuring Drake,Where Ya AtFuture Featuring Drake,1,48,47,9,2015-10-03,2015
http://www.billboard.com/charts/hot-100/2015-10-10,10/10/2015,33,Where Ya At,Future Featuring Drake,Where Ya AtFuture Featuring Drake,1,47,33,10,2015-10-10,2015
http://www.billboard.com/charts/hot-100/2015-10-17,10/17/2015,32,Where Ya At,Future Featuring Drake,Where Ya AtFuture Featuring Drake,1,33,32,11,2015-10-17,2015
http://www.billboard.com/charts/hot-100/2015-10-24,10/24/2015,30,Where Ya At,Future Featuring Drake,Where Ya AtFuture Featuring Drake,1,32,30,12,2015-10-24,2015
http://www.billboard.com/charts/hot-100/2015-10-31,10/31/2015,28,Where Ya At,Future Featuring Drake,Where Ya AtFuture Featuring Drake,1,30,28,13,2015-10-31,2015
http://www.billboard.com/charts/hot-100/2015-11-07,11/7/2015,28,Where Ya At,Future Featuring Drake,Where Ya AtFuture Featuring Drake,1,28,28,14,2015-11-07,2015
http://www.billboard.com/charts/hot-100/2015-11-14,11/14/2015,31,Where Ya At,Future Featuring Drake,Where Ya AtFuture Featuring Drake,1,28,28,15,2015-11-14,2015
http://www.billboard.com/charts/hot-100/2015-11-21,11/21/2015,30,Where Ya At,Future Featuring Drake,Where Ya AtFuture Featuring Drake,1,31,28,16,2015-11-21,2015
http://www.billboard.com/charts/hot-100/2015-11-28,11/28/2015,31,Where Ya At,Future Featuring Drake,Where Ya AtFuture Featuring Drake,1,30,28,17,2015-11-28,2015
http://www.billboard.com/charts/hot-100/2015-12-05,12/5/2015,35,Where Ya At,Future Featuring Drake,Where Ya AtFuture Featuring Drake,1,31,28,18,2015-12-05,2015
http://www.billboard.com/charts/hot-100/2015-12-12,12/12/2015,34,Where Ya At,Future Featuring Drake,Where Ya AtFuture Featuring Drake,1,35,28,19,2015-12-12,2015
http://www.billboard.com/charts/hot-100/2015-12-19,12/19/2015,29,Where Ya At,Future Featuring Drake,Where Ya AtFuture Featuring Drake,1,34,28,20,2015-12-19,2015
http://www.billboard.com/charts/hot-100/2015-12-26,12/26/2015,35,Where Ya At,Future Featuring Drake,Where Ya AtFuture Featuring Drake,1,29,28,21,2015-12-26,2015
http://www.billboard.com/charts/hot-100/2016-01-02,1/2/2016,35,Where Ya At,Future Featuring Drake,Where Ya AtFuture Featuring Drake,1,35,28,22,2016-01-02,2016
http://www.billboard.com/charts/hot-100/2016-01-09,1/9/2016,45,Where Ya At,Future Featuring Drake,Where Ya AtFuture Featuring Drake,1,35,28,23,2016-01-09,2016
http://www.billboard.com/charts/hot-100/2016-01-16,1/16/2016,45,Where Ya At,Future Featuring Drake,Where Ya AtFuture Featuring Drake,1,45,28,24,2016-01-16,2016
http://www.billboard.com/charts/hot-100/2016-01-23,1/23/2016,47,Where Ya At,Future Featuring Drake,Where Ya AtFuture Featuring Drake,1,45,28,25,2016-01-23,2016
http://www.billboard.com/charts/hot-100/2014-03-29,3/29/2014,78,Who Do You Love?,YG Featuring Drake,Who Do You Love?YG Featuring Drake,1,NA,78,1,2014-03-29,2014
http://www.billboard.com/charts/hot-100/2014-04-05,4/5/2014,54,Who Do You Love?,YG Featuring Drake,Who Do You Love?YG Featuring Drake,1,78,54,2,2014-04-05,2014
http://www.billboard.com/charts/hot-100/2014-04-12,4/12/2014,59,Who Do You Love?,YG Featuring Drake,Who Do You Love?YG Featuring Drake,1,54,54,3,2014-04-12,2014
http://www.billboard.com/charts/hot-100/2014-04-19,4/19/2014,59,Who Do You Love?,YG Featuring Drake,Who Do You Love?YG Featuring Drake,1,59,54,4,2014-04-19,2014
http://www.billboard.com/charts/hot-100/2014-04-26,4/26/2014,62,Who Do You Love?,YG Featuring Drake,Who Do You Love?YG Featuring Drake,1,59,54,5,2014-04-26,2014
http://www.billboard.com/charts/hot-100/2014-05-03,5/3/2014,65,Who Do You Love?,YG Featuring Drake,Who Do You Love?YG Featuring Drake,1,62,54,6,2014-05-03,2014
http://www.billboard.com/charts/hot-100/2014-05-10,5/10/2014,64,Who Do You Love?,YG Featuring Drake,Who Do You Love?YG Featuring Drake,1,65,54,7,2014-05-10,2014
http://www.billboard.com/charts/hot-100/2014-05-17,5/17/2014,65,Who Do You Love?,YG Featuring Drake,Who Do You Love?YG Featuring Drake,1,64,54,8,2014-05-17,2014
http://www.billboard.com/charts/hot-100/2014-05-24,5/24/2014,64,Who Do You Love?,YG Featuring Drake,Who Do You Love?YG Featuring Drake,1,65,54,9,2014-05-24,2014
http://www.billboard.com/charts/hot-100/2014-05-31,5/31/2014,61,Who Do You Love?,YG Featuring Drake,Who Do You Love?YG Featuring Drake,1,64,54,10,2014-05-31,2014
http://www.billboard.com/charts/hot-100/2014-06-07,6/7/2014,62,Who Do You Love?,YG Featuring Drake,Who Do You Love?YG Featuring Drake,1,61,54,11,2014-06-07,2014
http://www.billboard.com/charts/hot-100/2014-06-14,6/14/2014,58,Who Do You Love?,YG Featuring Drake,Who Do You Love?YG Featuring Drake,1,62,54,12,2014-06-14,2014
http://www.billboard.com/charts/hot-100/2014-06-21,6/21/2014,67,Who Do You Love?,YG Featuring Drake,Who Do You Love?YG Featuring Drake,1,58,54,13,2014-06-21,2014
http://www.billboard.com/charts/hot-100/2014-06-28,6/28/2014,65,Who Do You Love?,YG Featuring Drake,Who Do You Love?YG Featuring Drake,1,67,54,14,2014-06-28,2014
http://www.billboard.com/charts/hot-100/2014-07-05,7/5/2014,65,Who Do You Love?,YG Featuring Drake,Who Do You Love?YG Featuring Drake,1,65,54,15,2014-07-05,2014
http://www.billboard.com/charts/hot-100/2014-07-12,7/12/2014,68,Who Do You Love?,YG Featuring Drake,Who Do You Love?YG Featuring Drake,1,65,54,16,2014-07-12,2014
http://www.billboard.com/charts/hot-100/2014-07-19,7/19/2014,72,Who Do You Love?,YG Featuring Drake,Who Do You Love?YG Featuring Drake,1,68,54,17,2014-07-19,2014
http://www.billboard.com/charts/hot-100/2014-07-26,7/26/2014,80,Who Do You Love?,YG Featuring Drake,Who Do You Love?YG Featuring Drake,1,72,54,18,2014-07-26,2014
http://www.billboard.com/charts/hot-100/2014-08-02,8/2/2014,82,Who Do You Love?,YG Featuring Drake,Who Do You Love?YG Featuring Drake,1,80,54,19,2014-08-02,2014
http://www.billboard.com/charts/hot-100/2014-08-09,8/9/2014,82,Who Do You Love?,YG Featuring Drake,Who Do You Love?YG Featuring Drake,1,82,54,20,2014-08-09,2014
http://www.billboard.com/charts/hot-100/2012-05-05,5/5/2012,87,Crew Love,Drake Featuring The Weeknd,Crew LoveDrake Featuring The Weeknd,1,93,87,5,2012-05-05,2012
http://www.billboard.com/charts/hot-100/2013-11-09,11/9/2013,89,Pound Cake / Paris Morton Music 2,Drake Featuring Jay Z,Pound Cake / Paris Morton Music 2Drake Featuring Jay Z,1,86,65,5,2013-11-09,2013
http://www.billboard.com/charts/hot-100/2012-12-08,12/8/2012,90,Poetic Justice,Kendrick Lamar Featuring Drake,Poetic JusticeKendrick Lamar Featuring Drake,1,94,76,5,2012-12-08,2012
http://www.billboard.com/charts/hot-100/2015-09-19,9/19/2015,91,100,The Game Featuring Drake,100The Game Featuring Drake,1,93,90,5,2015-09-19,2015
http://www.billboard.com/charts/hot-100/2017-08-12,8/12/2017,98,Signs,Drake,SignsDrake,1,88,36,5,2017-08-12,2017
http://www.billboard.com/charts/hot-100/2016-05-28,5/28/2016,2,One Dance,Drake Featuring WizKid & Kyla,One DanceDrake Featuring WizKid & Kyla,1,1,1,6,2016-05-28,2016
http://www.billboard.com/charts/hot-100/2013-03-30,3/30/2013,6,Started From The Bottom,Drake,Started From The BottomDrake,1,7,6,6,2013-03-30,2013
http://www.billboard.com/charts/hot-100/2014-12-27,12/27/2014,12,Only,"Nicki Minaj Featuring Drake, Lil Wayne & Chris Brown","OnlyNicki Minaj Featuring Drake, Lil Wayne & Chris Brown",1,32,12,7,2014-12-27,2014
http://www.billboard.com/charts/hot-100/2010-05-08,5/8/2010,16,Over,Drake,OverDrake,1,20,16,7,2010-05-08,2010
http://www.billboard.com/charts/hot-100/2017-05-20,5/20/2017,18,Passionfruit,Drake,PassionfruitDrake,1,18,8,7,2017-05-20,2017
https://www.billboard.com/charts/hot-100/2018-08-25,8/25/2018,21,Nonstop,Drake,NonstopDrake,1,29,2,7,2018-08-25,2018
http://www.billboard.com/charts/hot-100/2016-06-04,6/4/2016,23,Pop Style,Drake Featuring The Throne,Pop StyleDrake Featuring The Throne,1,23,16,7,2016-06-04,2016
http://www.billboard.com/charts/hot-100/2016-07-02,7/2/2016,23,Controlla,Drake,ControllaDrake,1,24,21,7,2016-07-02,2016
https://www.billboard.com/charts/hot-100/2020-09-12,9/12/2020,24,Popstar,DJ Khaled Featuring Drake,PopstarDJ Khaled Featuring Drake,1,21,3,7,2020-09-12,2020
http://www.billboard.com/charts/hot-100/2011-10-15,10/15/2011,27,She Will,Lil Wayne Featuring Drake,She WillLil Wayne Featuring Drake,1,28,3,7,2011-10-15,2011
http://www.billboard.com/charts/hot-100/2016-04-02,4/2/2016,31,Summer Sixteen,Drake,Summer SixteenDrake,1,29,6,7,2016-04-02,2016
http://www.billboard.com/charts/hot-100/2010-03-06,3/6/2010,32,Say Something,Timbaland Featuring Drake,Say SomethingTimbaland Featuring Drake,1,33,32,7,2010-03-06,2010
http://www.billboard.com/charts/hot-100/2015-10-03,10/3/2015,33,Back To Back,Drake,Back To BackDrake,1,39,21,7,2015-10-03,2015
http://www.billboard.com/charts/hot-100/2015-04-04,4/4/2015,33,Blessings,Big Sean Featuring Drake,BlessingsBig Sean Featuring Drake,1,35,30,7,2015-04-04,2015
http://www.billboard.com/charts/hot-100/2014-07-26,7/26/2014,35,Believe Me,Lil Wayne Featuring Drake,Believe MeLil Wayne Featuring Drake,1,40,26,7,2014-07-26,2014
http://www.billboard.com/charts/hot-100/2014-09-20,9/20/2014,35,0 To 100 / The Catch Up,Drake,0 To 100 / The Catch UpDrake,1,44,35,7,2014-09-20,2014
http://www.billboard.com/charts/hot-100/2010-10-16,10/16/2010,39,Right Above It,Lil Wayne Featuring Drake,Right Above ItLil Wayne Featuring Drake,1,30,6,7,2010-10-16,2010
http://www.billboard.com/charts/hot-100/2012-09-08,9/8/2012,48,Pop That,"French Montana Featuring Rick Ross, Drake, Lil Wayne","Pop ThatFrench Montana Featuring Rick Ross, Drake, Lil Wayne",1,61,48,7,2012-09-08,2012
http://www.billboard.com/charts/hot-100/2012-01-14,1/14/2012,49,Take Care,Drake Featuring Rihanna,Take CareDrake Featuring Rihanna,1,49,9,7,2012-01-14,2012
http://www.billboard.com/charts/hot-100/2017-02-18,2/18/2017,51,Both,Gucci Mane Featuring Drake,BothGucci Mane Featuring Drake,1,49,41,7,2017-02-18,2017
http://www.billboard.com/charts/hot-100/2013-11-23,11/23/2013,52,All Me,Drake Featuring 2 Chainz & Big Sean,All MeDrake Featuring 2 Chainz & Big Sean,1,45,20,7,2013-11-23,2013
http://www.billboard.com/charts/hot-100/2017-05-20,5/20/2017,54,Portland,Drake Featuring Quavo & Travis Scott,PortlandDrake Featuring Quavo & Travis Scott,1,53,9,7,2017-05-20,2017
http://www.billboard.com/charts/hot-100/2009-09-12,9/12/2009,54,Successful,Drake Featuring Trey Songz & Lil Wayne,SuccessfulDrake Featuring Trey Songz & Lil Wayne,1,63,54,7,2009-09-12,2009
https://www.billboard.com/charts/hot-100/2020-06-27,6/27/2020,62,Chicago Freestyle,Drake Featuring Giveon,Chicago FreestyleDrake Featuring Giveon,1,52,14,7,2020-06-27,2020
http://www.billboard.com/charts/hot-100/2012-08-18,8/18/2012,62,Amen,Meek Mill Featuring Drake,AmenMeek Mill Featuring Drake,1,65,62,7,2012-08-18,2012
http://www.billboard.com/charts/hot-100/2016-12-24,12/24/2016,63,Sneakin',Drake Featuring 21 Savage,Sneakin'Drake Featuring 21 Savage,1,66,28,7,2016-12-24,2016
http://www.billboard.com/charts/hot-100/2015-11-14,11/14/2015,67,Right Hand,Drake,Right HandDrake,1,68,58,7,2015-11-14,2015
http://www.billboard.com/charts/hot-100/2015-08-29,8/29/2015,68,R.I.C.O.,Meek Mill Featuring Drake,R.I.C.O.Meek Mill Featuring Drake,1,57,40,7,2015-08-29,2015
http://www.billboard.com/charts/hot-100/2015-11-21,11/21/2015,70,Big Rings,Drake & Future,Big RingsDrake & Future,1,64,52,7,2015-11-21,2015
http://www.billboard.com/charts/hot-100/2016-07-02,7/2/2016,73,Childs Play,Drake,Childs PlayDrake,1,72,49,7,2016-07-02,2016
http://www.billboard.com/charts/hot-100/2015-04-11,4/11/2015,74,10 Bands,Drake,10 BandsDrake,1,76,58,7,2015-04-11,2015
http://www.billboard.com/charts/hot-100/2016-07-02,7/2/2016,79,Still Here,Drake,Still HereDrake,1,73,40,7,2016-07-02,2016
http://www.billboard.com/charts/hot-100/2015-11-21,11/21/2015,80,Diamonds Dancing,Drake & Future,Diamonds DancingDrake & Future,1,75,53,7,2015-11-21,2015
http://www.billboard.com/charts/hot-100/2012-12-22,12/22/2012,83,Poetic Justice,Kendrick Lamar Featuring Drake,Poetic JusticeKendrick Lamar Featuring Drake,1,84,76,7,2012-12-22,2012
http://www.billboard.com/charts/hot-100/2012-05-19,5/19/2012,89,Crew Love,Drake Featuring The Weeknd,Crew LoveDrake Featuring The Weeknd,1,97,87,7,2012-05-19,2012
http://www.billboard.com/charts/hot-100/2015-10-03,10/3/2015,90,100,The Game Featuring Drake,100The Game Featuring Drake,1,92,90,7,2015-10-03,2015
http://www.billboard.com/charts/hot-100/2014-03-29,3/29/2014,94,Odio,Romeo Santos Featuring Drake,OdioRomeo Santos Featuring Drake,1,85,45,7,2014-03-29,2014
http://www.billboard.com/charts/hot-100/2015-11-21,11/21/2015,94,Scholarships,Drake & Future,ScholarshipsDrake & Future,1,95,69,7,2015-11-21,2015
http://www.billboard.com/charts/hot-100/2015-11-21,11/21/2015,99,Digital Dash,Drake & Future,Digital DashDrake & Future,1,90,62,7,2015-11-21,2015
http://www.billboard.com/charts/hot-100/2016-06-11,6/11/2016,1,One Dance,Drake Featuring WizKid & Kyla,One DanceDrake Featuring WizKid & Kyla,1,1,1,8,2016-06-11,2016
http://www.billboard.com/charts/hot-100/2009-07-11,7/11/2009,3,Best I Ever Had,Drake,Best I Ever HadDrake,1,3,3,8,2009-07-11,2009
http://www.billboard.com/charts/hot-100/2013-04-13,4/13/2013,8,Started From The Bottom,Drake,Started From The BottomDrake,1,7,6,8,2013-04-13,2013
https://www.billboard.com/charts/hot-100/2020-09-19,9/19/2020,10,Popstar,DJ Khaled Featuring Drake,PopstarDJ Khaled Featuring Drake,1,24,3,8,2020-09-19,2020
http://www.billboard.com/charts/hot-100/2010-05-15,5/15/2010,14,Over,Drake,OverDrake,1,16,14,8,2010-05-15,2010
http://www.billboard.com/charts/hot-100/2015-01-03,1/3/2015,15,Only,"Nicki Minaj Featuring Drake, Lil Wayne & Chris Brown","OnlyNicki Minaj Featuring Drake, Lil Wayne & Chris Brown",1,12,12,8,2015-01-03,2015
https://www.billboard.com/charts/hot-100/2020-11-21,11/21/2020,52,Mr. Right Now,21 Savage & Metro Boomin Featuring Drake,Mr. Right Now21 Savage & Metro Boomin Featuring Drake,1,55,10,6,2020-11-21,2020
http://www.billboard.com/charts/hot-100/2015-04-04,4/4/2015,52,Energy,Drake,EnergyDrake,1,54,26,6,2015-04-04,2015
http://www.billboard.com/charts/hot-100/2009-12-12,12/12/2009,54,I Invented Sex,Trey Songz Featuring Drake,I Invented SexTrey Songz Featuring Drake,1,57,54,6,2009-12-12,2009
http://www.billboard.com/charts/hot-100/2014-07-19,7/19/2014,40,Believe Me,Lil Wayne Featuring Drake,Believe MeLil Wayne Featuring Drake,1,35,26,6,2014-07-19,2014
http://www.billboard.com/charts/hot-100/2014-09-13,9/13/2014,44,0 To 100 / The Catch Up,Drake,0 To 100 / The Catch UpDrake,1,53,44,6,2014-09-13,2014
http://www.billboard.com/charts/hot-100/2013-11-16,11/16/2013,45,All Me,Drake Featuring 2 Chainz & Big Sean,All MeDrake Featuring 2 Chainz & Big Sean,1,44,20,6,2013-11-16,2013
http://www.billboard.com/charts/hot-100/2016-05-28,5/28/2016,92,Fire & Desire,Drake,Fire & DesireDrake,1,75,75,2,2016-05-28,2016
https://www.billboard.com/charts/hot-100/2018-10-13,10/13/2018,94,No Stylist,French Montana Featuring Drake,No StylistFrench Montana Featuring Drake,1,47,47,2,2018-10-13,2018
http://www.billboard.com/charts/hot-100/2009-10-31,10/31/2009,94,Money To Blow,Birdman Featuring Lil Wayne & Drake,Money To BlowBirdman Featuring Lil Wayne & Drake,1,100,94,2,2009-10-31,2009
http://www.billboard.com/charts/hot-100/2012-02-11,2/11/2012,97,Mr. Wrong,Mary J. Blige Featuring Drake,Mr. WrongMary J. Blige Featuring Drake,1,98,97,2,2012-02-11,2012
https://www.billboard.com/charts/hot-100/2018-07-21,7/21/2018,100,Is There More,Drake,Is There MoreDrake,1,36,36,2,2018-07-21,2018
http://www.billboard.com/charts/hot-100/2015-03-14,3/14/2015,100,No Tellin',Drake,No Tellin'Drake,1,81,81,2,2015-03-14,2015
https://www.billboard.com/charts/hot-100/2018-02-17,2/17/2018,1,God's Plan,Drake,God's PlanDrake,1,1,1,3,2018-02-17,2018
https://www.billboard.com/charts/hot-100/2018-05-05,5/5/2018,1,Nice For What,Drake,Nice For WhatDrake,1,1,1,3,2018-05-05,2018
https://www.billboard.com/charts/hot-100/2018-07-28,7/28/2018,1,In My Feelings,Drake,In My FeelingsDrake,1,1,1,3,2018-07-28,2018
https://www.billboard.com/charts/hot-100/2020-02-08,2/8/2020,2,Life Is Good,Future Featuring Drake,Life Is GoodFuture Featuring Drake,1,2,2,3,2020-02-08,2020
https://www.billboard.com/charts/hot-100/2020-09-12,9/12/2020,3,Laugh Now Cry Later,Drake Featuring Lil Durk,Laugh Now Cry LaterDrake Featuring Lil Durk,1,3,2,3,2020-09-12,2020
https://www.billboard.com/charts/hot-100/2018-03-10,3/10/2018,6,Look Alive,BlocBoy JB Featuring Drake,Look AliveBlocBoy JB Featuring Drake,1,5,5,3,2018-03-10,2018
https://www.billboard.com/charts/hot-100/2019-07-06,7/6/2019,9,No Guidance,Chris Brown Featuring Drake,No GuidanceChris Brown Featuring Drake,1,10,9,3,2019-07-06,2019
https://www.billboard.com/charts/hot-100/2019-07-13,7/13/2019,11,Money In The Grave,Drake Featuring Rick Ross,Money In The GraveDrake Featuring Rick Ross,1,8,7,3,2019-07-13,2019
http://www.billboard.com/charts/hot-100/2009-10-17,10/17/2009,13,Forever,"Drake Featuring Kanye West, Lil Wayne & Eminem","ForeverDrake Featuring Kanye West, Lil Wayne & Eminem",1,12,8,3,2009-10-17,2009
http://www.billboard.com/charts/hot-100/2011-06-18,6/18/2011,14,I'm On One,"DJ Khaled Featuring Drake, Rick Ross & Lil Wayne","I'm On OneDJ Khaled Featuring Drake, Rick Ross & Lil Wayne",1,10,10,3,2011-06-18,2011
https://www.billboard.com/charts/hot-100/2018-11-10,11/10/2018,15,MIA,Bad Bunny Featuring Drake,MIABad Bunny Featuring Drake,1,13,5,3,2018-11-10,2018
http://www.billboard.com/charts/hot-100/2015-10-24,10/24/2015,16,Jumpman,Drake & Future,JumpmanDrake & Future,1,21,16,3,2015-10-24,2015
http://www.billboard.com/charts/hot-100/2016-11-26,11/26/2016,17,Fake Love,Drake,Fake LoveDrake,1,10,10,3,2016-11-26,2016
http://www.billboard.com/charts/hot-100/2013-09-07,9/7/2013,17,"Hold On, We're Going Home",Drake Featuring Majid Jordan,"Hold On, We're Going HomeDrake Featuring Majid Jordan",1,24,17,3,2013-09-07,2013
http://www.billboard.com/charts/hot-100/2010-06-05,6/5/2010,20,Find Your Love,Drake,Find Your LoveDrake,1,20,20,3,2010-06-05,2010
http://www.billboard.com/charts/hot-100/2013-02-16,2/16/2013,21,Love Me,Lil Wayne Featuring Drake & Future,Love MeLil Wayne Featuring Drake & Future,1,16,16,3,2013-02-16,2013
https://www.billboard.com/charts/hot-100/2018-12-29,12/29/2018,22,Going Bad,Meek Mill Featuring Drake,Going BadMeek Mill Featuring Drake,1,17,6,3,2018-12-29,2018
http://www.billboard.com/charts/hot-100/2011-11-12,11/12/2011,25,Make Me Proud,Drake Featuring Nicki Minaj,Make Me ProudDrake Featuring Nicki Minaj,1,9,9,3,2011-11-12,2011
http://www.billboard.com/charts/hot-100/2011-09-10,9/10/2011,28,Headlines,Drake,HeadlinesDrake,1,21,13,3,2011-09-10,2011
https://www.billboard.com/charts/hot-100/2018-06-23,6/23/2018,28,I'm Upset,Drake,I'm UpsetDrake,1,32,19,3,2018-06-23,2018
http://www.billboard.com/charts/hot-100/2016-07-09,7/9/2016,33,For Free,DJ Khaled Featuring Drake,For FreeDJ Khaled Featuring Drake,1,40,18,3,2016-07-09,2016
http://www.billboard.com/charts/hot-100/2015-09-05,9/5/2015,34,Hotline Bling,Drake,Hotline BlingDrake,1,57,34,3,2015-09-05,2015
http://www.billboard.com/charts/hot-100/2016-06-04,6/4/2016,35,Hype,Drake,HypeDrake,1,49,33,3,2016-06-04,2016
http://www.billboard.com/charts/hot-100/2016-08-20,8/20/2016,36,No Shopping,French Montana Featuring Drake,No ShoppingFrench Montana Featuring Drake,1,80,36,3,2016-08-20,2016
http://www.billboard.com/charts/hot-100/2011-08-20,8/20/2011,37,Marvins Room,Drake,Marvins RoomDrake,1,21,21,3,2011-08-20,2011
http://www.billboard.com/charts/hot-100/2015-03-14,3/14/2015,40,Energy,Drake,EnergyDrake,1,26,26,3,2015-03-14,2015
https://www.billboard.com/charts/hot-100/2020-10-31,10/31/2020,42,Mr. Right Now,21 Savage & Metro Boomin Featuring Drake,Mr. Right Now21 Savage & Metro Boomin Featuring Drake,1,24,10,3,2020-10-31,2020
https://www.billboard.com/charts/hot-100/2018-07-28,7/28/2018,43,Mob Ties,Drake,Mob TiesDrake,1,28,13,3,2018-07-28,2018
https://www.billboard.com/charts/hot-100/2018-11-03,11/3/2018,49,Never Recover,Lil Baby & Gunna Featuring Drake,Never RecoverLil Baby & Gunna Featuring Drake,1,35,15,3,2018-11-03,2018
http://www.billboard.com/charts/hot-100/2016-06-04,6/4/2016,50,Grammys,Drake Featuring Future,GrammysDrake Featuring Future,1,63,38,3,2016-06-04,2016
https://www.billboard.com/charts/hot-100/2019-03-23,3/23/2019,52,Girls Need Love,Summer Walker X Drake,Girls Need LoveSummer Walker X Drake,1,37,37,3,2019-03-23,2019
https://www.billboard.com/charts/hot-100/2021-04-03,4/3/2021,56,Lemon Pepper Freestyle,Drake Featuring Rick Ross,Lemon Pepper FreestyleDrake Featuring Rick Ross,1,31,3,3,2021-04-03,2021
https://www.billboard.com/charts/hot-100/2020-08-15,8/15/2020,56,Greece,DJ Khaled Featuring Drake,GreeceDJ Khaled Featuring Drake,1,55,8,3,2020-08-15,2020
http://www.billboard.com/charts/hot-100/2015-03-14,3/14/2015,57,Legend,Drake,LegendDrake,1,52,52,3,2015-03-14,2015
https://www.billboard.com/charts/hot-100/2018-07-28,7/28/2018,58,Emotionless,Drake,EmotionlessDrake,1,38,8,3,2018-07-28,2018
https://www.billboard.com/charts/hot-100/2019-08-24,8/24/2019,59,Gold Roses,Rick Ross Featuring Drake,Gold RosesRick Ross Featuring Drake,1,73,39,3,2019-08-24,2019
http://www.billboard.com/charts/hot-100/2016-06-04,6/4/2016,61,Feel No Ways,Drake,Feel No WaysDrake,1,74,53,3,2016-06-04,2016
http://www.billboard.com/charts/hot-100/2013-05-25,5/25/2013,61,No New Friends (SFTB Remix),"DJ Khaled Featuring Drake, Rick Ross & Lil Wayne","No New Friends (SFTB Remix)DJ Khaled Featuring Drake, Rick Ross & Lil Wayne",1,56,55,3,2013-05-25,2013
http://www.billboard.com/charts/hot-100/2009-11-21,11/21/2009,61,I Invented Sex,Trey Songz Featuring Drake,I Invented SexTrey Songz Featuring Drake,1,80,61,3,2009-11-21,2009
http://www.billboard.com/charts/hot-100/2017-04-22,4/22/2017,62,Gyalchester,Drake,GyalchesterDrake,1,43,29,3,2017-04-22,2017
http://www.billboard.com/charts/hot-100/2011-01-08,1/8/2011,62,Fall For Your Type,Jamie Foxx Featuring Drake,Fall For Your TypeJamie Foxx Featuring Drake,1,75,62,3,2011-01-08,2011
http://www.billboard.com/charts/hot-100/2010-07-03,7/3/2010,63,Miss Me,Drake Featuring Lil Wayne,Miss MeDrake Featuring Lil Wayne,1,50,15,3,2010-07-03,2010
http://www.billboard.com/charts/hot-100/2011-01-15,1/15/2011,63,Moment 4 Life,Nicki Minaj Featuring Drake,Moment 4 LifeNicki Minaj Featuring Drake,1,69,63,3,2011-01-15,2011
http://www.billboard.com/charts/hot-100/2009-11-07,11/7/2009,64,Money To Blow,Birdman Featuring Lil Wayne & Drake,Money To BlowBirdman Featuring Lil Wayne & Drake,1,94,64,3,2009-11-07,2009
http://www.billboard.com/charts/hot-100/2015-03-21,3/21/2015,65,Know Yourself,Drake,Know YourselfDrake,1,75,65,3,2015-03-21,2015
https://www.billboard.com/charts/hot-100/2018-07-28,7/28/2018,67,Elevate,Drake,ElevateDrake,1,44,14,3,2018-07-28,2018
http://www.billboard.com/charts/hot-100/2017-04-22,4/22/2017,68,Free Smoke,Drake,Free SmokeDrake,1,40,18,3,2017-04-22,2017
http://www.billboard.com/charts/hot-100/2009-10-17,10/17/2009,68,I'm Going In,Drake Featuring Lil Wayne & Young Jeezy,I'm Going InDrake Featuring Lil Wayne & Young Jeezy,1,60,40,3,2009-10-17,2009
http://www.billboard.com/charts/hot-100/2012-12-01,12/1/2012,70,F**kin Problems,"A$AP Rocky Featuring Drake, 2 Chainz & Kendrick Lamar","F**kin ProblemsA$AP Rocky Featuring Drake, 2 Chainz & Kendrick Lamar",1,79,70,3,2012-12-01,2012
http://www.billboard.com/charts/hot-100/2012-06-09,6/9/2012,73,No Lie,2 Chainz Featuring Drake,No Lie2 Chainz Featuring Drake,1,62,45,3,2012-06-09,2012
http://www.billboard.com/charts/hot-100/2017-04-15,4/15/2017,75,No Frauds,"Nicki Minaj, Drake & Lil Wayne","No FraudsNicki Minaj, Drake & Lil Wayne",1,84,14,3,2017-04-15,2017
http://www.billboard.com/charts/hot-100/2010-08-07,8/7/2010,61,Miss Me,Drake Featuring Lil Wayne,Miss MeDrake Featuring Lil Wayne,1,70,15,8,2010-08-07,2010
https://www.billboard.com/charts/hot-100/2020-12-05,12/5/2020,65,Mr. Right Now,21 Savage & Metro Boomin Featuring Drake,Mr. Right Now21 Savage & Metro Boomin Featuring Drake,1,56,10,8,2020-12-05,2020
http://www.billboard.com/charts/hot-100/2009-11-21,11/21/2009,65,I'm Going In,Drake Featuring Lil Wayne & Young Jeezy,I'm Going InDrake Featuring Lil Wayne & Young Jeezy,1,71,40,8,2009-11-21,2009
https://www.billboard.com/charts/hot-100/2020-09-19,9/19/2020,67,Greece,DJ Khaled Featuring Drake,GreeceDJ Khaled Featuring Drake,1,65,8,8,2020-09-19,2020
http://www.billboard.com/charts/hot-100/2015-04-18,4/18/2015,68,Energy,Drake,EnergyDrake,1,61,26,8,2015-04-18,2015
https://www.billboard.com/charts/hot-100/2018-11-24,11/24/2018,69,No Stylist,French Montana Featuring Drake,No StylistFrench Montana Featuring Drake,1,73,47,8,2018-11-24,2018
http://www.billboard.com/charts/hot-100/2015-04-18,4/18/2015,74,Legend,Drake,LegendDrake,1,65,52,8,2015-04-18,2015
http://www.billboard.com/charts/hot-100/2016-07-09,7/9/2016,77,Hype,Drake,HypeDrake,1,69,33,8,2016-07-09,2016
https://www.billboard.com/charts/hot-100/2019-04-27,4/27/2019,77,Girls Need Love,Summer Walker X Drake,Girls Need LoveSummer Walker X Drake,1,81,37,8,2019-04-27,2019
http://www.billboard.com/charts/hot-100/2017-04-15,4/15/2017,89,Glow,Drake Featuring Kanye West,GlowDrake Featuring Kanye West,1,54,54,2,2017-04-15,2017
http://www.billboard.com/charts/hot-100/2013-10-19,10/19/2013,89,From Time,Drake Featuring Jhene Aiko,From TimeDrake Featuring Jhene Aiko,1,67,67,2,2013-10-19,2013
http://www.billboard.com/charts/hot-100/2015-03-28,3/28/2015,54,Energy,Drake,EnergyDrake,1,51,26,5,2015-03-28,2015
http://www.billboard.com/charts/hot-100/2016-06-18,6/18/2016,54,Hype,Drake,HypeDrake,1,45,33,5,2016-06-18,2016
https://www.billboard.com/charts/hot-100/2020-11-14,11/14/2020,55,Mr. Right Now,21 Savage & Metro Boomin Featuring Drake,Mr. Right Now21 Savage & Metro Boomin Featuring Drake,1,49,10,5,2020-11-14,2020
http://www.billboard.com/charts/hot-100/2009-12-05,12/5/2009,57,I Invented Sex,Trey Songz Featuring Drake,I Invented SexTrey Songz Featuring Drake,1,60,57,5,2009-12-05,2009
http://www.billboard.com/charts/hot-100/2015-04-04,4/4/2015,57,Know Yourself,Drake,Know YourselfDrake,1,66,57,5,2015-04-04,2015
https://www.billboard.com/charts/hot-100/2019-04-06,4/6/2019,58,Girls Need Love,Summer Walker X Drake,Girls Need LoveSummer Walker X Drake,1,52,37,5,2019-04-06,2019
http://www.billboard.com/charts/hot-100/2013-06-08,6/8/2013,58,No New Friends (SFTB Remix),"DJ Khaled Featuring Drake, Rick Ross & Lil Wayne","No New Friends (SFTB Remix)DJ Khaled Featuring Drake, Rick Ross & Lil Wayne",1,54,54,5,2013-06-08,2013
http://www.billboard.com/charts/hot-100/2012-12-15,12/15/2012,59,F**kin Problems,"A$AP Rocky Featuring Drake, 2 Chainz & Kendrick Lamar","F**kin ProblemsA$AP Rocky Featuring Drake, 2 Chainz & Kendrick Lamar",1,66,59,5,2012-12-15,2012
https://www.billboard.com/charts/hot-100/2020-08-29,8/29/2020,60,Greece,DJ Khaled Featuring Drake,GreeceDJ Khaled Featuring Drake,1,58,8,5,2020-08-29,2020
http://www.billboard.com/charts/hot-100/2015-03-28,3/28/2015,62,Legend,Drake,LegendDrake,1,60,52,5,2015-03-28,2015
https://www.billboard.com/charts/hot-100/2018-08-11,8/11/2018,64,Mob Ties,Drake,Mob TiesDrake,1,53,13,5,2018-08-11,2018
http://www.billboard.com/charts/hot-100/2016-09-03,9/3/2016,67,No Shopping,French Montana Featuring Drake,No ShoppingFrench Montana Featuring Drake,1,61,36,5,2016-09-03,2016
http://www.billboard.com/charts/hot-100/2016-06-18,6/18/2016,67,Grammys,Drake Featuring Future,GrammysDrake Featuring Future,1,56,38,5,2016-06-18,2016
http://www.billboard.com/charts/hot-100/2012-06-23,6/23/2012,67,No Lie,2 Chainz Featuring Drake,No Lie2 Chainz Featuring Drake,1,78,45,5,2012-06-23,2012
https://www.billboard.com/charts/hot-100/2018-11-03,11/3/2018,68,No Stylist,French Montana Featuring Drake,No StylistFrench Montana Featuring Drake,1,67,47,5,2018-11-03,2018
https://www.billboard.com/charts/hot-100/2018-11-17,11/17/2018,69,Never Recover,Lil Baby & Gunna Featuring Drake,Never RecoverLil Baby & Gunna Featuring Drake,1,60,15,5,2018-11-17,2018
https://www.billboard.com/charts/hot-100/2021-04-17,4/17/2021,70,Lemon Pepper Freestyle,Drake Featuring Rick Ross,Lemon Pepper FreestyleDrake Featuring Rick Ross,1,70,3,5,2021-04-17,2021
http://www.billboard.com/charts/hot-100/2010-07-17,7/17/2010,72,Miss Me,Drake Featuring Lil Wayne,Miss MeDrake Featuring Lil Wayne,1,76,15,5,2010-07-17,2010
http://www.billboard.com/charts/hot-100/2011-01-22,1/22/2011,72,Fall For Your Type,Jamie Foxx Featuring Drake,Fall For Your TypeJamie Foxx Featuring Drake,1,78,62,5,2011-01-22,2011
http://www.billboard.com/charts/hot-100/2009-10-31,10/31/2009,74,I'm Going In,Drake Featuring Lil Wayne & Young Jeezy,I'm Going InDrake Featuring Lil Wayne & Young Jeezy,1,74,40,5,2009-10-31,2009
http://www.billboard.com/charts/hot-100/2016-06-18,6/18/2016,80,Feel No Ways,Drake,Feel No WaysDrake,1,65,53,5,2016-06-18,2016
http://www.billboard.com/charts/hot-100/2017-04-29,4/29/2017,87,No Frauds,"Nicki Minaj, Drake & Lil Wayne","No FraudsNicki Minaj, Drake & Lil Wayne",1,84,14,5,2017-04-29,2017
http://www.billboard.com/charts/hot-100/2017-05-06,5/6/2017,92,Gyalchester,Drake,GyalchesterDrake,1,62,29,5,2017-05-06,2017
http://www.billboard.com/charts/hot-100/2015-11-07,11/7/2015,93,Live From The Gutter,Drake & Future,Live From The GutterDrake & Future,1,93,74,5,2015-11-07,2015
http://www.billboard.com/charts/hot-100/2015-11-07,11/7/2015,96,I'm The Plug,Drake & Future,I'm The PlugDrake & Future,1,84,76,5,2015-11-07,2015
https://www.billboard.com/charts/hot-100/2018-03-10,3/10/2018,1,God's Plan,Drake,God's PlanDrake,1,1,1,6,2018-03-10,2018
https://www.billboard.com/charts/hot-100/2018-08-18,8/18/2018,1,In My Feelings,Drake,In My FeelingsDrake,1,1,1,6,2018-08-18,2018
https://www.billboard.com/charts/hot-100/2018-05-26,5/26/2018,2,Nice For What,Drake,Nice For WhatDrake,1,2,1,6,2018-05-26,2018
https://www.billboard.com/charts/hot-100/2020-02-29,2/29/2020,2,Life Is Good,Future Featuring Drake,Life Is GoodFuture Featuring Drake,1,2,2,6,2020-02-29,2020
https://www.billboard.com/charts/hot-100/2020-10-03,10/3/2020,4,Laugh Now Cry Later,Drake Featuring Lil Durk,Laugh Now Cry LaterDrake Featuring Lil Durk,1,3,2,6,2020-10-03,2020
https://www.billboard.com/charts/hot-100/2018-07-14,7/14/2018,7,I'm Upset,Drake,I'm UpsetDrake,1,26,7,6,2018-07-14,2018
http://www.billboard.com/charts/hot-100/2013-09-28,9/28/2013,9,"Hold On, We're Going Home",Drake Featuring Majid Jordan,"Hold On, We're Going HomeDrake Featuring Majid Jordan",1,8,8,6,2013-09-28,2013
https://www.billboard.com/charts/hot-100/2019-07-27,7/27/2019,10,No Guidance,Chris Brown Featuring Drake,No GuidanceChris Brown Featuring Drake,1,12,9,6,2019-07-27,2019
http://www.billboard.com/charts/hot-100/2010-06-26,6/26/2010,10,Find Your Love,Drake,Find Your LoveDrake,1,13,10,6,2010-06-26,2010
http://www.billboard.com/charts/hot-100/2013-03-09,3/9/2013,10,Love Me,Lil Wayne Featuring Drake & Future,Love MeLil Wayne Featuring Drake & Future,1,19,10,6,2013-03-09,2013
https://www.billboard.com/charts/hot-100/2018-03-31,3/31/2018,11,Look Alive,BlocBoy JB Featuring Drake,Look AliveBlocBoy JB Featuring Drake,1,9,5,6,2018-03-31,2018
http://www.billboard.com/charts/hot-100/2016-12-17,12/17/2016,11,Fake Love,Drake,Fake LoveDrake,1,11,10,6,2016-12-17,2016
https://www.billboard.com/charts/hot-100/2019-08-03,8/3/2019,13,Money In The Grave,Drake Featuring Rick Ross,Money In The GraveDrake Featuring Rick Ross,1,12,7,6,2019-08-03,2019
http://www.billboard.com/charts/hot-100/2009-11-07,11/7/2009,14,Forever,"Drake Featuring Kanye West, Lil Wayne & Eminem","ForeverDrake Featuring Kanye West, Lil Wayne & Eminem",1,15,8,6,2009-11-07,2009
http://www.billboard.com/charts/hot-100/2015-11-14,11/14/2015,14,Jumpman,Drake & Future,JumpmanDrake & Future,1,12,12,6,2015-11-14,2015
http://www.billboard.com/charts/hot-100/2015-09-26,9/26/2015,16,Hotline Bling,Drake,Hotline BlingDrake,1,22,16,6,2015-09-26,2015
http://www.billboard.com/charts/hot-100/2016-07-30,7/30/2016,17,For Free,DJ Khaled Featuring Drake,For FreeDJ Khaled Featuring Drake,1,20,17,6,2016-07-30,2016
https://www.billboard.com/charts/hot-100/2018-12-01,12/1/2018,18,MIA,Bad Bunny Featuring Drake,MIABad Bunny Featuring Drake,1,19,5,6,2018-12-01,2018
https://www.billboard.com/charts/hot-100/2019-01-19,1/19/2019,18,Going Bad,Meek Mill Featuring Drake,Going BadMeek Mill Featuring Drake,1,21,6,6,2019-01-19,2019
http://www.billboard.com/charts/hot-100/2011-07-09,7/9/2011,20,I'm On One,"DJ Khaled Featuring Drake, Rick Ross & Lil Wayne","I'm On OneDJ Khaled Featuring Drake, Rick Ross & Lil Wayne",1,19,10,6,2011-07-09,2011
http://www.billboard.com/charts/hot-100/2011-10-01,10/1/2011,23,Headlines,Drake,HeadlinesDrake,1,25,13,6,2011-10-01,2011
http://www.billboard.com/charts/hot-100/2009-11-28,11/28/2009,34,Money To Blow,Birdman Featuring Lil Wayne & Drake,Money To BlowBirdman Featuring Lil Wayne & Drake,1,40,34,6,2009-11-28,2009
http://www.billboard.com/charts/hot-100/2011-02-05,2/5/2011,37,Moment 4 Life,Nicki Minaj Featuring Drake,Moment 4 LifeNicki Minaj Featuring Drake,1,44,37,6,2011-02-05,2011
http://www.billboard.com/charts/hot-100/2011-09-10,9/10/2011,41,Marvins Room,Drake,Marvins RoomDrake,1,41,21,6,2011-09-10,2011
http://www.billboard.com/charts/hot-100/2012-12-22,12/22/2012,42,F**kin Problems,"A$AP Rocky Featuring Drake, 2 Chainz & Kendrick Lamar","F**kin ProblemsA$AP Rocky Featuring Drake, 2 Chainz & Kendrick Lamar",1,59,42,6,2012-12-22,2012
https://www.billboard.com/charts/hot-100/2020-03-28,3/28/2020,4,Life Is Good,Future Featuring Drake,Life Is GoodFuture Featuring Drake,1,3,2,10,2020-03-28,2020
http://www.billboard.com/charts/hot-100/2013-10-26,10/26/2013,5,"Hold On, We're Going Home",Drake Featuring Majid Jordan,"Hold On, We're Going HomeDrake Featuring Majid Jordan",1,5,4,10,2013-10-26,2013
https://www.billboard.com/charts/hot-100/2018-04-28,4/28/2018,6,Look Alive,BlocBoy JB Featuring Drake,Look AliveBlocBoy JB Featuring Drake,1,5,5,10,2018-04-28,2018
https://www.billboard.com/charts/hot-100/2019-08-24,8/24/2019,6,No Guidance,Chris Brown Featuring Drake,No GuidanceChris Brown Featuring Drake,1,6,6,10,2019-08-24,2019
http://www.billboard.com/charts/hot-100/2010-07-24,7/24/2010,9,Find Your Love,Drake,Find Your LoveDrake,1,8,5,10,2010-07-24,2010
http://www.billboard.com/charts/hot-100/2013-04-06,4/6/2013,9,Love Me,Lil Wayne Featuring Drake & Future,Love MeLil Wayne Featuring Drake & Future,1,10,9,10,2013-04-06,2013
http://www.billboard.com/charts/hot-100/2017-01-14,1/14/2017,9,Fake Love,Drake,Fake LoveDrake,1,10,9,10,2017-01-14,2017
https://www.billboard.com/charts/hot-100/2019-08-31,8/31/2019,13,Money In The Grave,Drake Featuring Rick Ross,Money In The GraveDrake Featuring Rick Ross,1,13,7,10,2019-08-31,2019
http://www.billboard.com/charts/hot-100/2011-08-06,8/6/2011,13,I'm On One,"DJ Khaled Featuring Drake, Rick Ross & Lil Wayne","I'm On OneDJ Khaled Featuring Drake, Rick Ross & Lil Wayne",1,14,10,10,2011-08-06,2011
https://www.billboard.com/charts/hot-100/2019-02-16,2/16/2019,15,Going Bad,Meek Mill Featuring Drake,Going BadMeek Mill Featuring Drake,1,15,6,10,2019-02-16,2019
http://www.billboard.com/charts/hot-100/2011-10-29,10/29/2011,15,Headlines,Drake,HeadlinesDrake,1,17,13,10,2011-10-29,2011
http://www.billboard.com/charts/hot-100/2009-12-05,12/5/2009,17,Forever,"Drake Featuring Kanye West, Lil Wayne & Eminem","ForeverDrake Featuring Kanye West, Lil Wayne & Eminem",1,19,8,10,2009-12-05,2009
http://www.billboard.com/charts/hot-100/2012-09-15,9/15/2012,59,Amen,Meek Mill Featuring Drake,AmenMeek Mill Featuring Drake,1,57,57,11,2012-09-15,2012
http://www.billboard.com/charts/hot-100/2017-06-17,6/17/2017,60,Portland,Drake Featuring Quavo & Travis Scott,PortlandDrake Featuring Quavo & Travis Scott,1,61,9,11,2017-06-17,2017
http://www.billboard.com/charts/hot-100/2017-01-21,1/21/2017,63,Sneakin',Drake Featuring 21 Savage,Sneakin'Drake Featuring 21 Savage,1,66,28,11,2017-01-21,2017
http://www.billboard.com/charts/hot-100/2013-01-19,1/19/2013,64,Poetic Justice,Kendrick Lamar Featuring Drake,Poetic JusticeKendrick Lamar Featuring Drake,1,74,64,11,2013-01-19,2013
http://www.billboard.com/charts/hot-100/2015-12-19,12/19/2015,68,Big Rings,Drake & Future,Big RingsDrake & Future,1,75,52,11,2015-12-19,2015
http://www.billboard.com/charts/hot-100/2012-06-16,6/16/2012,82,Crew Love,Drake Featuring The Weeknd,Crew LoveDrake Featuring The Weeknd,1,80,80,11,2012-06-16,2012
http://www.billboard.com/charts/hot-100/2015-09-26,9/26/2015,88,R.I.C.O.,Meek Mill Featuring Drake,R.I.C.O.Meek Mill Featuring Drake,1,87,40,11,2015-09-26,2015
http://www.billboard.com/charts/hot-100/2015-05-09,5/9/2015,89,10 Bands,Drake,10 BandsDrake,1,82,58,11,2015-05-09,2015
http://www.billboard.com/charts/hot-100/2015-12-12,12/12/2015,92,Right Hand,Drake,Right HandDrake,1,91,58,11,2015-12-12,2015
https://www.billboard.com/charts/hot-100/2020-07-25,7/25/2020,93,Chicago Freestyle,Drake Featuring Giveon,Chicago FreestyleDrake Featuring Giveon,1,84,14,11,2020-07-25,2020
http://www.billboard.com/charts/hot-100/2016-07-30,7/30/2016,93,Childs Play,Drake,Childs PlayDrake,1,92,49,11,2016-07-30,2016
http://www.billboard.com/charts/hot-100/2014-04-26,4/26/2014,100,Odio,Romeo Santos Featuring Drake,OdioRomeo Santos Featuring Drake,1,99,45,11,2014-04-26,2014
http://www.billboard.com/charts/hot-100/2016-07-09,7/9/2016,1,One Dance,Drake Featuring WizKid & Kyla,One DanceDrake Featuring WizKid & Kyla,1,1,1,12,2016-07-09,2016
http://www.billboard.com/charts/hot-100/2009-08-08,8/8/2009,2,Best I Ever Had,Drake,Best I Ever HadDrake,1,2,2,12,2009-08-08,2009
http://www.billboard.com/charts/hot-100/2013-05-11,5/11/2013,11,Started From The Bottom,Drake,Started From The BottomDrake,1,10,6,12,2013-05-11,2013
https://www.billboard.com/charts/hot-100/2018-09-29,9/29/2018,15,Nonstop,Drake,NonstopDrake,1,17,2,12,2018-09-29,2018
http://www.billboard.com/charts/hot-100/2016-08-06,8/6/2016,18,Controlla,Drake,ControllaDrake,1,16,16,12,2016-08-06,2016
http://www.billboard.com/charts/hot-100/2015-01-31,1/31/2015,19,Only,"Nicki Minaj Featuring Drake, Lil Wayne & Chris Brown","OnlyNicki Minaj Featuring Drake, Lil Wayne & Chris Brown",1,16,12,12,2015-01-31,2015
http://www.billboard.com/charts/hot-100/2010-06-12,6/12/2010,22,Over,Drake,OverDrake,1,19,14,12,2010-06-12,2010
http://www.billboard.com/charts/hot-100/2010-11-20,11/20/2010,23,Right Above It,Lil Wayne Featuring Drake,Right Above ItLil Wayne Featuring Drake,1,22,6,12,2010-11-20,2010
http://www.billboard.com/charts/hot-100/2012-02-18,2/18/2012,23,Take Care,Drake Featuring Rihanna,Take CareDrake Featuring Rihanna,1,26,9,12,2012-02-18,2012
http://www.billboard.com/charts/hot-100/2011-11-19,11/19/2011,24,She Will,Lil Wayne Featuring Drake,She WillLil Wayne Featuring Drake,1,23,3,12,2011-11-19,2011
http://www.billboard.com/charts/hot-100/2010-04-10,4/10/2010,26,Say Something,Timbaland Featuring Drake,Say SomethingTimbaland Featuring Drake,1,25,23,12,2010-04-10,2010
http://www.billboard.com/charts/hot-100/2009-10-17,10/17/2009,27,Successful,Drake Featuring Trey Songz & Lil Wayne,SuccessfulDrake Featuring Trey Songz & Lil Wayne,1,21,17,12,2009-10-17,2009
http://www.billboard.com/charts/hot-100/2015-05-09,5/9/2015,29,Blessings,Big Sean Featuring Drake,BlessingsBig Sean Featuring Drake,1,28,28,12,2015-05-09,2015
https://www.billboard.com/charts/hot-100/2020-10-17,10/17/2020,34,Popstar,DJ Khaled Featuring Drake,PopstarDJ Khaled Featuring Drake,1,21,3,12,2020-10-17,2020
http://www.billboard.com/charts/hot-100/2017-06-24,6/24/2017,34,Passionfruit,Drake,PassionfruitDrake,1,27,8,12,2017-06-24,2017
http://www.billboard.com/charts/hot-100/2014-10-25,10/25/2014,37,0 To 100 / The Catch Up,Drake,0 To 100 / The Catch UpDrake,1,38,35,12,2014-10-25,2014
http://www.billboard.com/charts/hot-100/2012-10-13,10/13/2012,38,Pop That,"French Montana Featuring Rick Ross, Drake, Lil Wayne","Pop ThatFrench Montana Featuring Rick Ross, Drake, Lil Wayne",1,39,38,12,2012-10-13,2012
http://www.billboard.com/charts/hot-100/2013-12-28,12/28/2013,40,All Me,Drake Featuring 2 Chainz & Big Sean,All MeDrake Featuring 2 Chainz & Big Sean,1,37,20,12,2013-12-28,2013
http://www.billboard.com/charts/hot-100/2015-11-07,11/7/2015,40,Back To Back,Drake,Back To BackDrake,1,38,21,12,2015-11-07,2015
http://www.billboard.com/charts/hot-100/2014-08-30,8/30/2014,45,Believe Me,Lil Wayne Featuring Drake,Believe MeLil Wayne Featuring Drake,1,42,26,12,2014-08-30,2014
http://www.billboard.com/charts/hot-100/2016-07-09,7/9/2016,47,Pop Style,Drake Featuring The Throne,Pop StyleDrake Featuring The Throne,1,45,16,12,2016-07-09,2016
http://www.billboard.com/charts/hot-100/2017-03-25,3/25/2017,54,Both,Gucci Mane Featuring Drake,BothGucci Mane Featuring Drake,1,49,41,12,2017-03-25,2017
http://www.billboard.com/charts/hot-100/2013-01-26,1/26/2013,59,Poetic Justice,Kendrick Lamar Featuring Drake,Poetic JusticeKendrick Lamar Featuring Drake,1,64,59,12,2013-01-26,2013
http://www.billboard.com/charts/hot-100/2017-06-24,6/24/2017,64,Portland,Drake Featuring Quavo & Travis Scott,PortlandDrake Featuring Quavo & Travis Scott,1,60,9,12,2017-06-24,2017
http://www.billboard.com/charts/hot-100/2015-12-26,12/26/2015,64,Big Rings,Drake & Future,Big RingsDrake & Future,1,68,52,12,2015-12-26,2015
http://www.billboard.com/charts/hot-100/2012-09-22,9/22/2012,65,Amen,Meek Mill Featuring Drake,AmenMeek Mill Featuring Drake,1,59,57,12,2012-09-22,2012
http://www.billboard.com/charts/hot-100/2016-05-07,5/7/2016,66,Summer Sixteen,Drake,Summer SixteenDrake,1,51,6,12,2016-05-07,2016
http://www.billboard.com/charts/hot-100/2017-01-28,1/28/2017,69,Sneakin',Drake Featuring 21 Savage,Sneakin'Drake Featuring 21 Savage,1,63,28,12,2017-01-28,2017
http://www.billboard.com/charts/hot-100/2012-06-23,6/23/2012,82,Crew Love,Drake Featuring The Weeknd,Crew LoveDrake Featuring The Weeknd,1,82,80,12,2012-06-23,2012
http://www.billboard.com/charts/hot-100/2015-10-03,10/3/2015,84,R.I.C.O.,Meek Mill Featuring Drake,R.I.C.O.Meek Mill Featuring Drake,1,88,40,12,2015-10-03,2015
http://www.billboard.com/charts/hot-100/2015-05-16,5/16/2015,92,10 Bands,Drake,10 BandsDrake,1,89,58,12,2015-05-16,2015
https://www.billboard.com/charts/hot-100/2020-08-01,8/1/2020,93,Chicago Freestyle,Drake Featuring Giveon,Chicago FreestyleDrake Featuring Giveon,1,93,14,12,2020-08-01,2020
http://www.billboard.com/charts/hot-100/2015-12-19,12/19/2015,93,Right Hand,Drake,Right HandDrake,1,92,58,12,2015-12-19,2015
http://www.billboard.com/charts/hot-100/2016-08-06,8/6/2016,95,Childs Play,Drake,Childs PlayDrake,1,93,49,12,2016-08-06,2016
http://www.billboard.com/charts/hot-100/2016-07-16,7/16/2016,1,One Dance,Drake Featuring WizKid & Kyla,One DanceDrake Featuring WizKid & Kyla,1,1,1,13,2016-07-16,2016
http://www.billboard.com/charts/hot-100/2009-08-15,8/15/2009,2,Best I Ever Had,Drake,Best I Ever HadDrake,1,2,2,13,2009-08-15,2009
http://www.billboard.com/charts/hot-100/2013-05-18,5/18/2013,11,Started From The Bottom,Drake,Started From The BottomDrake,1,11,6,13,2013-05-18,2013
https://www.billboard.com/charts/hot-100/2018-10-06,10/6/2018,16,Nonstop,Drake,NonstopDrake,1,15,2,13,2018-10-06,2018
http://www.billboard.com/charts/hot-100/2015-02-07,2/7/2015,17,Only,"Nicki Minaj Featuring Drake, Lil Wayne & Chris Brown","OnlyNicki Minaj Featuring Drake, Lil Wayne & Chris Brown",1,19,12,13,2015-02-07,2015
http://www.billboard.com/charts/hot-100/2016-08-13,8/13/2016,18,Controlla,Drake,ControllaDrake,1,18,16,13,2016-08-13,2016
http://www.billboard.com/charts/hot-100/2010-06-19,6/19/2010,21,Over,Drake,OverDrake,1,22,14,13,2010-06-19,2010
http://www.billboard.com/charts/hot-100/2012-02-25,2/25/2012,22,Take Care,Drake Featuring Rihanna,Take CareDrake Featuring Rihanna,1,23,9,13,2012-02-25,2012
http://www.billboard.com/charts/hot-100/2010-11-27,11/27/2010,27,Right Above It,Lil Wayne Featuring Drake,Right Above ItLil Wayne Featuring Drake,1,23,6,13,2010-11-27,2010
http://www.billboard.com/charts/hot-100/2010-04-17,4/17/2010,27,Say Something,Timbaland Featuring Drake,Say SomethingTimbaland Featuring Drake,1,26,23,13,2010-04-17,2010
http://www.billboard.com/charts/hot-100/2015-05-16,5/16/2015,28,Blessings,Big Sean Featuring Drake,BlessingsBig Sean Featuring Drake,1,29,28,13,2015-05-16,2015
http://www.billboard.com/charts/hot-100/2011-11-26,11/26/2011,29,She Will,Lil Wayne Featuring Drake,She WillLil Wayne Featuring Drake,1,24,3,13,2011-11-26,2011
http://www.billboard.com/charts/hot-100/2009-10-24,10/24/2009,34,Successful,Drake Featuring Trey Songz & Lil Wayne,SuccessfulDrake Featuring Trey Songz & Lil Wayne,1,27,17,13,2009-10-24,2009
http://www.billboard.com/charts/hot-100/2014-11-01,11/1/2014,36,0 To 100 / The Catch Up,Drake,0 To 100 / The Catch UpDrake,1,37,35,13,2014-11-01,2014
http://www.billboard.com/charts/hot-100/2014-01-04,1/4/2014,37,All Me,Drake Featuring 2 Chainz & Big Sean,All MeDrake Featuring 2 Chainz & Big Sean,1,40,20,13,2014-01-04,2014
http://www.billboard.com/charts/hot-100/2012-10-20,10/20/2012,38,Pop That,"French Montana Featuring Rick Ross, Drake, Lil Wayne","Pop ThatFrench Montana Featuring Rick Ross, Drake, Lil Wayne",1,38,38,13,2012-10-20,2012
https://www.billboard.com/charts/hot-100/2020-10-24,10/24/2020,40,Popstar,DJ Khaled Featuring Drake,PopstarDJ Khaled Featuring Drake,1,34,3,13,2020-10-24,2020
http://www.billboard.com/charts/hot-100/2015-11-14,11/14/2015,43,Back To Back,Drake,Back To BackDrake,1,40,21,13,2015-11-14,2015
http://www.billboard.com/charts/hot-100/2017-07-01,7/1/2017,45,Passionfruit,Drake,PassionfruitDrake,1,34,8,13,2017-07-01,2017
http://www.billboard.com/charts/hot-100/2017-04-01,4/1/2017,51,Both,Gucci Mane Featuring Drake,BothGucci Mane Featuring Drake,1,54,41,13,2017-04-01,2017
http://www.billboard.com/charts/hot-100/2013-02-02,2/2/2013,55,Poetic Justice,Kendrick Lamar Featuring Drake,Poetic JusticeKendrick Lamar Featuring Drake,1,59,55,13,2013-02-02,2013
http://www.billboard.com/charts/hot-100/2014-09-06,9/6/2014,57,Believe Me,Lil Wayne Featuring Drake,Believe MeLil Wayne Featuring Drake,1,45,26,13,2014-09-06,2014
http://www.billboard.com/charts/hot-100/2016-07-16,7/16/2016,58,Pop Style,Drake Featuring The Throne,Pop StyleDrake Featuring The Throne,1,47,16,13,2016-07-16,2016
http://www.billboard.com/charts/hot-100/2017-07-01,7/1/2017,66,Portland,Drake Featuring Quavo & Travis Scott,PortlandDrake Featuring Quavo & Travis Scott,1,64,9,13,2017-07-01,2017
http://www.billboard.com/charts/hot-100/2012-09-29,9/29/2012,69,Amen,Meek Mill Featuring Drake,AmenMeek Mill Featuring Drake,1,65,57,13,2012-09-29,2012
http://www.billboard.com/charts/hot-100/2016-01-02,1/2/2016,70,Big Rings,Drake & Future,Big RingsDrake & Future,1,64,52,13,2016-01-02,2016
http://www.billboard.com/charts/hot-100/2016-05-14,5/14/2016,73,Summer Sixteen,Drake,Summer SixteenDrake,1,66,6,13,2016-05-14,2016
http://www.billboard.com/charts/hot-100/2017-02-04,2/4/2017,73,Sneakin',Drake Featuring 21 Savage,Sneakin'Drake Featuring 21 Savage,1,69,28,13,2017-02-04,2017
http://www.billboard.com/charts/hot-100/2012-06-30,6/30/2012,85,Crew Love,Drake Featuring The Weeknd,Crew LoveDrake Featuring The Weeknd,1,82,80,13,2012-06-30,2012
http://www.billboard.com/charts/hot-100/2015-12-26,12/26/2015,88,Right Hand,Drake,Right HandDrake,1,93,58,13,2015-12-26,2015
http://www.billboard.com/charts/hot-100/2015-10-10,10/10/2015,100,R.I.C.O.,Meek Mill Featuring Drake,R.I.C.O.Meek Mill Featuring Drake,1,84,40,13,2015-10-10,2015
http://www.billboard.com/charts/hot-100/2015-05-23,5/23/2015,100,10 Bands,Drake,10 BandsDrake,1,92,58,13,2015-05-23,2015
http://www.billboard.com/charts/hot-100/2016-07-23,7/23/2016,1,One Dance,Drake Featuring WizKid & Kyla,One DanceDrake Featuring WizKid & Kyla,1,1,1,14,2016-07-23,2016
http://www.billboard.com/charts/hot-100/2009-08-22,8/22/2009,3,Best I Ever Had,Drake,Best I Ever HadDrake,1,2,2,14,2009-08-22,2009
http://www.billboard.com/charts/hot-100/2016-05-21,5/21/2016,47,With You,Drake Featuring PARTYNEXTDOOR,With YouDrake Featuring PARTYNEXTDOOR,1,NA,47,1,2016-05-21,2016
http://www.billboard.com/charts/hot-100/2016-05-28,5/28/2016,71,With You,Drake Featuring PARTYNEXTDOOR,With YouDrake Featuring PARTYNEXTDOOR,1,47,47,2,2016-05-28,2016
http://www.billboard.com/charts/hot-100/2016-06-04,6/4/2016,59,With You,Drake Featuring PARTYNEXTDOOR,With YouDrake Featuring PARTYNEXTDOOR,1,71,47,3,2016-06-04,2016
http://www.billboard.com/charts/hot-100/2016-06-11,6/11/2016,64,With You,Drake Featuring PARTYNEXTDOOR,With YouDrake Featuring PARTYNEXTDOOR,1,59,47,4,2016-06-11,2016
http://www.billboard.com/charts/hot-100/2016-06-18,6/18/2016,77,With You,Drake Featuring PARTYNEXTDOOR,With YouDrake Featuring PARTYNEXTDOOR,1,64,47,5,2016-06-18,2016
http://www.billboard.com/charts/hot-100/2016-06-25,6/25/2016,85,With You,Drake Featuring PARTYNEXTDOOR,With YouDrake Featuring PARTYNEXTDOOR,1,77,47,6,2016-06-25,2016
http://www.billboard.com/charts/hot-100/2016-07-02,7/2/2016,93,With You,Drake Featuring PARTYNEXTDOOR,With YouDrake Featuring PARTYNEXTDOOR,1,85,47,7,2016-07-02,2016
https://www.billboard.com/charts/hot-100/2019-08-31,8/31/2019,75,Won't Be Late,Swae Lee Featuring Drake,Won't Be LateSwae Lee Featuring Drake,1,NA,75,1,2019-08-31,2019
http://www.billboard.com/charts/hot-100/2016-02-13,2/13/2016,9,Work,Rihanna Featuring Drake,WorkRihanna Featuring Drake,1,NA,9,1,2016-02-13,2016
http://www.billboard.com/charts/hot-100/2016-02-20,2/20/2016,7,Work,Rihanna Featuring Drake,WorkRihanna Featuring Drake,1,9,7,2,2016-02-20,2016
http://www.billboard.com/charts/hot-100/2016-02-27,2/27/2016,4,Work,Rihanna Featuring Drake,WorkRihanna Featuring Drake,1,7,4,3,2016-02-27,2016
http://www.billboard.com/charts/hot-100/2016-03-05,3/5/2016,1,Work,Rihanna Featuring Drake,WorkRihanna Featuring Drake,1,4,1,4,2016-03-05,2016
http://www.billboard.com/charts/hot-100/2016-03-12,3/12/2016,1,Work,Rihanna Featuring Drake,WorkRihanna Featuring Drake,1,1,1,5,2016-03-12,2016
http://www.billboard.com/charts/hot-100/2016-03-19,3/19/2016,1,Work,Rihanna Featuring Drake,WorkRihanna Featuring Drake,1,1,1,6,2016-03-19,2016
http://www.billboard.com/charts/hot-100/2016-03-26,3/26/2016,1,Work,Rihanna Featuring Drake,WorkRihanna Featuring Drake,1,1,1,7,2016-03-26,2016
http://www.billboard.com/charts/hot-100/2016-04-02,4/2/2016,1,Work,Rihanna Featuring Drake,WorkRihanna Featuring Drake,1,1,1,8,2016-04-02,2016
http://www.billboard.com/charts/hot-100/2016-04-09,4/9/2016,1,Work,Rihanna Featuring Drake,WorkRihanna Featuring Drake,1,1,1,9,2016-04-09,2016
http://www.billboard.com/charts/hot-100/2016-04-16,4/16/2016,1,Work,Rihanna Featuring Drake,WorkRihanna Featuring Drake,1,1,1,10,2016-04-16,2016
http://www.billboard.com/charts/hot-100/2016-04-23,4/23/2016,1,Work,Rihanna Featuring Drake,WorkRihanna Featuring Drake,1,1,1,11,2016-04-23,2016
http://www.billboard.com/charts/hot-100/2016-04-30,4/30/2016,1,Work,Rihanna Featuring Drake,WorkRihanna Featuring Drake,1,1,1,12,2016-04-30,2016
http://www.billboard.com/charts/hot-100/2016-05-07,5/7/2016,4,Work,Rihanna Featuring Drake,WorkRihanna Featuring Drake,1,1,1,13,2016-05-07,2016
http://www.billboard.com/charts/hot-100/2016-05-14,5/14/2016,6,Work,Rihanna Featuring Drake,WorkRihanna Featuring Drake,1,4,1,14,2016-05-14,2016
http://www.billboard.com/charts/hot-100/2016-05-21,5/21/2016,6,Work,Rihanna Featuring Drake,WorkRihanna Featuring Drake,1,6,1,15,2016-05-21,2016
http://www.billboard.com/charts/hot-100/2016-05-28,5/28/2016,8,Work,Rihanna Featuring Drake,WorkRihanna Featuring Drake,1,6,1,16,2016-05-28,2016
http://www.billboard.com/charts/hot-100/2016-06-04,6/4/2016,8,Work,Rihanna Featuring Drake,WorkRihanna Featuring Drake,1,8,1,17,2016-06-04,2016
http://www.billboard.com/charts/hot-100/2016-06-11,6/11/2016,10,Work,Rihanna Featuring Drake,WorkRihanna Featuring Drake,1,8,1,18,2016-06-11,2016
http://www.billboard.com/charts/hot-100/2016-06-18,6/18/2016,12,Work,Rihanna Featuring Drake,WorkRihanna Featuring Drake,1,10,1,19,2016-06-18,2016
http://www.billboard.com/charts/hot-100/2016-06-25,6/25/2016,12,Work,Rihanna Featuring Drake,WorkRihanna Featuring Drake,1,12,1,20,2016-06-25,2016
http://www.billboard.com/charts/hot-100/2016-07-02,7/2/2016,16,Work,Rihanna Featuring Drake,WorkRihanna Featuring Drake,1,12,1,21,2016-07-02,2016
http://www.billboard.com/charts/hot-100/2016-07-09,7/9/2016,16,Work,Rihanna Featuring Drake,WorkRihanna Featuring Drake,1,16,1,22,2016-07-09,2016
http://www.billboard.com/charts/hot-100/2016-07-16,7/16/2016,20,Work,Rihanna Featuring Drake,WorkRihanna Featuring Drake,1,16,1,23,2016-07-16,2016
http://www.billboard.com/charts/hot-100/2016-07-23,7/23/2016,19,Work,Rihanna Featuring Drake,WorkRihanna Featuring Drake,1,20,1,24,2016-07-23,2016
http://www.billboard.com/charts/hot-100/2016-07-30,7/30/2016,21,Work,Rihanna Featuring Drake,WorkRihanna Featuring Drake,1,19,1,25,2016-07-30,2016
http://www.billboard.com/charts/hot-100/2016-08-06,8/6/2016,23,Work,Rihanna Featuring Drake,WorkRihanna Featuring Drake,1,21,1,26,2016-08-06,2016
http://www.billboard.com/charts/hot-100/2016-08-13,8/13/2016,26,Work,Rihanna Featuring Drake,WorkRihanna Featuring Drake,1,23,1,27,2016-08-13,2016
http://www.billboard.com/charts/hot-100/2016-08-20,8/20/2016,31,Work,Rihanna Featuring Drake,WorkRihanna Featuring Drake,1,26,1,28,2016-08-20,2016
http://www.billboard.com/charts/hot-100/2016-08-27,8/27/2016,34,Work,Rihanna Featuring Drake,WorkRihanna Featuring Drake,1,31,1,29,2016-08-27,2016
http://www.billboard.com/charts/hot-100/2016-09-03,9/3/2016,38,Work,Rihanna Featuring Drake,WorkRihanna Featuring Drake,1,34,1,30,2016-09-03,2016
http://www.billboard.com/charts/hot-100/2016-09-10,9/10/2016,39,Work,Rihanna Featuring Drake,WorkRihanna Featuring Drake,1,38,1,31,2016-09-10,2016
http://www.billboard.com/charts/hot-100/2016-09-17,9/17/2016,35,Work,Rihanna Featuring Drake,WorkRihanna Featuring Drake,1,39,1,32,2016-09-17,2016
http://www.billboard.com/charts/hot-100/2016-09-24,9/24/2016,38,Work,Rihanna Featuring Drake,WorkRihanna Featuring Drake,1,35,1,33,2016-09-24,2016
http://www.billboard.com/charts/hot-100/2016-10-01,10/1/2016,41,Work,Rihanna Featuring Drake,WorkRihanna Featuring Drake,1,38,1,34,2016-10-01,2016
http://www.billboard.com/charts/hot-100/2016-10-08,10/8/2016,41,Work,Rihanna Featuring Drake,WorkRihanna Featuring Drake,1,41,1,35,2016-10-08,2016
http://www.billboard.com/charts/hot-100/2016-10-15,10/15/2016,45,Work,Rihanna Featuring Drake,WorkRihanna Featuring Drake,1,41,1,36,2016-10-15,2016
http://www.billboard.com/charts/hot-100/2013-10-12,10/12/2013,89,Worst Behavior,Drake,Worst BehaviorDrake,1,NA,89,1,2013-10-12,2013
http://www.billboard.com/charts/hot-100/2014-01-04,1/4/2014,94,Worst Behavior,Drake,Worst BehaviorDrake,2,NA,94,2,2014-01-04,2014
http://www.billboard.com/charts/hot-100/2014-01-11,1/11/2014,95,Worst Behavior,Drake,Worst BehaviorDrake,2,94,94,3,2014-01-11,2014
http://www.billboard.com/charts/hot-100/2014-01-18,1/18/2014,99,Worst Behavior,Drake,Worst BehaviorDrake,2,95,94,4,2014-01-18,2014
http://www.billboard.com/charts/hot-100/2014-01-25,1/25/2014,99,Worst Behavior,Drake,Worst BehaviorDrake,2,99,94,5,2014-01-25,2014
http://www.billboard.com/charts/hot-100/2014-02-01,2/1/2014,98,Worst Behavior,Drake,Worst BehaviorDrake,2,99,94,6,2014-02-01,2014
http://www.billboard.com/charts/hot-100/2014-02-08,2/8/2014,93,Worst Behavior,Drake,Worst BehaviorDrake,2,98,93,7,2014-02-08,2014
http://www.billboard.com/charts/hot-100/2014-02-15,2/15/2014,99,Worst Behavior,Drake,Worst BehaviorDrake,2,93,93,8,2014-02-15,2014
http://www.billboard.com/charts/hot-100/2014-02-22,2/22/2014,95,Worst Behavior,Drake,Worst BehaviorDrake,2,99,93,9,2014-02-22,2014
http://www.billboard.com/charts/hot-100/2014-03-01,3/1/2014,99,Worst Behavior,Drake,Worst BehaviorDrake,2,95,93,10,2014-03-01,2014
http://www.billboard.com/charts/hot-100/2014-03-08,3/8/2014,93,Worst Behavior,Drake,Worst BehaviorDrake,2,99,93,11,2014-03-08,2014
http://www.billboard.com/charts/hot-100/2013-09-28,9/28/2013,88,Wu-Tang Forever,Drake,Wu-Tang ForeverDrake,1,NA,88,1,2013-09-28,2013
http://www.billboard.com/charts/hot-100/2013-10-05,10/5/2013,52,Wu-Tang Forever,Drake,Wu-Tang ForeverDrake,1,88,52,2,2013-10-05,2013
http://www.billboard.com/charts/hot-100/2013-10-12,10/12/2013,61,Wu-Tang Forever,Drake,Wu-Tang ForeverDrake,1,52,52,3,2013-10-12,2013
https://www.billboard.com/charts/hot-100/2020-10-31,10/31/2020,52,You're Mines Still,Yung Bleu Featuring Drake,You're Mines StillYung Bleu Featuring Drake,1,NA,52,1,2020-10-31,2020
https://www.billboard.com/charts/hot-100/2020-11-07,11/7/2020,89,You're Mines Still,Yung Bleu Featuring Drake,You're Mines StillYung Bleu Featuring Drake,1,52,52,2,2020-11-07,2020
https://www.billboard.com/charts/hot-100/2021-01-02,1/2/2021,85,You're Mines Still,Yung Bleu Featuring Drake,You're Mines StillYung Bleu Featuring Drake,2,NA,85,3,2021-01-02,2021
https://www.billboard.com/charts/hot-100/2021-01-09,1/9/2021,69,You're Mines Still,Yung Bleu Featuring Drake,You're Mines StillYung Bleu Featuring Drake,2,85,69,4,2021-01-09,2021
https://www.billboard.com/charts/hot-100/2021-01-16,1/16/2021,56,You're Mines Still,Yung Bleu Featuring Drake,You're Mines StillYung Bleu Featuring Drake,2,69,56,5,2021-01-16,2021
https://www.billboard.com/charts/hot-100/2021-01-23,1/23/2021,54,You're Mines Still,Yung Bleu Featuring Drake,You're Mines StillYung Bleu Featuring Drake,2,56,54,6,2021-01-23,2021
https://www.billboard.com/charts/hot-100/2021-01-30,1/30/2021,32,You're Mines Still,Yung Bleu Featuring Drake,You're Mines StillYung Bleu Featuring Drake,2,54,32,7,2021-01-30,2021
https://www.billboard.com/charts/hot-100/2021-02-06,2/6/2021,32,You're Mines Still,Yung Bleu Featuring Drake,You're Mines StillYung Bleu Featuring Drake,2,32,32,8,2021-02-06,2021
https://www.billboard.com/charts/hot-100/2021-02-13,2/13/2021,27,You're Mines Still,Yung Bleu Featuring Drake,You're Mines StillYung Bleu Featuring Drake,2,32,27,9,2021-02-13,2021
https://www.billboard.com/charts/hot-100/2021-02-20,2/20/2021,26,You're Mines Still,Yung Bleu Featuring Drake,You're Mines StillYung Bleu Featuring Drake,2,27,26,10,2021-02-20,2021
https://www.billboard.com/charts/hot-100/2021-02-27,2/27/2021,24,You're Mines Still,Yung Bleu Featuring Drake,You're Mines StillYung Bleu Featuring Drake,2,26,24,11,2021-02-27,2021
https://www.billboard.com/charts/hot-100/2021-03-06,3/6/2021,19,You're Mines Still,Yung Bleu Featuring Drake,You're Mines StillYung Bleu Featuring Drake,2,24,19,12,2021-03-06,2021
https://www.billboard.com/charts/hot-100/2021-03-13,3/13/2021,19,You're Mines Still,Yung Bleu Featuring Drake,You're Mines StillYung Bleu Featuring Drake,2,19,19,13,2021-03-13,2021
https://www.billboard.com/charts/hot-100/2021-03-20,3/20/2021,21,You're Mines Still,Yung Bleu Featuring Drake,You're Mines StillYung Bleu Featuring Drake,2,19,19,14,2021-03-20,2021
https://www.billboard.com/charts/hot-100/2021-03-27,3/27/2021,18,You're Mines Still,Yung Bleu Featuring Drake,You're Mines StillYung Bleu Featuring Drake,2,21,18,15,2021-03-27,2021
https://www.billboard.com/charts/hot-100/2021-04-03,4/3/2021,18,You're Mines Still,Yung Bleu Featuring Drake,You're Mines StillYung Bleu Featuring Drake,2,18,18,16,2021-04-03,2021
https://www.billboard.com/charts/hot-100/2021-04-10,4/10/2021,23,You're Mines Still,Yung Bleu Featuring Drake,You're Mines StillYung Bleu Featuring Drake,2,18,18,17,2021-04-10,2021
https://www.billboard.com/charts/hot-100/2021-04-17,4/17/2021,23,You're Mines Still,Yung Bleu Featuring Drake,You're Mines StillYung Bleu Featuring Drake,2,23,18,18,2021-04-17,2021
https://www.billboard.com/charts/hot-100/2021-04-24,4/24/2021,29,You're Mines Still,Yung Bleu Featuring Drake,You're Mines StillYung Bleu Featuring Drake,2,23,18,19,2021-04-24,2021
https://www.billboard.com/charts/hot-100/2021-05-01,5/1/2021,34,You're Mines Still,Yung Bleu Featuring Drake,You're Mines StillYung Bleu Featuring Drake,2,29,18,20,2021-05-01,2021
https://www.billboard.com/charts/hot-100/2021-05-08,5/8/2021,40,You're Mines Still,Yung Bleu Featuring Drake,You're Mines StillYung Bleu Featuring Drake,2,34,18,21,2021-05-08,2021
https://www.billboard.com/charts/hot-100/2021-05-15,5/15/2021,44,You're Mines Still,Yung Bleu Featuring Drake,You're Mines StillYung Bleu Featuring Drake,2,40,18,22,2021-05-15,2021
https://www.billboard.com/charts/hot-100/2021-05-22,5/22/2021,44,You're Mines Still,Yung Bleu Featuring Drake,You're Mines StillYung Bleu Featuring Drake,2,44,18,23,2021-05-22,2021
http://www.billboard.com/charts/hot-100/2012-03-03,3/3/2012,21,Take Care,Drake Featuring Rihanna,Take CareDrake Featuring Rihanna,1,22,9,14,2012-03-03,2012
http://www.billboard.com/charts/hot-100/2016-08-20,8/20/2016,21,Controlla,Drake,ControllaDrake,1,18,16,14,2016-08-20,2016
https://www.billboard.com/charts/hot-100/2018-10-13,10/13/2018,23,Nonstop,Drake,NonstopDrake,1,16,2,14,2018-10-13,2018
http://www.billboard.com/charts/hot-100/2011-12-03,12/3/2011,28,She Will,Lil Wayne Featuring Drake,She WillLil Wayne Featuring Drake,1,29,3,14,2011-12-03,2011
http://www.billboard.com/charts/hot-100/2010-12-04,12/4/2010,29,Right Above It,Lil Wayne Featuring Drake,Right Above ItLil Wayne Featuring Drake,1,27,6,14,2010-12-04,2010
http://www.billboard.com/charts/hot-100/2010-04-24,4/24/2010,29,Say Something,Timbaland Featuring Drake,Say SomethingTimbaland Featuring Drake,1,27,23,14,2010-04-24,2010
http://www.billboard.com/charts/hot-100/2010-06-26,6/26/2010,31,Over,Drake,OverDrake,1,21,14,14,2010-06-26,2010
http://www.billboard.com/charts/hot-100/2015-05-23,5/23/2015,32,Blessings,Big Sean Featuring Drake,BlessingsBig Sean Featuring Drake,1,28,28,14,2015-05-23,2015
http://www.billboard.com/charts/hot-100/2011-08-27,8/27/2011,40,Marvins Room,Drake,Marvins RoomDrake,1,37,21,4,2011-08-27,2011
http://www.billboard.com/charts/hot-100/2016-06-11,6/11/2016,45,Hype,Drake,HypeDrake,1,35,33,4,2016-06-11,2016
https://www.billboard.com/charts/hot-100/2020-11-07,11/7/2020,49,Mr. Right Now,21 Savage & Metro Boomin Featuring Drake,Mr. Right Now21 Savage & Metro Boomin Featuring Drake,1,42,10,4,2020-11-07,2020
http://www.billboard.com/charts/hot-100/2015-03-21,3/21/2015,51,Energy,Drake,EnergyDrake,1,40,26,4,2015-03-21,2015
http://www.billboard.com/charts/hot-100/2011-01-22,1/22/2011,51,Moment 4 Life,Nicki Minaj Featuring Drake,Moment 4 LifeNicki Minaj Featuring Drake,1,63,51,4,2011-01-22,2011
http://www.billboard.com/charts/hot-100/2009-11-14,11/14/2009,51,Money To Blow,Birdman Featuring Lil Wayne & Drake,Money To BlowBirdman Featuring Lil Wayne & Drake,1,64,51,4,2009-11-14,2009
https://www.billboard.com/charts/hot-100/2019-03-30,3/30/2019,52,Girls Need Love,Summer Walker X Drake,Girls Need LoveSummer Walker X Drake,1,52,37,4,2019-03-30,2019
https://www.billboard.com/charts/hot-100/2018-08-04,8/4/2018,53,Mob Ties,Drake,Mob TiesDrake,1,43,13,4,2018-08-04,2018
http://www.billboard.com/charts/hot-100/2013-06-01,6/1/2013,54,No New Friends (SFTB Remix),"DJ Khaled Featuring Drake, Rick Ross & Lil Wayne","No New Friends (SFTB Remix)DJ Khaled Featuring Drake, Rick Ross & Lil Wayne",1,61,54,4,2013-06-01,2013
http://www.billboard.com/charts/hot-100/2016-06-11,6/11/2016,56,Grammys,Drake Featuring Future,GrammysDrake Featuring Future,1,50,38,4,2016-06-11,2016
https://www.billboard.com/charts/hot-100/2020-08-22,8/22/2020,58,Greece,DJ Khaled Featuring Drake,GreeceDJ Khaled Featuring Drake,1,56,8,4,2020-08-22,2020
https://www.billboard.com/charts/hot-100/2018-11-10,11/10/2018,60,Never Recover,Lil Baby & Gunna Featuring Drake,Never RecoverLil Baby & Gunna Featuring Drake,1,49,15,4,2018-11-10,2018
http://www.billboard.com/charts/hot-100/2015-03-21,3/21/2015,60,Legend,Drake,LegendDrake,1,57,52,4,2015-03-21,2015
http://www.billboard.com/charts/hot-100/2009-11-28,11/28/2009,60,I Invented Sex,Trey Songz Featuring Drake,I Invented SexTrey Songz Featuring Drake,1,61,60,4,2009-11-28,2009
http://www.billboard.com/charts/hot-100/2016-08-27,8/27/2016,61,No Shopping,French Montana Featuring Drake,No ShoppingFrench Montana Featuring Drake,1,36,36,4,2016-08-27,2016
http://www.billboard.com/charts/hot-100/2011-02-05,2/5/2011,54,Fall For Your Type,Jamie Foxx Featuring Drake,Fall For Your TypeJamie Foxx Featuring Drake,1,66,54,7,2011-02-05,2011
https://www.billboard.com/charts/hot-100/2020-11-28,11/28/2020,56,Mr. Right Now,21 Savage & Metro Boomin Featuring Drake,Mr. Right Now21 Savage & Metro Boomin Featuring Drake,1,52,10,7,2020-11-28,2020
http://www.billboard.com/charts/hot-100/2013-06-22,6/22/2013,57,No New Friends (SFTB Remix),"DJ Khaled Featuring Drake, Rick Ross & Lil Wayne","No New Friends (SFTB Remix)DJ Khaled Featuring Drake, Rick Ross & Lil Wayne",1,61,54,7,2013-06-22,2013
http://www.billboard.com/charts/hot-100/2015-04-18,4/18/2015,59,Know Yourself,Drake,Know YourselfDrake,1,57,57,7,2015-04-18,2015
http://www.billboard.com/charts/hot-100/2015-04-11,4/11/2015,61,Energy,Drake,EnergyDrake,1,52,26,7,2015-04-11,2015
https://www.billboard.com/charts/hot-100/2020-09-12,9/12/2020,65,Greece,DJ Khaled Featuring Drake,GreeceDJ Khaled Featuring Drake,1,62,8,7,2020-09-12,2020
http://www.billboard.com/charts/hot-100/2015-04-11,4/11/2015,65,Legend,Drake,LegendDrake,1,63,52,7,2015-04-11,2015
http://www.billboard.com/charts/hot-100/2016-07-02,7/2/2016,69,Hype,Drake,HypeDrake,1,69,33,7,2016-07-02,2016
https://www.billboard.com/charts/hot-100/2018-12-01,12/1/2018,70,Never Recover,Lil Baby & Gunna Featuring Drake,Never RecoverLil Baby & Gunna Featuring Drake,1,70,15,7,2018-12-01,2018
http://www.billboard.com/charts/hot-100/2010-07-31,7/31/2010,70,Miss Me,Drake Featuring Lil Wayne,Miss MeDrake Featuring Lil Wayne,1,75,15,7,2010-07-31,2010
http://www.billboard.com/charts/hot-100/2009-11-14,11/14/2009,71,I'm Going In,Drake Featuring Lil Wayne & Young Jeezy,I'm Going InDrake Featuring Lil Wayne & Young Jeezy,1,72,40,7,2009-11-14,2009
https://www.billboard.com/charts/hot-100/2018-11-17,11/17/2018,73,No Stylist,French Montana Featuring Drake,No StylistFrench Montana Featuring Drake,1,73,47,7,2018-11-17,2018
http://www.billboard.com/charts/hot-100/2016-09-17,9/17/2016,74,No Shopping,French Montana Featuring Drake,No ShoppingFrench Montana Featuring Drake,1,72,36,7,2016-09-17,2016
https://www.billboard.com/charts/hot-100/2019-04-20,4/20/2019,81,Girls Need Love,Summer Walker X Drake,Girls Need LoveSummer Walker X Drake,1,76,37,7,2019-04-20,2019
http://www.billboard.com/charts/hot-100/2016-07-02,7/2/2016,82,Grammys,Drake Featuring Future,GrammysDrake Featuring Future,1,77,38,7,2016-07-02,2016
http://www.billboard.com/charts/hot-100/2017-05-13,5/13/2017,95,No Frauds,"Nicki Minaj, Drake & Lil Wayne","No FraudsNicki Minaj, Drake & Lil Wayne",1,80,14,7,2017-05-13,2017
https://www.billboard.com/charts/hot-100/2018-08-25,8/25/2018,99,Mob Ties,Drake,Mob TiesDrake,1,94,13,7,2018-08-25,2018
https://www.billboard.com/charts/hot-100/2018-03-24,3/24/2018,1,God's Plan,Drake,God's PlanDrake,1,1,1,8,2018-03-24,2018
https://www.billboard.com/charts/hot-100/2018-06-09,6/9/2018,1,Nice For What,Drake,Nice For WhatDrake,1,1,1,8,2018-06-09,2018
https://www.billboard.com/charts/hot-100/2018-09-01,9/1/2018,1,In My Feelings,Drake,In My FeelingsDrake,1,1,1,8,2018-09-01,2018
https://www.billboard.com/charts/hot-100/2020-03-14,3/14/2020,2,Life Is Good,Future Featuring Drake,Life Is GoodFuture Featuring Drake,1,2,2,8,2020-03-14,2020
http://www.billboard.com/charts/hot-100/2013-10-12,10/12/2013,4,"Hold On, We're Going Home",Drake Featuring Majid Jordan,"Hold On, We're Going HomeDrake Featuring Majid Jordan",1,7,4,8,2013-10-12,2013
http://www.billboard.com/charts/hot-100/2015-10-10,10/10/2015,4,Hotline Bling,Drake,Hotline BlingDrake,1,9,4,8,2015-10-10,2015
https://www.billboard.com/charts/hot-100/2020-10-17,10/17/2020,5,Laugh Now Cry Later,Drake Featuring Lil Durk,Laugh Now Cry LaterDrake Featuring Lil Durk,1,4,2,8,2020-10-17,2020
https://www.billboard.com/charts/hot-100/2018-04-14,4/14/2018,5,Look Alive,BlocBoy JB Featuring Drake,Look AliveBlocBoy JB Featuring Drake,1,6,5,8,2018-04-14,2018
http://www.billboard.com/charts/hot-100/2010-07-10,7/10/2010,6,Find Your Love,Drake,Find Your LoveDrake,1,5,5,8,2010-07-10,2010
https://www.billboard.com/charts/hot-100/2019-08-10,8/10/2019,6,No Guidance,Chris Brown Featuring Drake,No GuidanceChris Brown Featuring Drake,1,11,6,8,2019-08-10,2019
http://www.billboard.com/charts/hot-100/2013-03-23,3/23/2013,9,Love Me,Lil Wayne Featuring Drake & Future,Love MeLil Wayne Featuring Drake & Future,1,11,9,8,2013-03-23,2013
http://www.billboard.com/charts/hot-100/2016-12-31,12/31/2016,12,Fake Love,Drake,Fake LoveDrake,1,11,10,8,2016-12-31,2016
http://www.billboard.com/charts/hot-100/2011-07-23,7/23/2011,12,I'm On One,"DJ Khaled Featuring Drake, Rick Ross & Lil Wayne","I'm On OneDJ Khaled Featuring Drake, Rick Ross & Lil Wayne",1,15,10,8,2011-07-23,2011
https://www.billboard.com/charts/hot-100/2019-08-17,8/17/2019,13,Money In The Grave,Drake Featuring Rick Ross,Money In The GraveDrake Featuring Rick Ross,1,13,7,8,2019-08-17,2019
https://www.billboard.com/charts/hot-100/2019-02-02,2/2/2019,14,Going Bad,Meek Mill Featuring Drake,Going BadMeek Mill Featuring Drake,1,17,6,8,2019-02-02,2019
http://www.billboard.com/charts/hot-100/2016-08-13,8/13/2016,14,For Free,DJ Khaled Featuring Drake,For FreeDJ Khaled Featuring Drake,1,19,14,8,2016-08-13,2016
http://www.billboard.com/charts/hot-100/2009-11-21,11/21/2009,16,Forever,"Drake Featuring Kanye West, Lil Wayne & Eminem","ForeverDrake Featuring Kanye West, Lil Wayne & Eminem",1,17,8,8,2009-11-21,2009
http://www.billboard.com/charts/hot-100/2015-11-28,11/28/2015,16,Jumpman,Drake & Future,JumpmanDrake & Future,1,16,12,8,2015-11-28,2015
http://www.billboard.com/charts/hot-100/2011-10-15,10/15/2011,22,Headlines,Drake,HeadlinesDrake,1,23,13,8,2011-10-15,2011
http://www.billboard.com/charts/hot-100/2011-02-19,2/19/2011,22,Moment 4 Life,Nicki Minaj Featuring Drake,Moment 4 LifeNicki Minaj Featuring Drake,1,27,22,8,2011-02-19,2011
https://www.billboard.com/charts/hot-100/2018-07-28,7/28/2018,24,I'm Upset,Drake,I'm UpsetDrake,1,16,7,8,2018-07-28,2018
http://www.billboard.com/charts/hot-100/2013-01-05,1/5/2013,24,F**kin Problems,"A$AP Rocky Featuring Drake, 2 Chainz & Kendrick Lamar","F**kin ProblemsA$AP Rocky Featuring Drake, 2 Chainz & Kendrick Lamar",1,32,24,8,2013-01-05,2013
https://www.billboard.com/charts/hot-100/2018-12-15,12/15/2018,25,MIA,Bad Bunny Featuring Drake,MIABad Bunny Featuring Drake,1,19,5,8,2018-12-15,2018
http://www.billboard.com/charts/hot-100/2011-12-17,12/17/2011,28,Make Me Proud,Drake Featuring Nicki Minaj,Make Me ProudDrake Featuring Nicki Minaj,1,39,9,8,2011-12-17,2011
http://www.billboard.com/charts/hot-100/2009-12-12,12/12/2009,31,Money To Blow,Birdman Featuring Lil Wayne & Drake,Money To BlowBirdman Featuring Lil Wayne & Drake,1,32,31,8,2009-12-12,2009
http://www.billboard.com/charts/hot-100/2012-07-14,7/14/2012,40,No Lie,2 Chainz Featuring Drake,No Lie2 Chainz Featuring Drake,1,40,40,8,2012-07-14,2012
http://www.billboard.com/charts/hot-100/2009-12-26,12/26/2009,43,I Invented Sex,Trey Songz Featuring Drake,I Invented SexTrey Songz Featuring Drake,1,43,43,8,2009-12-26,2009
http://www.billboard.com/charts/hot-100/2011-09-24,9/24/2011,45,Marvins Room,Drake,Marvins RoomDrake,1,45,21,8,2011-09-24,2011
http://www.billboard.com/charts/hot-100/2015-04-11,4/11/2015,57,Know Yourself,Drake,Know YourselfDrake,1,57,57,6,2015-04-11,2015
http://www.billboard.com/charts/hot-100/2012-06-30,6/30/2012,58,No Lie,2 Chainz Featuring Drake,No Lie2 Chainz Featuring Drake,1,67,45,6,2012-06-30,2012
http://www.billboard.com/charts/hot-100/2013-06-15,6/15/2013,61,No New Friends (SFTB Remix),"DJ Khaled Featuring Drake, Rick Ross & Lil Wayne","No New Friends (SFTB Remix)DJ Khaled Featuring Drake, Rick Ross & Lil Wayne",1,58,54,6,2013-06-15,2013
https://www.billboard.com/charts/hot-100/2020-09-05,9/5/2020,62,Greece,DJ Khaled Featuring Drake,GreeceDJ Khaled Featuring Drake,1,60,8,6,2020-09-05,2020
http://www.billboard.com/charts/hot-100/2015-04-04,4/4/2015,63,Legend,Drake,LegendDrake,1,62,52,6,2015-04-04,2015
http://www.billboard.com/charts/hot-100/2011-01-29,1/29/2011,66,Fall For Your Type,Jamie Foxx Featuring Drake,Fall For Your TypeJamie Foxx Featuring Drake,1,72,62,6,2011-01-29,2011
http://www.billboard.com/charts/hot-100/2016-06-25,6/25/2016,69,Hype,Drake,HypeDrake,1,54,33,6,2016-06-25,2016
https://www.billboard.com/charts/hot-100/2018-11-24,11/24/2018,70,Never Recover,Lil Baby & Gunna Featuring Drake,Never RecoverLil Baby & Gunna Featuring Drake,1,69,15,6,2018-11-24,2018
http://www.billboard.com/charts/hot-100/2011-12-03,12/3/2011,72,Make Me Proud,Drake Featuring Nicki Minaj,Make Me ProudDrake Featuring Nicki Minaj,1,39,9,6,2011-12-03,2011
http://www.billboard.com/charts/hot-100/2016-09-10,9/10/2016,72,No Shopping,French Montana Featuring Drake,No ShoppingFrench Montana Featuring Drake,1,67,36,6,2016-09-10,2016
http://www.billboard.com/charts/hot-100/2009-11-07,11/7/2009,72,I'm Going In,Drake Featuring Lil Wayne & Young Jeezy,I'm Going InDrake Featuring Lil Wayne & Young Jeezy,1,74,40,6,2009-11-07,2009
https://www.billboard.com/charts/hot-100/2018-11-10,11/10/2018,73,No Stylist,French Montana Featuring Drake,No StylistFrench Montana Featuring Drake,1,68,47,6,2018-11-10,2018
http://www.billboard.com/charts/hot-100/2010-07-24,7/24/2010,75,Miss Me,Drake Featuring Lil Wayne,Miss MeDrake Featuring Lil Wayne,1,72,15,6,2010-07-24,2010
https://www.billboard.com/charts/hot-100/2019-04-13,4/13/2019,76,Girls Need Love,Summer Walker X Drake,Girls Need LoveSummer Walker X Drake,1,58,37,6,2019-04-13,2019
http://www.billboard.com/charts/hot-100/2016-06-25,6/25/2016,77,Grammys,Drake Featuring Future,GrammysDrake Featuring Future,1,67,38,6,2016-06-25,2016
http://www.billboard.com/charts/hot-100/2017-05-06,5/6/2017,80,No Frauds,"Nicki Minaj, Drake & Lil Wayne","No FraudsNicki Minaj, Drake & Lil Wayne",1,87,14,6,2017-05-06,2017
http://www.billboard.com/charts/hot-100/2016-06-25,6/25/2016,91,Feel No Ways,Drake,Feel No WaysDrake,1,80,53,6,2016-06-25,2016
https://www.billboard.com/charts/hot-100/2018-08-18,8/18/2018,94,Mob Ties,Drake,Mob TiesDrake,1,64,13,6,2018-08-18,2018
http://www.billboard.com/charts/hot-100/2017-05-13,5/13/2017,97,Gyalchester,Drake,GyalchesterDrake,1,92,29,6,2017-05-13,2017
https://www.billboard.com/charts/hot-100/2018-03-17,3/17/2018,1,God's Plan,Drake,God's PlanDrake,1,1,1,7,2018-03-17,2018
https://www.billboard.com/charts/hot-100/2018-08-25,8/25/2018,1,In My Feelings,Drake,In My FeelingsDrake,1,1,1,7,2018-08-25,2018
https://www.billboard.com/charts/hot-100/2018-06-02,6/2/2018,1,Nice For What,Drake,Nice For WhatDrake,1,2,1,7,2018-06-02,2018
https://www.billboard.com/charts/hot-100/2020-03-07,3/7/2020,2,Life Is Good,Future Featuring Drake,Life Is GoodFuture Featuring Drake,1,2,2,7,2020-03-07,2020
https://www.billboard.com/charts/hot-100/2020-10-10,10/10/2020,4,Laugh Now Cry Later,Drake Featuring Lil Durk,Laugh Now Cry LaterDrake Featuring Lil Durk,1,4,2,7,2020-10-10,2020
http://www.billboard.com/charts/hot-100/2010-07-03,7/3/2010,5,Find Your Love,Drake,Find Your LoveDrake,1,10,5,7,2010-07-03,2010
https://www.billboard.com/charts/hot-100/2018-04-07,4/7/2018,6,Look Alive,BlocBoy JB Featuring Drake,Look AliveBlocBoy JB Featuring Drake,1,11,5,7,2018-04-07,2018
http://www.billboard.com/charts/hot-100/2013-10-05,10/5/2013,7,"Hold On, We're Going Home",Drake Featuring Majid Jordan,"Hold On, We're Going HomeDrake Featuring Majid Jordan",1,9,7,7,2013-10-05,2013
http://www.billboard.com/charts/hot-100/2015-10-03,10/3/2015,9,Hotline Bling,Drake,Hotline BlingDrake,1,16,9,7,2015-10-03,2015
https://www.billboard.com/charts/hot-100/2019-08-03,8/3/2019,11,No Guidance,Chris Brown Featuring Drake,No GuidanceChris Brown Featuring Drake,1,10,9,7,2019-08-03,2019
http://www.billboard.com/charts/hot-100/2013-03-16,3/16/2013,11,Love Me,Lil Wayne Featuring Drake & Future,Love MeLil Wayne Featuring Drake & Future,1,10,10,7,2013-03-16,2013
http://www.billboard.com/charts/hot-100/2016-12-24,12/24/2016,11,Fake Love,Drake,Fake LoveDrake,1,11,10,7,2016-12-24,2016
https://www.billboard.com/charts/hot-100/2019-08-10,8/10/2019,13,Money In The Grave,Drake Featuring Rick Ross,Money In The GraveDrake Featuring Rick Ross,1,13,7,7,2019-08-10,2019
http://www.billboard.com/charts/hot-100/2011-07-16,7/16/2011,15,I'm On One,"DJ Khaled Featuring Drake, Rick Ross & Lil Wayne","I'm On OneDJ Khaled Featuring Drake, Rick Ross & Lil Wayne",1,20,10,7,2011-07-16,2011
https://www.billboard.com/charts/hot-100/2018-07-21,7/21/2018,16,I'm Upset,Drake,I'm UpsetDrake,1,7,7,7,2018-07-21,2018
http://www.billboard.com/charts/hot-100/2015-11-21,11/21/2015,16,Jumpman,Drake & Future,JumpmanDrake & Future,1,14,12,7,2015-11-21,2015
https://www.billboard.com/charts/hot-100/2019-01-26,1/26/2019,17,Going Bad,Meek Mill Featuring Drake,Going BadMeek Mill Featuring Drake,1,18,6,7,2019-01-26,2019
http://www.billboard.com/charts/hot-100/2009-11-14,11/14/2009,17,Forever,"Drake Featuring Kanye West, Lil Wayne & Eminem","ForeverDrake Featuring Kanye West, Lil Wayne & Eminem",1,14,8,7,2009-11-14,2009
https://www.billboard.com/charts/hot-100/2018-12-08,12/8/2018,19,MIA,Bad Bunny Featuring Drake,MIABad Bunny Featuring Drake,1,18,5,7,2018-12-08,2018
http://www.billboard.com/charts/hot-100/2016-08-06,8/6/2016,19,For Free,DJ Khaled Featuring Drake,For FreeDJ Khaled Featuring Drake,1,17,17,7,2016-08-06,2016
http://www.billboard.com/charts/hot-100/2011-10-08,10/8/2011,23,Headlines,Drake,HeadlinesDrake,1,23,13,7,2011-10-08,2011
http://www.billboard.com/charts/hot-100/2011-02-12,2/12/2011,27,Moment 4 Life,Nicki Minaj Featuring Drake,Moment 4 LifeNicki Minaj Featuring Drake,1,37,27,7,2011-02-12,2011
http://www.billboard.com/charts/hot-100/2009-12-05,12/5/2009,32,Money To Blow,Birdman Featuring Lil Wayne & Drake,Money To BlowBirdman Featuring Lil Wayne & Drake,1,34,32,7,2009-12-05,2009
http://www.billboard.com/charts/hot-100/2012-12-29,12/29/2012,32,F**kin Problems,"A$AP Rocky Featuring Drake, 2 Chainz & Kendrick Lamar","F**kin ProblemsA$AP Rocky Featuring Drake, 2 Chainz & Kendrick Lamar",1,42,32,7,2012-12-29,2012
http://www.billboard.com/charts/hot-100/2011-12-10,12/10/2011,39,Make Me Proud,Drake Featuring Nicki Minaj,Make Me ProudDrake Featuring Nicki Minaj,1,72,9,7,2011-12-10,2011
http://www.billboard.com/charts/hot-100/2012-07-07,7/7/2012,40,No Lie,2 Chainz Featuring Drake,No Lie2 Chainz Featuring Drake,1,58,40,7,2012-07-07,2012
http://www.billboard.com/charts/hot-100/2009-12-19,12/19/2009,43,I Invented Sex,Trey Songz Featuring Drake,I Invented SexTrey Songz Featuring Drake,1,54,43,7,2009-12-19,2009
http://www.billboard.com/charts/hot-100/2011-09-17,9/17/2011,45,Marvins Room,Drake,Marvins RoomDrake,1,41,21,7,2011-09-17,2011
http://www.billboard.com/charts/hot-100/2013-07-20,7/20/2013,40,No New Friends (SFTB Remix),"DJ Khaled Featuring Drake, Rick Ross & Lil Wayne","No New Friends (SFTB Remix)DJ Khaled Featuring Drake, Rick Ross & Lil Wayne",1,42,37,11,2013-07-20,2013
http://www.billboard.com/charts/hot-100/2010-08-28,8/28/2010,49,Miss Me,Drake Featuring Lil Wayne,Miss MeDrake Featuring Lil Wayne,1,55,15,11,2010-08-28,2010
http://www.billboard.com/charts/hot-100/2011-10-15,10/15/2011,56,Marvins Room,Drake,Marvins RoomDrake,1,49,21,11,2011-10-15,2011
http://www.billboard.com/charts/hot-100/2010-01-16,1/16/2010,62,I Invented Sex,Trey Songz Featuring Drake,I Invented SexTrey Songz Featuring Drake,1,62,42,11,2010-01-16,2010
http://www.billboard.com/charts/hot-100/2015-05-16,5/16/2015,62,Know Yourself,Drake,Know YourselfDrake,1,61,53,11,2015-05-16,2015
http://www.billboard.com/charts/hot-100/2011-03-05,3/5/2011,63,Fall For Your Type,Jamie Foxx Featuring Drake,Fall For Your TypeJamie Foxx Featuring Drake,1,61,50,11,2011-03-05,2011
https://www.billboard.com/charts/hot-100/2018-08-18,8/18/2018,65,I'm Upset,Drake,I'm UpsetDrake,1,45,7,11,2018-08-18,2018
https://www.billboard.com/charts/hot-100/2020-10-10,10/10/2020,67,Greece,DJ Khaled Featuring Drake,GreeceDJ Khaled Featuring Drake,1,65,8,11,2020-10-10,2020
http://www.billboard.com/charts/hot-100/2015-05-09,5/9/2015,68,Energy,Drake,EnergyDrake,1,67,26,11,2015-05-09,2015
https://www.billboard.com/charts/hot-100/2019-05-18,5/18/2019,75,Girls Need Love,Summer Walker X Drake,Girls Need LoveSummer Walker X Drake,1,74,37,11,2019-05-18,2019
http://www.billboard.com/charts/hot-100/2009-12-12,12/12/2009,77,I'm Going In,Drake Featuring Lil Wayne & Young Jeezy,I'm Going InDrake Featuring Lil Wayne & Young Jeezy,1,75,40,11,2009-12-12,2009
https://www.billboard.com/charts/hot-100/2020-12-26,12/26/2020,88,Mr. Right Now,21 Savage & Metro Boomin Featuring Drake,Mr. Right Now21 Savage & Metro Boomin Featuring Drake,1,65,10,11,2020-12-26,2020
http://www.billboard.com/charts/hot-100/2015-05-09,5/9/2015,94,Legend,Drake,LegendDrake,1,90,52,11,2015-05-09,2015
https://www.billboard.com/charts/hot-100/2018-12-15,12/15/2018,95,No Stylist,French Montana Featuring Drake,No StylistFrench Montana Featuring Drake,1,73,47,11,2018-12-15,2018
http://www.billboard.com/charts/hot-100/2016-10-15,10/15/2016,100,No Shopping,French Montana Featuring Drake,No ShoppingFrench Montana Featuring Drake,1,98,36,11,2016-10-15,2016
https://www.billboard.com/charts/hot-100/2018-04-21,4/21/2018,2,God's Plan,Drake,God's PlanDrake,1,1,1,12,2018-04-21,2018
https://www.billboard.com/charts/hot-100/2018-09-29,9/29/2018,2,In My Feelings,Drake,In My FeelingsDrake,1,1,1,12,2018-09-29,2018
http://www.billboard.com/charts/hot-100/2015-11-07,11/7/2015,2,Hotline Bling,Drake,Hotline BlingDrake,1,2,2,12,2015-11-07,2015
https://www.billboard.com/charts/hot-100/2020-11-14,11/14/2020,3,Laugh Now Cry Later,Drake Featuring Lil Durk,Laugh Now Cry LaterDrake Featuring Lil Durk,1,4,2,12,2020-11-14,2020
https://www.billboard.com/charts/hot-100/2020-04-11,4/11/2020,5,Life Is Good,Future Featuring Drake,Life Is GoodFuture Featuring Drake,1,6,2,12,2020-04-11,2020
http://www.billboard.com/charts/hot-100/2013-11-09,11/9/2013,5,"Hold On, We're Going Home",Drake Featuring Majid Jordan,"Hold On, We're Going HomeDrake Featuring Majid Jordan",1,5,4,12,2013-11-09,2013
https://www.billboard.com/charts/hot-100/2018-07-07,7/7/2018,6,Nice For What,Drake,Nice For WhatDrake,1,3,1,12,2018-07-07,2018
https://www.billboard.com/charts/hot-100/2019-09-07,9/7/2019,7,No Guidance,Chris Brown Featuring Drake,No GuidanceChris Brown Featuring Drake,1,7,6,12,2019-09-07,2019
http://www.billboard.com/charts/hot-100/2010-08-07,8/7/2010,9,Find Your Love,Drake,Find Your LoveDrake,1,9,5,12,2010-08-07,2010
https://www.billboard.com/charts/hot-100/2018-05-12,5/12/2018,9,Look Alive,BlocBoy JB Featuring Drake,Look AliveBlocBoy JB Featuring Drake,1,9,5,12,2018-05-12,2018
http://www.billboard.com/charts/hot-100/2017-01-28,1/28/2017,11,Fake Love,Drake,Fake LoveDrake,1,9,9,12,2017-01-28,2017
http://www.billboard.com/charts/hot-100/2013-04-20,4/20/2013,13,Love Me,Lil Wayne Featuring Drake & Future,Love MeLil Wayne Featuring Drake & Future,1,14,9,12,2013-04-20,2013
http://www.billboard.com/charts/hot-100/2011-03-19,3/19/2011,13,Moment 4 Life,Nicki Minaj Featuring Drake,Moment 4 LifeNicki Minaj Featuring Drake,1,15,13,12,2011-03-19,2011
http://www.billboard.com/charts/hot-100/2011-11-12,11/12/2011,13,Headlines,Drake,HeadlinesDrake,1,16,13,12,2011-11-12,2011
https://www.billboard.com/charts/hot-100/2018-12-08,12/8/2018,85,Never Recover,Lil Baby & Gunna Featuring Drake,Never RecoverLil Baby & Gunna Featuring Drake,1,70,15,8,2018-12-08,2018
http://www.billboard.com/charts/hot-100/2016-09-24,9/24/2016,85,No Shopping,French Montana Featuring Drake,No ShoppingFrench Montana Featuring Drake,1,74,36,8,2016-09-24,2016
http://www.billboard.com/charts/hot-100/2016-07-09,7/9/2016,93,Grammys,Drake Featuring Future,GrammysDrake Featuring Future,1,82,38,8,2016-07-09,2016
https://www.billboard.com/charts/hot-100/2018-03-31,3/31/2018,1,God's Plan,Drake,God's PlanDrake,1,1,1,9,2018-03-31,2018
https://www.billboard.com/charts/hot-100/2018-09-08,9/8/2018,1,In My Feelings,Drake,In My FeelingsDrake,1,1,1,9,2018-09-08,2018
https://www.billboard.com/charts/hot-100/2018-06-16,6/16/2018,2,Nice For What,Drake,Nice For WhatDrake,1,1,1,9,2018-06-16,2018
https://www.billboard.com/charts/hot-100/2020-03-21,3/21/2020,3,Life Is Good,Future Featuring Drake,Life Is GoodFuture Featuring Drake,1,2,2,9,2020-03-21,2020
https://www.billboard.com/charts/hot-100/2020-10-24,10/24/2020,3,Laugh Now Cry Later,Drake Featuring Lil Durk,Laugh Now Cry LaterDrake Featuring Lil Durk,1,5,2,9,2020-10-24,2020
http://www.billboard.com/charts/hot-100/2015-10-17,10/17/2015,3,Hotline Bling,Drake,Hotline BlingDrake,1,4,3,9,2015-10-17,2015
http://www.billboard.com/charts/hot-100/2013-10-19,10/19/2013,5,"Hold On, We're Going Home",Drake Featuring Majid Jordan,"Hold On, We're Going HomeDrake Featuring Majid Jordan",1,4,4,9,2013-10-19,2013
https://www.billboard.com/charts/hot-100/2018-04-21,4/21/2018,5,Look Alive,BlocBoy JB Featuring Drake,Look AliveBlocBoy JB Featuring Drake,1,5,5,9,2018-04-21,2018
https://www.billboard.com/charts/hot-100/2019-08-17,8/17/2019,6,No Guidance,Chris Brown Featuring Drake,No GuidanceChris Brown Featuring Drake,1,6,6,9,2019-08-17,2019
http://www.billboard.com/charts/hot-100/2010-07-17,7/17/2010,8,Find Your Love,Drake,Find Your LoveDrake,1,6,5,9,2010-07-17,2010
http://www.billboard.com/charts/hot-100/2013-03-30,3/30/2013,10,Love Me,Lil Wayne Featuring Drake & Future,Love MeLil Wayne Featuring Drake & Future,1,9,9,9,2013-03-30,2013
http://www.billboard.com/charts/hot-100/2017-01-07,1/7/2017,10,Fake Love,Drake,Fake LoveDrake,1,12,10,9,2017-01-07,2017
https://www.billboard.com/charts/hot-100/2019-08-24,8/24/2019,13,Money In The Grave,Drake Featuring Rick Ross,Money In The GraveDrake Featuring Rick Ross,1,13,7,9,2019-08-24,2019
http://www.billboard.com/charts/hot-100/2016-08-20,8/20/2016,13,For Free,DJ Khaled Featuring Drake,For FreeDJ Khaled Featuring Drake,1,14,13,9,2016-08-20,2016
http://www.billboard.com/charts/hot-100/2011-07-30,7/30/2011,14,I'm On One,"DJ Khaled Featuring Drake, Rick Ross & Lil Wayne","I'm On OneDJ Khaled Featuring Drake, Rick Ross & Lil Wayne",1,12,10,9,2011-07-30,2011
https://www.billboard.com/charts/hot-100/2019-02-09,2/9/2019,15,Going Bad,Meek Mill Featuring Drake,Going BadMeek Mill Featuring Drake,1,14,6,9,2019-02-09,2019
http://www.billboard.com/charts/hot-100/2015-12-05,12/5/2015,16,Jumpman,Drake & Future,JumpmanDrake & Future,1,16,12,9,2015-12-05,2015
http://www.billboard.com/charts/hot-100/2011-10-22,10/22/2011,17,Headlines,Drake,HeadlinesDrake,1,22,13,9,2011-10-22,2011
http://www.billboard.com/charts/hot-100/2009-11-28,11/28/2009,19,Forever,"Drake Featuring Kanye West, Lil Wayne & Eminem","ForeverDrake Featuring Kanye West, Lil Wayne & Eminem",1,16,8,9,2009-11-28,2009
http://www.billboard.com/charts/hot-100/2011-02-26,2/26/2011,19,Moment 4 Life,Nicki Minaj Featuring Drake,Moment 4 LifeNicki Minaj Featuring Drake,1,22,19,9,2011-02-26,2011
https://www.billboard.com/charts/hot-100/2018-12-22,12/22/2018,26,MIA,Bad Bunny Featuring Drake,MIABad Bunny Featuring Drake,1,25,5,9,2018-12-22,2018
http://www.billboard.com/charts/hot-100/2013-01-12,1/12/2013,26,F**kin Problems,"A$AP Rocky Featuring Drake, 2 Chainz & Kendrick Lamar","F**kin ProblemsA$AP Rocky Featuring Drake, 2 Chainz & Kendrick Lamar",1,24,24,9,2013-01-12,2013
http://www.billboard.com/charts/hot-100/2009-12-19,12/19/2009,26,Money To Blow,Birdman Featuring Lil Wayne & Drake,Money To BlowBirdman Featuring Lil Wayne & Drake,1,31,26,9,2009-12-19,2009
http://www.billboard.com/charts/hot-100/2011-12-24,12/24/2011,27,Make Me Proud,Drake Featuring Nicki Minaj,Make Me ProudDrake Featuring Nicki Minaj,1,28,9,9,2011-12-24,2011
http://www.billboard.com/charts/hot-100/2012-07-21,7/21/2012,35,No Lie,2 Chainz Featuring Drake,No Lie2 Chainz Featuring Drake,1,40,35,9,2012-07-21,2012
http://www.billboard.com/charts/hot-100/2013-07-06,7/6/2013,37,No New Friends (SFTB Remix),"DJ Khaled Featuring Drake, Rick Ross & Lil Wayne","No New Friends (SFTB Remix)DJ Khaled Featuring Drake, Rick Ross & Lil Wayne",1,45,37,9,2013-07-06,2013
https://www.billboard.com/charts/hot-100/2018-08-04,8/4/2018,38,I'm Upset,Drake,I'm UpsetDrake,1,24,7,9,2018-08-04,2018
http://www.billboard.com/charts/hot-100/2010-01-02,1/2/2010,42,I Invented Sex,Trey Songz Featuring Drake,I Invented SexTrey Songz Featuring Drake,1,43,42,9,2010-01-02,2010
http://www.billboard.com/charts/hot-100/2011-10-01,10/1/2011,46,Marvins Room,Drake,Marvins RoomDrake,1,45,21,9,2011-10-01,2011
http://www.billboard.com/charts/hot-100/2011-02-19,2/19/2011,50,Fall For Your Type,Jamie Foxx Featuring Drake,Fall For Your TypeJamie Foxx Featuring Drake,1,51,50,9,2011-02-19,2011
http://www.billboard.com/charts/hot-100/2010-08-14,8/14/2010,53,Miss Me,Drake Featuring Lil Wayne,Miss MeDrake Featuring Lil Wayne,1,61,15,9,2010-08-14,2010
http://www.billboard.com/charts/hot-100/2015-05-02,5/2/2015,57,Know Yourself,Drake,Know YourselfDrake,1,53,53,9,2015-05-02,2015
http://www.billboard.com/charts/hot-100/2015-04-25,4/25/2015,60,Energy,Drake,EnergyDrake,1,68,26,9,2015-04-25,2015
https://www.billboard.com/charts/hot-100/2018-12-01,12/1/2018,66,No Stylist,French Montana Featuring Drake,No StylistFrench Montana Featuring Drake,1,69,47,9,2018-12-01,2018
https://www.billboard.com/charts/hot-100/2020-12-12,12/12/2020,70,Mr. Right Now,21 Savage & Metro Boomin Featuring Drake,Mr. Right Now21 Savage & Metro Boomin Featuring Drake,1,65,10,9,2020-12-12,2020
https://www.billboard.com/charts/hot-100/2019-05-04,5/4/2019,72,Girls Need Love,Summer Walker X Drake,Girls Need LoveSummer Walker X Drake,1,77,37,9,2019-05-04,2019
http://www.billboard.com/charts/hot-100/2015-04-25,4/25/2015,73,Legend,Drake,LegendDrake,1,74,52,9,2015-04-25,2015
https://www.billboard.com/charts/hot-100/2020-09-26,9/26/2020,74,Greece,DJ Khaled Featuring Drake,GreeceDJ Khaled Featuring Drake,1,67,8,9,2020-09-26,2020
http://www.billboard.com/charts/hot-100/2009-11-28,11/28/2009,76,I'm Going In,Drake Featuring Lil Wayne & Young Jeezy,I'm Going InDrake Featuring Lil Wayne & Young Jeezy,1,65,40,9,2009-11-28,2009
http://www.billboard.com/charts/hot-100/2016-07-16,7/16/2016,84,Hype,Drake,HypeDrake,1,77,33,9,2016-07-16,2016
http://www.billboard.com/charts/hot-100/2016-07-16,7/16/2016,91,Grammys,Drake Featuring Future,GrammysDrake Featuring Future,1,93,38,9,2016-07-16,2016
http://www.billboard.com/charts/hot-100/2016-10-01,10/1/2016,97,No Shopping,French Montana Featuring Drake,No ShoppingFrench Montana Featuring Drake,1,85,36,9,2016-10-01,2016
https://www.billboard.com/charts/hot-100/2018-04-07,4/7/2018,1,God's Plan,Drake,God's PlanDrake,1,1,1,10,2018-04-07,2018
https://www.billboard.com/charts/hot-100/2018-09-15,9/15/2018,1,In My Feelings,Drake,In My FeelingsDrake,1,1,1,10,2018-09-15,2018
https://www.billboard.com/charts/hot-100/2018-06-23,6/23/2018,1,Nice For What,Drake,Nice For WhatDrake,1,2,1,10,2018-06-23,2018
http://www.billboard.com/charts/hot-100/2015-10-24,10/24/2015,2,Hotline Bling,Drake,Hotline BlingDrake,1,3,2,10,2015-10-24,2015
https://www.billboard.com/charts/hot-100/2020-10-31,10/31/2020,3,Laugh Now Cry Later,Drake Featuring Lil Durk,Laugh Now Cry LaterDrake Featuring Lil Durk,1,3,2,10,2020-10-31,2020
https://www.billboard.com/charts/hot-100/2019-01-12,1/12/2019,60,No Stylist,French Montana Featuring Drake,No StylistFrench Montana Featuring Drake,1,90,47,15,2019-01-12,2019
http://www.billboard.com/charts/hot-100/2011-11-12,11/12/2011,63,Marvins Room,Drake,Marvins RoomDrake,1,60,21,15,2011-11-12,2011
http://www.billboard.com/charts/hot-100/2013-08-17,8/17/2013,64,No New Friends (SFTB Remix),"DJ Khaled Featuring Drake, Rick Ross & Lil Wayne","No New Friends (SFTB Remix)DJ Khaled Featuring Drake, Rick Ross & Lil Wayne",1,63,37,15,2013-08-17,2013
https://www.billboard.com/charts/hot-100/2021-01-23,1/23/2021,65,Mr. Right Now,21 Savage & Metro Boomin Featuring Drake,Mr. Right Now21 Savage & Metro Boomin Featuring Drake,1,55,10,15,2021-01-23,2021
http://www.billboard.com/charts/hot-100/2010-02-13,2/13/2010,65,I Invented Sex,Trey Songz Featuring Drake,I Invented SexTrey Songz Featuring Drake,1,70,42,15,2010-02-13,2010
https://www.billboard.com/charts/hot-100/2019-06-15,6/15/2019,66,Girls Need Love,Summer Walker X Drake,Girls Need LoveSummer Walker X Drake,1,79,37,15,2019-06-15,2019
http://www.billboard.com/charts/hot-100/2010-01-09,1/9/2010,69,I'm Going In,Drake Featuring Lil Wayne & Young Jeezy,I'm Going InDrake Featuring Lil Wayne & Young Jeezy,1,97,40,15,2010-01-09,2010
http://www.billboard.com/charts/hot-100/2011-04-02,4/2/2011,75,Fall For Your Type,Jamie Foxx Featuring Drake,Fall For Your TypeJamie Foxx Featuring Drake,1,69,50,15,2011-04-02,2011
http://www.billboard.com/charts/hot-100/2015-06-06,6/6/2015,82,Energy,Drake,EnergyDrake,1,78,26,15,2015-06-06,2015
http://www.billboard.com/charts/hot-100/2015-06-13,6/13/2015,82,Know Yourself,Drake,Know YourselfDrake,1,79,53,15,2015-06-13,2015
https://www.billboard.com/charts/hot-100/2020-11-07,11/7/2020,91,Greece,DJ Khaled Featuring Drake,GreeceDJ Khaled Featuring Drake,1,76,8,15,2020-11-07,2020
https://www.billboard.com/charts/hot-100/2018-09-15,9/15/2018,95,I'm Upset,Drake,I'm UpsetDrake,1,77,7,15,2018-09-15,2018
https://www.billboard.com/charts/hot-100/2018-05-19,5/19/2018,3,God's Plan,Drake,God's PlanDrake,1,3,1,16,2018-05-19,2018
http://www.billboard.com/charts/hot-100/2015-12-05,12/5/2015,3,Hotline Bling,Drake,Hotline BlingDrake,1,2,2,16,2015-12-05,2015
https://www.billboard.com/charts/hot-100/2019-10-05,10/5/2019,5,No Guidance,Chris Brown Featuring Drake,No GuidanceChris Brown Featuring Drake,1,7,5,16,2019-10-05,2019
https://www.billboard.com/charts/hot-100/2018-08-04,8/4/2018,6,Nice For What,Drake,Nice For WhatDrake,1,4,1,16,2018-08-04,2018
https://www.billboard.com/charts/hot-100/2020-12-12,12/12/2020,6,Laugh Now Cry Later,Drake Featuring Lil Durk,Laugh Now Cry LaterDrake Featuring Lil Durk,1,7,2,16,2020-12-12,2020
http://www.billboard.com/charts/hot-100/2013-12-07,12/7/2013,9,"Hold On, We're Going Home",Drake Featuring Majid Jordan,"Hold On, We're Going HomeDrake Featuring Majid Jordan",1,8,4,16,2013-12-07,2013
https://www.billboard.com/charts/hot-100/2019-03-30,3/30/2019,10,Going Bad,Meek Mill Featuring Drake,Going BadMeek Mill Featuring Drake,1,14,6,16,2019-03-30,2019
http://www.billboard.com/charts/hot-100/2017-02-25,2/25/2017,11,Fake Love,Drake,Fake LoveDrake,1,8,8,16,2017-02-25,2017
https://www.billboard.com/charts/hot-100/2020-05-09,5/9/2020,12,Life Is Good,Future Featuring Drake,Life Is GoodFuture Featuring Drake,1,10,2,16,2020-05-09,2020
https://www.billboard.com/charts/hot-100/2018-06-09,6/9/2018,12,Look Alive,BlocBoy JB Featuring Drake,Look AliveBlocBoy JB Featuring Drake,1,12,5,16,2018-06-09,2018
http://www.billboard.com/charts/hot-100/2016-01-23,1/23/2016,12,Jumpman,Drake & Future,JumpmanDrake & Future,1,13,12,16,2016-01-23,2016
http://www.billboard.com/charts/hot-100/2011-12-10,12/10/2011,14,Headlines,Drake,HeadlinesDrake,1,30,13,16,2011-12-10,2011
https://www.billboard.com/charts/hot-100/2018-10-27,10/27/2018,15,In My Feelings,Drake,In My FeelingsDrake,1,11,1,16,2018-10-27,2018
http://www.billboard.com/charts/hot-100/2013-03-02,3/2/2013,15,F**kin Problems,"A$AP Rocky Featuring Drake, 2 Chainz & Kendrick Lamar","F**kin ProblemsA$AP Rocky Featuring Drake, 2 Chainz & Kendrick Lamar",1,11,8,16,2013-03-02,2013
http://www.billboard.com/charts/hot-100/2011-04-16,4/16/2011,15,Moment 4 Life,Nicki Minaj Featuring Drake,Moment 4 LifeNicki Minaj Featuring Drake,1,15,13,16,2011-04-16,2011
https://www.billboard.com/charts/hot-100/2019-10-12,10/12/2019,17,Money In The Grave,Drake Featuring Rick Ross,Money In The GraveDrake Featuring Rick Ross,1,16,7,16,2019-10-12,2019
http://www.billboard.com/charts/hot-100/2010-09-04,9/4/2010,18,Find Your Love,Drake,Find Your LoveDrake,1,13,5,16,2010-09-04,2010
http://www.billboard.com/charts/hot-100/2010-01-16,1/16/2010,19,Forever,"Drake Featuring Kanye West, Lil Wayne & Eminem","ForeverDrake Featuring Kanye West, Lil Wayne & Eminem",1,16,8,16,2010-01-16,2010
https://www.billboard.com/charts/hot-100/2019-02-09,2/9/2019,22,MIA,Bad Bunny Featuring Drake,MIABad Bunny Featuring Drake,1,19,5,16,2019-02-09,2019
http://www.billboard.com/charts/hot-100/2013-05-18,5/18/2013,22,Love Me,Lil Wayne Featuring Drake & Future,Love MeLil Wayne Featuring Drake & Future,1,16,9,16,2013-05-18,2013
http://www.billboard.com/charts/hot-100/2011-09-17,9/17/2011,24,I'm On One,"DJ Khaled Featuring Drake, Rick Ross & Lil Wayne","I'm On OneDJ Khaled Featuring Drake, Rick Ross & Lil Wayne",1,20,10,16,2011-09-17,2011
http://www.billboard.com/charts/hot-100/2012-09-08,9/8/2012,24,No Lie,2 Chainz Featuring Drake,No Lie2 Chainz Featuring Drake,1,28,24,16,2012-09-08,2012
http://www.billboard.com/charts/hot-100/2012-02-11,2/11/2012,30,Make Me Proud,Drake Featuring Nicki Minaj,Make Me ProudDrake Featuring Nicki Minaj,1,31,9,16,2012-02-11,2012
http://www.billboard.com/charts/hot-100/2016-10-08,10/8/2016,30,For Free,DJ Khaled Featuring Drake,For FreeDJ Khaled Featuring Drake,1,27,13,16,2016-10-08,2016
http://www.billboard.com/charts/hot-100/2010-02-06,2/6/2010,44,Money To Blow,Birdman Featuring Lil Wayne & Drake,Money To BlowBirdman Featuring Lil Wayne & Drake,1,38,26,16,2010-02-06,2010
http://www.billboard.com/charts/hot-100/2010-10-02,10/2/2010,49,Miss Me,Drake Featuring Lil Wayne,Miss MeDrake Featuring Lil Wayne,1,42,15,16,2010-10-02,2010
http://www.billboard.com/charts/hot-100/2015-12-12,12/12/2015,18,Jumpman,Drake & Future,JumpmanDrake & Future,1,16,12,10,2015-12-12,2015
http://www.billboard.com/charts/hot-100/2016-08-27,8/27/2016,18,For Free,DJ Khaled Featuring Drake,For FreeDJ Khaled Featuring Drake,1,13,13,10,2016-08-27,2016
http://www.billboard.com/charts/hot-100/2011-03-05,3/5/2011,18,Moment 4 Life,Nicki Minaj Featuring Drake,Moment 4 LifeNicki Minaj Featuring Drake,1,19,18,10,2011-03-05,2011
http://www.billboard.com/charts/hot-100/2013-01-19,1/19/2013,22,F**kin Problems,"A$AP Rocky Featuring Drake, 2 Chainz & Kendrick Lamar","F**kin ProblemsA$AP Rocky Featuring Drake, 2 Chainz & Kendrick Lamar",1,26,22,10,2013-01-19,2013
http://www.billboard.com/charts/hot-100/2011-12-31,12/31/2011,24,Make Me Proud,Drake Featuring Nicki Minaj,Make Me ProudDrake Featuring Nicki Minaj,1,27,9,10,2011-12-31,2011
https://www.billboard.com/charts/hot-100/2018-12-29,12/29/2018,26,MIA,Bad Bunny Featuring Drake,MIABad Bunny Featuring Drake,1,26,5,10,2018-12-29,2018
http://www.billboard.com/charts/hot-100/2009-12-26,12/26/2009,26,Money To Blow,Birdman Featuring Lil Wayne & Drake,Money To BlowBirdman Featuring Lil Wayne & Drake,1,26,26,10,2009-12-26,2009
http://www.billboard.com/charts/hot-100/2012-07-28,7/28/2012,28,No Lie,2 Chainz Featuring Drake,No Lie2 Chainz Featuring Drake,1,35,28,10,2012-07-28,2012
http://www.billboard.com/charts/hot-100/2013-07-13,7/13/2013,42,No New Friends (SFTB Remix),"DJ Khaled Featuring Drake, Rick Ross & Lil Wayne","No New Friends (SFTB Remix)DJ Khaled Featuring Drake, Rick Ross & Lil Wayne",1,37,37,10,2013-07-13,2013
https://www.billboard.com/charts/hot-100/2018-08-11,8/11/2018,45,I'm Upset,Drake,I'm UpsetDrake,1,38,7,10,2018-08-11,2018
http://www.billboard.com/charts/hot-100/2011-10-08,10/8/2011,49,Marvins Room,Drake,Marvins RoomDrake,1,46,21,10,2011-10-08,2011
http://www.billboard.com/charts/hot-100/2010-08-21,8/21/2010,55,Miss Me,Drake Featuring Lil Wayne,Miss MeDrake Featuring Lil Wayne,1,53,15,10,2010-08-21,2010
http://www.billboard.com/charts/hot-100/2011-02-26,2/26/2011,61,Fall For Your Type,Jamie Foxx Featuring Drake,Fall For Your TypeJamie Foxx Featuring Drake,1,50,50,10,2011-02-26,2011
http://www.billboard.com/charts/hot-100/2015-05-09,5/9/2015,61,Know Yourself,Drake,Know YourselfDrake,1,57,53,10,2015-05-09,2015
http://www.billboard.com/charts/hot-100/2010-01-09,1/9/2010,62,I Invented Sex,Trey Songz Featuring Drake,I Invented SexTrey Songz Featuring Drake,1,42,42,10,2010-01-09,2010
https://www.billboard.com/charts/hot-100/2020-10-03,10/3/2020,65,Greece,DJ Khaled Featuring Drake,GreeceDJ Khaled Featuring Drake,1,74,8,10,2020-10-03,2020
https://www.billboard.com/charts/hot-100/2020-12-19,12/19/2020,65,Mr. Right Now,21 Savage & Metro Boomin Featuring Drake,Mr. Right Now21 Savage & Metro Boomin Featuring Drake,1,70,10,10,2020-12-19,2020
http://www.billboard.com/charts/hot-100/2015-05-02,5/2/2015,67,Energy,Drake,EnergyDrake,1,60,26,10,2015-05-02,2015
https://www.billboard.com/charts/hot-100/2018-12-08,12/8/2018,73,No Stylist,French Montana Featuring Drake,No StylistFrench Montana Featuring Drake,1,66,47,10,2018-12-08,2018
https://www.billboard.com/charts/hot-100/2019-05-11,5/11/2019,74,Girls Need Love,Summer Walker X Drake,Girls Need LoveSummer Walker X Drake,1,72,37,10,2019-05-11,2019
http://www.billboard.com/charts/hot-100/2009-12-05,12/5/2009,75,I'm Going In,Drake Featuring Lil Wayne & Young Jeezy,I'm Going InDrake Featuring Lil Wayne & Young Jeezy,1,76,40,10,2009-12-05,2009
http://www.billboard.com/charts/hot-100/2015-05-02,5/2/2015,90,Legend,Drake,LegendDrake,1,73,52,10,2015-05-02,2015
http://www.billboard.com/charts/hot-100/2016-07-23,7/23/2016,97,Hype,Drake,HypeDrake,1,84,33,10,2016-07-23,2016
http://www.billboard.com/charts/hot-100/2016-10-08,10/8/2016,98,No Shopping,French Montana Featuring Drake,No ShoppingFrench Montana Featuring Drake,1,97,36,10,2016-10-08,2016
https://www.billboard.com/charts/hot-100/2018-04-14,4/14/2018,1,God's Plan,Drake,God's PlanDrake,1,1,1,11,2018-04-14,2018
https://www.billboard.com/charts/hot-100/2018-09-22,9/22/2018,1,In My Feelings,Drake,In My FeelingsDrake,1,1,1,11,2018-09-22,2018
http://www.billboard.com/charts/hot-100/2015-10-31,10/31/2015,2,Hotline Bling,Drake,Hotline BlingDrake,1,2,2,11,2015-10-31,2015
https://www.billboard.com/charts/hot-100/2018-06-30,6/30/2018,3,Nice For What,Drake,Nice For WhatDrake,1,1,1,11,2018-06-30,2018
https://www.billboard.com/charts/hot-100/2020-11-07,11/7/2020,4,Laugh Now Cry Later,Drake Featuring Lil Durk,Laugh Now Cry LaterDrake Featuring Lil Durk,1,3,2,11,2020-11-07,2020
http://www.billboard.com/charts/hot-100/2013-11-02,11/2/2013,5,"Hold On, We're Going Home",Drake Featuring Majid Jordan,"Hold On, We're Going HomeDrake Featuring Majid Jordan",1,5,4,11,2013-11-02,2013
https://www.billboard.com/charts/hot-100/2020-04-04,4/4/2020,6,Life Is Good,Future Featuring Drake,Life Is GoodFuture Featuring Drake,1,4,2,11,2020-04-04,2020
https://www.billboard.com/charts/hot-100/2019-08-31,8/31/2019,7,No Guidance,Chris Brown Featuring Drake,No GuidanceChris Brown Featuring Drake,1,6,6,11,2019-08-31,2019
https://www.billboard.com/charts/hot-100/2018-05-05,5/5/2018,9,Look Alive,BlocBoy JB Featuring Drake,Look AliveBlocBoy JB Featuring Drake,1,6,5,11,2018-05-05,2018
http://www.billboard.com/charts/hot-100/2010-07-31,7/31/2010,9,Find Your Love,Drake,Find Your LoveDrake,1,9,5,11,2010-07-31,2010
http://www.billboard.com/charts/hot-100/2017-01-21,1/21/2017,9,Fake Love,Drake,Fake LoveDrake,1,9,9,11,2017-01-21,2017
https://www.billboard.com/charts/hot-100/2019-02-23,2/23/2019,13,Going Bad,Meek Mill Featuring Drake,Going BadMeek Mill Featuring Drake,1,15,6,11,2019-02-23,2019
https://www.billboard.com/charts/hot-100/2019-09-07,9/7/2019,14,Money In The Grave,Drake Featuring Rick Ross,Money In The GraveDrake Featuring Rick Ross,1,13,7,11,2019-09-07,2019
http://www.billboard.com/charts/hot-100/2013-04-13,4/13/2013,14,Love Me,Lil Wayne Featuring Drake & Future,Love MeLil Wayne Featuring Drake & Future,1,9,9,11,2013-04-13,2013
http://www.billboard.com/charts/hot-100/2011-08-13,8/13/2011,15,I'm On One,"DJ Khaled Featuring Drake, Rick Ross & Lil Wayne","I'm On OneDJ Khaled Featuring Drake, Rick Ross & Lil Wayne",1,13,10,11,2011-08-13,2011
http://www.billboard.com/charts/hot-100/2015-12-19,12/19/2015,15,Jumpman,Drake & Future,JumpmanDrake & Future,1,18,12,11,2015-12-19,2015
http://www.billboard.com/charts/hot-100/2016-09-03,9/3/2016,15,For Free,DJ Khaled Featuring Drake,For FreeDJ Khaled Featuring Drake,1,18,13,11,2016-09-03,2016
http://www.billboard.com/charts/hot-100/2011-03-12,3/12/2011,15,Moment 4 Life,Nicki Minaj Featuring Drake,Moment 4 LifeNicki Minaj Featuring Drake,1,18,15,11,2011-03-12,2011
http://www.billboard.com/charts/hot-100/2009-12-12,12/12/2009,16,Forever,"Drake Featuring Kanye West, Lil Wayne & Eminem","ForeverDrake Featuring Kanye West, Lil Wayne & Eminem",1,17,8,11,2009-12-12,2009
http://www.billboard.com/charts/hot-100/2011-11-05,11/5/2011,16,Headlines,Drake,HeadlinesDrake,1,15,13,11,2011-11-05,2011
http://www.billboard.com/charts/hot-100/2013-01-26,1/26/2013,18,F**kin Problems,"A$AP Rocky Featuring Drake, 2 Chainz & Kendrick Lamar","F**kin ProblemsA$AP Rocky Featuring Drake, 2 Chainz & Kendrick Lamar",1,22,18,11,2013-01-26,2013
http://www.billboard.com/charts/hot-100/2012-01-07,1/7/2012,24,Make Me Proud,Drake Featuring Nicki Minaj,Make Me ProudDrake Featuring Nicki Minaj,1,24,9,11,2012-01-07,2012
http://www.billboard.com/charts/hot-100/2010-01-02,1/2/2010,26,Money To Blow,Birdman Featuring Lil Wayne & Drake,Money To BlowBirdman Featuring Lil Wayne & Drake,1,26,26,11,2010-01-02,2010
http://www.billboard.com/charts/hot-100/2012-08-04,8/4/2012,28,No Lie,2 Chainz Featuring Drake,No Lie2 Chainz Featuring Drake,1,28,28,11,2012-08-04,2012
https://www.billboard.com/charts/hot-100/2019-01-05,1/5/2019,31,MIA,Bad Bunny Featuring Drake,MIABad Bunny Featuring Drake,1,26,5,11,2019-01-05,2019
https://www.billboard.com/charts/hot-100/2018-07-21,7/21/2018,6,God's Plan,Drake,God's PlanDrake,1,4,1,25,2018-07-21,2018
http://www.billboard.com/charts/hot-100/2016-02-06,2/6/2016,9,Hotline Bling,Drake,Hotline BlingDrake,1,7,2,25,2016-02-06,2016
https://www.billboard.com/charts/hot-100/2019-12-07,12/7/2019,10,No Guidance,Chris Brown Featuring Drake,No GuidanceChris Brown Featuring Drake,1,7,5,25,2019-12-07,2019
https://www.billboard.com/charts/hot-100/2020-07-11,7/11/2020,18,Life Is Good,Future Featuring Drake,Life Is GoodFuture Featuring Drake,1,21,2,25,2020-07-11,2020
https://www.billboard.com/charts/hot-100/2019-06-01,6/1/2019,23,Going Bad,Meek Mill Featuring Drake,Going BadMeek Mill Featuring Drake,1,18,6,25,2019-06-01,2019
http://www.billboard.com/charts/hot-100/2016-03-26,3/26/2016,23,Jumpman,Drake & Future,JumpmanDrake & Future,1,22,12,25,2016-03-26,2016
https://www.billboard.com/charts/hot-100/2021-02-13,2/13/2021,24,Laugh Now Cry Later,Drake Featuring Lil Durk,Laugh Now Cry LaterDrake Featuring Lil Durk,1,22,2,25,2021-02-13,2021
http://www.billboard.com/charts/hot-100/2014-02-08,2/8/2014,24,"Hold On, We're Going Home",Drake Featuring Majid Jordan,"Hold On, We're Going HomeDrake Featuring Majid Jordan",1,20,4,25,2014-02-08,2014
http://www.billboard.com/charts/hot-100/2012-02-11,2/11/2012,36,Headlines,Drake,HeadlinesDrake,1,33,13,25,2012-02-11,2012
http://www.billboard.com/charts/hot-100/2017-04-29,4/29/2017,38,Fake Love,Drake,Fake LoveDrake,1,31,8,25,2017-04-29,2017
http://www.billboard.com/charts/hot-100/2013-05-04,5/4/2013,38,F**kin Problems,"A$AP Rocky Featuring Drake, 2 Chainz & Kendrick Lamar","F**kin ProblemsA$AP Rocky Featuring Drake, 2 Chainz & Kendrick Lamar",1,34,8,25,2013-05-04,2013
https://www.billboard.com/charts/hot-100/2018-10-06,10/6/2018,39,Nice For What,Drake,Nice For WhatDrake,1,37,1,25,2018-10-06,2018
https://www.billboard.com/charts/hot-100/2018-08-11,8/11/2018,40,Look Alive,BlocBoy JB Featuring Drake,Look AliveBlocBoy JB Featuring Drake,1,40,5,25,2018-08-11,2018
https://www.billboard.com/charts/hot-100/2019-04-13,4/13/2019,45,MIA,Bad Bunny Featuring Drake,MIABad Bunny Featuring Drake,1,34,5,25,2019-04-13,2019
http://www.billboard.com/charts/hot-100/2012-11-10,11/10/2012,46,No Lie,2 Chainz Featuring Drake,No Lie2 Chainz Featuring Drake,1,43,24,25,2012-11-10,2012
https://www.billboard.com/charts/hot-100/2018-07-28,7/28/2018,10,God's Plan,Drake,God's PlanDrake,1,6,1,26,2018-07-28,2018
http://www.billboard.com/charts/hot-100/2016-02-13,2/13/2016,14,Hotline Bling,Drake,Hotline BlingDrake,1,9,2,26,2016-02-13,2016
https://www.billboard.com/charts/hot-100/2019-12-14,12/14/2019,14,No Guidance,Chris Brown Featuring Drake,No GuidanceChris Brown Featuring Drake,1,10,5,26,2019-12-14,2019
https://www.billboard.com/charts/hot-100/2019-06-08,6/8/2019,23,Going Bad,Meek Mill Featuring Drake,Going BadMeek Mill Featuring Drake,1,23,6,26,2019-06-08,2019
https://www.billboard.com/charts/hot-100/2020-07-18,7/18/2020,24,Life Is Good,Future Featuring Drake,Life Is GoodFuture Featuring Drake,1,18,2,26,2020-07-18,2020
http://www.billboard.com/charts/hot-100/2016-04-02,4/2/2016,24,Jumpman,Drake & Future,JumpmanDrake & Future,1,23,12,26,2016-04-02,2016
http://www.billboard.com/charts/hot-100/2014-02-15,2/15/2014,28,"Hold On, We're Going Home",Drake Featuring Majid Jordan,"Hold On, We're Going HomeDrake Featuring Majid Jordan",1,24,4,26,2014-02-15,2014
https://www.billboard.com/charts/hot-100/2021-02-20,2/20/2021,30,Laugh Now Cry Later,Drake Featuring Lil Durk,Laugh Now Cry LaterDrake Featuring Lil Durk,1,24,2,26,2021-02-20,2021
http://www.billboard.com/charts/hot-100/2013-05-11,5/11/2013,45,F**kin Problems,"A$AP Rocky Featuring Drake, 2 Chainz & Kendrick Lamar","F**kin ProblemsA$AP Rocky Featuring Drake, 2 Chainz & Kendrick Lamar",1,38,8,26,2013-05-11,2013
https://www.billboard.com/charts/hot-100/2019-04-20,4/20/2019,47,MIA,Bad Bunny Featuring Drake,MIABad Bunny Featuring Drake,1,45,5,26,2019-04-20,2019
http://www.billboard.com/charts/hot-100/2012-11-17,11/17/2012,49,No Lie,2 Chainz Featuring Drake,No Lie2 Chainz Featuring Drake,1,46,24,26,2012-11-17,2012
https://www.billboard.com/charts/hot-100/2018-08-04,8/4/2018,13,God's Plan,Drake,God's PlanDrake,1,10,1,27,2018-08-04,2018
http://www.billboard.com/charts/hot-100/2016-02-20,2/20/2016,18,Hotline Bling,Drake,Hotline BlingDrake,1,14,2,27,2016-02-20,2016
https://www.billboard.com/charts/hot-100/2019-12-21,12/21/2019,19,No Guidance,Chris Brown Featuring Drake,No GuidanceChris Brown Featuring Drake,1,14,5,27,2019-12-21,2019
http://www.billboard.com/charts/hot-100/2016-04-09,4/9/2016,27,Jumpman,Drake & Future,JumpmanDrake & Future,1,24,12,27,2016-04-09,2016
http://www.billboard.com/charts/hot-100/2014-02-22,2/22/2014,29,"Hold On, We're Going Home",Drake Featuring Majid Jordan,"Hold On, We're Going HomeDrake Featuring Majid Jordan",1,28,4,27,2014-02-22,2014
https://www.billboard.com/charts/hot-100/2019-06-15,6/15/2019,29,Going Bad,Meek Mill Featuring Drake,Going BadMeek Mill Featuring Drake,1,23,6,27,2019-06-15,2019
https://www.billboard.com/charts/hot-100/2021-02-27,2/27/2021,36,Laugh Now Cry Later,Drake Featuring Lil Durk,Laugh Now Cry LaterDrake Featuring Lil Durk,1,30,2,27,2021-02-27,2021
https://www.billboard.com/charts/hot-100/2020-07-25,7/25/2020,39,Life Is Good,Future Featuring Drake,Life Is GoodFuture Featuring Drake,1,24,2,27,2020-07-25,2020
http://www.billboard.com/charts/hot-100/2013-05-18,5/18/2013,43,F**kin Problems,"A$AP Rocky Featuring Drake, 2 Chainz & Kendrick Lamar","F**kin ProblemsA$AP Rocky Featuring Drake, 2 Chainz & Kendrick Lamar",1,45,8,27,2013-05-18,2013
https://www.billboard.com/charts/hot-100/2019-04-27,4/27/2019,45,MIA,Bad Bunny Featuring Drake,MIABad Bunny Featuring Drake,1,47,5,27,2019-04-27,2019
https://www.billboard.com/charts/hot-100/2018-08-11,8/11/2018,16,God's Plan,Drake,God's PlanDrake,1,13,1,28,2018-08-11,2018
http://www.billboard.com/charts/hot-100/2016-02-27,2/27/2016,16,Hotline Bling,Drake,Hotline BlingDrake,1,18,2,28,2016-02-27,2016
https://www.billboard.com/charts/hot-100/2019-12-28,12/28/2019,20,No Guidance,Chris Brown Featuring Drake,No GuidanceChris Brown Featuring Drake,1,19,5,28,2019-12-28,2019
https://www.billboard.com/charts/hot-100/2020-08-01,8/1/2020,28,Life Is Good,Future Featuring Drake,Life Is GoodFuture Featuring Drake,1,39,2,28,2020-08-01,2020
https://www.billboard.com/charts/hot-100/2019-06-22,6/22/2019,32,Going Bad,Meek Mill Featuring Drake,Going BadMeek Mill Featuring Drake,1,29,6,28,2019-06-22,2019
http://www.billboard.com/charts/hot-100/2016-04-16,4/16/2016,32,Jumpman,Drake & Future,JumpmanDrake & Future,1,27,12,28,2016-04-16,2016
http://www.billboard.com/charts/hot-100/2014-03-01,3/1/2014,34,"Hold On, We're Going Home",Drake Featuring Majid Jordan,"Hold On, We're Going HomeDrake Featuring Majid Jordan",1,29,4,28,2014-03-01,2014
https://www.billboard.com/charts/hot-100/2021-03-06,3/6/2021,39,Laugh Now Cry Later,Drake Featuring Lil Durk,Laugh Now Cry LaterDrake Featuring Lil Durk,1,36,2,28,2021-03-06,2021
http://www.billboard.com/charts/hot-100/2016-03-05,3/5/2016,19,Hotline Bling,Drake,Hotline BlingDrake,1,16,2,29,2016-03-05,2016
https://www.billboard.com/charts/hot-100/2018-08-18,8/18/2018,23,God's Plan,Drake,God's PlanDrake,1,16,1,29,2018-08-18,2018
http://www.billboard.com/charts/hot-100/2016-04-23,4/23/2016,23,Jumpman,Drake & Future,JumpmanDrake & Future,1,32,12,29,2016-04-23,2016
https://www.billboard.com/charts/hot-100/2020-01-04,1/4/2020,25,No Guidance,Chris Brown Featuring Drake,No GuidanceChris Brown Featuring Drake,1,20,5,29,2020-01-04,2020
https://www.billboard.com/charts/hot-100/2020-08-08,8/8/2020,30,Life Is Good,Future Featuring Drake,Life Is GoodFuture Featuring Drake,1,28,2,29,2020-08-08,2020
https://www.billboard.com/charts/hot-100/2019-06-29,6/29/2019,34,Going Bad,Meek Mill Featuring Drake,Going BadMeek Mill Featuring Drake,1,32,6,29,2019-06-29,2019
http://www.billboard.com/charts/hot-100/2014-03-08,3/8/2014,35,"Hold On, We're Going Home",Drake Featuring Majid Jordan,"Hold On, We're Going HomeDrake Featuring Majid Jordan",1,34,4,29,2014-03-08,2014
https://www.billboard.com/charts/hot-100/2021-03-13,3/13/2021,47,Laugh Now Cry Later,Drake Featuring Lil Durk,Laugh Now Cry LaterDrake Featuring Lil Durk,1,39,2,29,2021-03-13,2021
https://www.billboard.com/charts/hot-100/2020-01-11,1/11/2020,16,No Guidance,Chris Brown Featuring Drake,No GuidanceChris Brown Featuring Drake,1,25,5,30,2020-01-11,2020
http://www.billboard.com/charts/hot-100/2016-03-12,3/12/2016,21,Hotline Bling,Drake,Hotline BlingDrake,1,19,2,30,2016-03-12,2016
https://www.billboard.com/charts/hot-100/2018-08-25,8/25/2018,24,God's Plan,Drake,God's PlanDrake,1,23,1,30,2018-08-25,2018
http://www.billboard.com/charts/hot-100/2016-04-30,4/30/2016,25,Jumpman,Drake & Future,JumpmanDrake & Future,1,23,12,30,2016-04-30,2016
https://www.billboard.com/charts/hot-100/2020-08-15,8/15/2020,29,Life Is Good,Future Featuring Drake,Life Is GoodFuture Featuring Drake,1,30,2,30,2020-08-15,2020
http://www.billboard.com/charts/hot-100/2014-03-15,3/15/2014,37,"Hold On, We're Going Home",Drake Featuring Majid Jordan,"Hold On, We're Going HomeDrake Featuring Majid Jordan",1,35,4,30,2014-03-15,2014
https://www.billboard.com/charts/hot-100/2019-07-06,7/6/2019,40,Going Bad,Meek Mill Featuring Drake,Going BadMeek Mill Featuring Drake,1,34,6,30,2019-07-06,2019
https://www.billboard.com/charts/hot-100/2020-01-18,1/18/2020,15,No Guidance,Chris Brown Featuring Drake,No GuidanceChris Brown Featuring Drake,1,16,5,31,2020-01-18,2020
http://www.billboard.com/charts/hot-100/2016-03-19,3/19/2016,24,Hotline Bling,Drake,Hotline BlingDrake,1,21,2,31,2016-03-19,2016
https://www.billboard.com/charts/hot-100/2018-09-01,9/1/2018,27,God's Plan,Drake,God's PlanDrake,1,24,1,31,2018-09-01,2018
https://www.billboard.com/charts/hot-100/2020-08-22,8/22/2020,30,Life Is Good,Future Featuring Drake,Life Is GoodFuture Featuring Drake,1,29,2,31,2020-08-22,2020
http://www.billboard.com/charts/hot-100/2016-05-07,5/7/2016,34,Jumpman,Drake & Future,JumpmanDrake & Future,1,25,12,31,2016-05-07,2016
http://www.billboard.com/charts/hot-100/2014-03-22,3/22/2014,38,"Hold On, We're Going Home",Drake Featuring Majid Jordan,"Hold On, We're Going HomeDrake Featuring Majid Jordan",1,37,4,31,2014-03-22,2014
https://www.billboard.com/charts/hot-100/2019-07-13,7/13/2019,40,Going Bad,Meek Mill Featuring Drake,Going BadMeek Mill Featuring Drake,1,40,6,31,2019-07-13,2019
https://www.billboard.com/charts/hot-100/2020-01-25,1/25/2020,19,No Guidance,Chris Brown Featuring Drake,No GuidanceChris Brown Featuring Drake,1,15,5,32,2020-01-25,2020
http://www.billboard.com/charts/hot-100/2016-03-26,3/26/2016,27,Hotline Bling,Drake,Hotline BlingDrake,1,24,2,32,2016-03-26,2016
https://www.billboard.com/charts/hot-100/2018-09-08,9/8/2018,30,God's Plan,Drake,God's PlanDrake,1,27,1,32,2018-09-08,2018
https://www.billboard.com/charts/hot-100/2020-08-29,8/29/2020,31,Life Is Good,Future Featuring Drake,Life Is GoodFuture Featuring Drake,1,30,2,32,2020-08-29,2020
https://www.billboard.com/charts/hot-100/2019-07-20,7/20/2019,42,Going Bad,Meek Mill Featuring Drake,Going BadMeek Mill Featuring Drake,1,40,6,32,2019-07-20,2019
http://www.billboard.com/charts/hot-100/2014-03-29,3/29/2014,43,"Hold On, We're Going Home",Drake Featuring Majid Jordan,"Hold On, We're Going HomeDrake Featuring Majid Jordan",1,38,4,32,2014-03-29,2014
http://www.billboard.com/charts/hot-100/2016-05-14,5/14/2016,49,Jumpman,Drake & Future,JumpmanDrake & Future,1,34,12,32,2016-05-14,2016
https://www.billboard.com/charts/hot-100/2020-02-01,2/1/2020,25,No Guidance,Chris Brown Featuring Drake,No GuidanceChris Brown Featuring Drake,1,19,5,33,2020-02-01,2020
http://www.billboard.com/charts/hot-100/2016-04-02,4/2/2016,28,Hotline Bling,Drake,Hotline BlingDrake,1,27,2,33,2016-04-02,2016
https://www.billboard.com/charts/hot-100/2020-09-05,9/5/2020,35,Life Is Good,Future Featuring Drake,Life Is GoodFuture Featuring Drake,1,31,2,33,2020-09-05,2020
https://www.billboard.com/charts/hot-100/2018-09-15,9/15/2018,37,God's Plan,Drake,God's PlanDrake,1,30,1,33,2018-09-15,2018
https://www.billboard.com/charts/hot-100/2019-07-27,7/27/2019,42,Going Bad,Meek Mill Featuring Drake,Going BadMeek Mill Featuring Drake,1,42,6,33,2019-07-27,2019
http://www.billboard.com/charts/hot-100/2014-04-05,4/5/2014,44,"Hold On, We're Going Home",Drake Featuring Majid Jordan,"Hold On, We're Going HomeDrake Featuring Majid Jordan",1,43,4,33,2014-04-05,2014
https://www.billboard.com/charts/hot-100/2020-02-08,2/8/2020,24,No Guidance,Chris Brown Featuring Drake,No GuidanceChris Brown Featuring Drake,1,25,5,34,2020-02-08,2020
http://www.billboard.com/charts/hot-100/2016-04-09,4/9/2016,34,Hotline Bling,Drake,Hotline BlingDrake,1,28,2,34,2016-04-09,2016
https://www.billboard.com/charts/hot-100/2018-09-22,9/22/2018,36,God's Plan,Drake,God's PlanDrake,1,37,1,34,2018-09-22,2018
https://www.billboard.com/charts/hot-100/2020-09-12,9/12/2020,39,Life Is Good,Future Featuring Drake,Life Is GoodFuture Featuring Drake,1,35,2,34,2020-09-12,2020
https://www.billboard.com/charts/hot-100/2019-08-03,8/3/2019,45,Going Bad,Meek Mill Featuring Drake,Going BadMeek Mill Featuring Drake,1,42,6,34,2019-08-03,2019
https://www.billboard.com/charts/hot-100/2020-02-15,2/15/2020,22,No Guidance,Chris Brown Featuring Drake,No GuidanceChris Brown Featuring Drake,1,24,5,35,2020-02-15,2020
https://www.billboard.com/charts/hot-100/2020-09-19,9/19/2020,33,Life Is Good,Future Featuring Drake,Life Is GoodFuture Featuring Drake,1,39,2,35,2020-09-19,2020
http://www.billboard.com/charts/hot-100/2016-04-16,4/16/2016,38,Hotline Bling,Drake,Hotline BlingDrake,1,34,2,35,2016-04-16,2016
https://www.billboard.com/charts/hot-100/2018-09-29,9/29/2018,40,God's Plan,Drake,God's PlanDrake,1,36,1,35,2018-09-29,2018
https://www.billboard.com/charts/hot-100/2019-08-10,8/10/2019,48,Going Bad,Meek Mill Featuring Drake,Going BadMeek Mill Featuring Drake,1,45,6,35,2019-08-10,2019
https://www.billboard.com/charts/hot-100/2020-02-22,2/22/2020,27,No Guidance,Chris Brown Featuring Drake,No GuidanceChris Brown Featuring Drake,1,22,5,36,2020-02-22,2020
https://www.billboard.com/charts/hot-100/2020-09-26,9/26/2020,33,Life Is Good,Future Featuring Drake,Life Is GoodFuture Featuring Drake,1,33,2,36,2020-09-26,2020
https://www.billboard.com/charts/hot-100/2018-10-06,10/6/2018,45,God's Plan,Drake,God's PlanDrake,1,40,1,36,2018-10-06,2018
https://www.billboard.com/charts/hot-100/2019-08-17,8/17/2019,47,Going Bad,Meek Mill Featuring Drake,Going BadMeek Mill Featuring Drake,1,48,6,36,2019-08-17,2019
http://www.billboard.com/charts/hot-100/2016-04-23,4/23/2016,50,Hotline Bling,Drake,Hotline BlingDrake,1,38,2,36,2016-04-23,2016
https://www.billboard.com/charts/hot-100/2020-02-29,2/29/2020,31,No Guidance,Chris Brown Featuring Drake,No GuidanceChris Brown Featuring Drake,1,27,5,37,2020-02-29,2020
https://www.billboard.com/charts/hot-100/2020-10-03,10/3/2020,36,Life Is Good,Future Featuring Drake,Life Is GoodFuture Featuring Drake,1,33,2,37,2020-10-03,2020
https://www.billboard.com/charts/hot-100/2019-08-24,8/24/2019,48,Going Bad,Meek Mill Featuring Drake,Going BadMeek Mill Featuring Drake,1,47,6,37,2019-08-24,2019
https://www.billboard.com/charts/hot-100/2020-03-07,3/7/2020,31,No Guidance,Chris Brown Featuring Drake,No GuidanceChris Brown Featuring Drake,1,31,5,38,2020-03-07,2020
https://www.billboard.com/charts/hot-100/2020-10-10,10/10/2020,41,Life Is Good,Future Featuring Drake,Life Is GoodFuture Featuring Drake,1,36,2,38,2020-10-10,2020
https://www.billboard.com/charts/hot-100/2020-03-14,3/14/2020,37,No Guidance,Chris Brown Featuring Drake,No GuidanceChris Brown Featuring Drake,1,31,5,39,2020-03-14,2020
https://www.billboard.com/charts/hot-100/2021-04-10,4/10/2021,70,Lemon Pepper Freestyle,Drake Featuring Rick Ross,Lemon Pepper FreestyleDrake Featuring Rick Ross,1,56,3,4,2021-04-10,2021
http://www.billboard.com/charts/hot-100/2017-04-29,4/29/2017,72,Free Smoke,Drake,Free SmokeDrake,1,68,18,4,2017-04-29,2017
http://www.billboard.com/charts/hot-100/2009-10-24,10/24/2009,74,I'm Going In,Drake Featuring Lil Wayne & Young Jeezy,I'm Going InDrake Featuring Lil Wayne & Young Jeezy,1,68,40,4,2009-10-24,2009
http://www.billboard.com/charts/hot-100/2010-07-10,7/10/2010,76,Miss Me,Drake Featuring Lil Wayne,Miss MeDrake Featuring Lil Wayne,1,63,15,4,2010-07-10,2010
http://www.billboard.com/charts/hot-100/2012-06-16,6/16/2012,78,No Lie,2 Chainz Featuring Drake,No Lie2 Chainz Featuring Drake,1,73,45,4,2012-06-16,2012
http://www.billboard.com/charts/hot-100/2011-01-15,1/15/2011,78,Fall For Your Type,Jamie Foxx Featuring Drake,Fall For Your TypeJamie Foxx Featuring Drake,1,62,62,4,2011-01-15,2011
http://www.billboard.com/charts/hot-100/2017-04-22,4/22/2017,84,No Frauds,"Nicki Minaj, Drake & Lil Wayne","No FraudsNicki Minaj, Drake & Lil Wayne",1,75,14,4,2017-04-22,2017
http://www.billboard.com/charts/hot-100/2015-10-31,10/31/2015,84,I'm The Plug,Drake & Future,I'm The PlugDrake & Future,1,79,76,4,2015-10-31,2015
http://www.billboard.com/charts/hot-100/2016-06-11,6/11/2016,85,Fire & Desire,Drake,Fire & DesireDrake,1,75,75,4,2016-06-11,2016
http://www.billboard.com/charts/hot-100/2012-02-25,2/25/2012,87,Mr. Wrong,Mary J. Blige Featuring Drake,Mr. WrongMary J. Blige Featuring Drake,1,91,87,4,2012-02-25,2012
http://www.billboard.com/charts/hot-100/2015-10-31,10/31/2015,93,Live From The Gutter,Drake & Future,Live From The GutterDrake & Future,1,82,74,4,2015-10-31,2015
https://www.billboard.com/charts/hot-100/2018-08-04,8/4/2018,99,Emotionless,Drake,EmotionlessDrake,1,58,8,4,2018-08-04,2018
https://www.billboard.com/charts/hot-100/2018-03-03,3/3/2018,1,God's Plan,Drake,God's PlanDrake,1,1,1,5,2018-03-03,2018
https://www.billboard.com/charts/hot-100/2018-08-11,8/11/2018,1,In My Feelings,Drake,In My FeelingsDrake,1,1,1,5,2018-08-11,2018
https://www.billboard.com/charts/hot-100/2018-05-19,5/19/2018,2,Nice For What,Drake,Nice For WhatDrake,1,1,1,5,2018-05-19,2018
https://www.billboard.com/charts/hot-100/2020-02-22,2/22/2020,2,Life Is Good,Future Featuring Drake,Life Is GoodFuture Featuring Drake,1,2,2,5,2020-02-22,2020
https://www.billboard.com/charts/hot-100/2020-09-26,9/26/2020,3,Laugh Now Cry Later,Drake Featuring Lil Durk,Laugh Now Cry LaterDrake Featuring Lil Durk,1,3,2,5,2020-09-26,2020
http://www.billboard.com/charts/hot-100/2013-09-21,9/21/2013,8,"Hold On, We're Going Home",Drake Featuring Majid Jordan,"Hold On, We're Going HomeDrake Featuring Majid Jordan",1,12,8,5,2013-09-21,2013
https://www.billboard.com/charts/hot-100/2018-03-24,3/24/2018,9,Look Alive,BlocBoy JB Featuring Drake,Look AliveBlocBoy JB Featuring Drake,1,7,5,5,2018-03-24,2018
http://www.billboard.com/charts/hot-100/2016-12-10,12/10/2016,11,Fake Love,Drake,Fake LoveDrake,1,14,10,5,2016-12-10,2016
https://www.billboard.com/charts/hot-100/2019-07-27,7/27/2019,12,Money In The Grave,Drake Featuring Rick Ross,Money In The GraveDrake Featuring Rick Ross,1,11,7,5,2019-07-27,2019
https://www.billboard.com/charts/hot-100/2019-07-20,7/20/2019,12,No Guidance,Chris Brown Featuring Drake,No GuidanceChris Brown Featuring Drake,1,9,9,5,2019-07-20,2019
http://www.billboard.com/charts/hot-100/2015-11-07,11/7/2015,12,Jumpman,Drake & Future,JumpmanDrake & Future,1,13,12,5,2015-11-07,2015
http://www.billboard.com/charts/hot-100/2010-06-19,6/19/2010,13,Find Your Love,Drake,Find Your LoveDrake,1,15,13,5,2010-06-19,2010
http://www.billboard.com/charts/hot-100/2009-10-31,10/31/2009,15,Forever,"Drake Featuring Kanye West, Lil Wayne & Eminem","ForeverDrake Featuring Kanye West, Lil Wayne & Eminem",1,15,8,5,2009-10-31,2009
https://www.billboard.com/charts/hot-100/2018-11-24,11/24/2018,19,MIA,Bad Bunny Featuring Drake,MIABad Bunny Featuring Drake,1,19,5,5,2018-11-24,2018
http://www.billboard.com/charts/hot-100/2011-07-02,7/2/2011,19,I'm On One,"DJ Khaled Featuring Drake, Rick Ross & Lil Wayne","I'm On OneDJ Khaled Featuring Drake, Rick Ross & Lil Wayne",1,17,10,5,2011-07-02,2011
http://www.billboard.com/charts/hot-100/2013-03-02,3/2/2013,19,Love Me,Lil Wayne Featuring Drake & Future,Love MeLil Wayne Featuring Drake & Future,1,23,16,5,2013-03-02,2013
http://www.billboard.com/charts/hot-100/2016-07-23,7/23/2016,20,For Free,DJ Khaled Featuring Drake,For FreeDJ Khaled Featuring Drake,1,22,18,5,2016-07-23,2016
https://www.billboard.com/charts/hot-100/2019-01-12,1/12/2019,21,Going Bad,Meek Mill Featuring Drake,Going BadMeek Mill Featuring Drake,1,36,6,5,2019-01-12,2019
http://www.billboard.com/charts/hot-100/2015-09-19,9/19/2015,22,Hotline Bling,Drake,Hotline BlingDrake,1,29,22,5,2015-09-19,2015
http://www.billboard.com/charts/hot-100/2011-09-24,9/24/2011,25,Headlines,Drake,HeadlinesDrake,1,29,13,5,2011-09-24,2011
https://www.billboard.com/charts/hot-100/2018-07-07,7/7/2018,26,I'm Upset,Drake,I'm UpsetDrake,1,15,15,5,2018-07-07,2018
http://www.billboard.com/charts/hot-100/2011-11-26,11/26/2011,39,Make Me Proud,Drake Featuring Nicki Minaj,Make Me ProudDrake Featuring Nicki Minaj,1,35,9,5,2011-11-26,2011
http://www.billboard.com/charts/hot-100/2009-11-21,11/21/2009,40,Money To Blow,Birdman Featuring Lil Wayne & Drake,Money To BlowBirdman Featuring Lil Wayne & Drake,1,51,40,5,2009-11-21,2009
http://www.billboard.com/charts/hot-100/2011-09-03,9/3/2011,41,Marvins Room,Drake,Marvins RoomDrake,1,40,21,5,2011-09-03,2011
http://www.billboard.com/charts/hot-100/2011-01-29,1/29/2011,44,Moment 4 Life,Nicki Minaj Featuring Drake,Moment 4 LifeNicki Minaj Featuring Drake,1,51,44,5,2011-01-29,2011
http://www.billboard.com/charts/hot-100/2010-10-16,10/16/2010,62,Miss Me,Drake Featuring Lil Wayne,Miss MeDrake Featuring Lil Wayne,1,54,15,18,2010-10-16,2010
http://www.billboard.com/charts/hot-100/2010-02-20,2/20/2010,62,Money To Blow,Birdman Featuring Lil Wayne & Drake,Money To BlowBirdman Featuring Lil Wayne & Drake,1,52,26,18,2010-02-20,2010
https://www.billboard.com/charts/hot-100/2019-02-02,2/2/2019,69,No Stylist,French Montana Featuring Drake,No StylistFrench Montana Featuring Drake,1,63,47,18,2019-02-02,2019
https://www.billboard.com/charts/hot-100/2019-07-06,7/6/2019,74,Girls Need Love,Summer Walker X Drake,Girls Need LoveSummer Walker X Drake,1,64,37,18,2019-07-06,2019
http://www.billboard.com/charts/hot-100/2015-06-27,6/27/2015,83,Energy,Drake,EnergyDrake,1,86,26,18,2015-06-27,2015
http://www.billboard.com/charts/hot-100/2015-07-04,7/4/2015,86,Know Yourself,Drake,Know YourselfDrake,1,80,53,18,2015-07-04,2015
http://www.billboard.com/charts/hot-100/2010-03-06,3/6/2010,87,I Invented Sex,Trey Songz Featuring Drake,I Invented SexTrey Songz Featuring Drake,1,77,42,18,2010-03-06,2010
http://www.billboard.com/charts/hot-100/2013-09-07,9/7/2013,88,No New Friends (SFTB Remix),"DJ Khaled Featuring Drake, Rick Ross & Lil Wayne","No New Friends (SFTB Remix)DJ Khaled Featuring Drake, Rick Ross & Lil Wayne",1,79,37,18,2013-09-07,2013
http://www.billboard.com/charts/hot-100/2011-04-23,4/23/2011,93,Fall For Your Type,Jamie Foxx Featuring Drake,Fall For Your TypeJamie Foxx Featuring Drake,1,84,50,18,2011-04-23,2011
https://www.billboard.com/charts/hot-100/2021-02-13,2/13/2021,100,Mr. Right Now,21 Savage & Metro Boomin Featuring Drake,Mr. Right Now21 Savage & Metro Boomin Featuring Drake,1,80,10,18,2021-02-13,2021
https://www.billboard.com/charts/hot-100/2018-06-09,6/9/2018,3,God's Plan,Drake,God's PlanDrake,1,3,1,19,2018-06-09,2018
http://www.billboard.com/charts/hot-100/2015-12-26,12/26/2015,3,Hotline Bling,Drake,Hotline BlingDrake,1,3,2,19,2015-12-26,2015
https://www.billboard.com/charts/hot-100/2019-10-26,10/26/2019,5,No Guidance,Chris Brown Featuring Drake,No GuidanceChris Brown Featuring Drake,1,7,5,19,2019-10-26,2019
https://www.billboard.com/charts/hot-100/2020-05-30,5/30/2020,6,Life Is Good,Future Featuring Drake,Life Is GoodFuture Featuring Drake,1,13,2,19,2020-05-30,2020
http://www.billboard.com/charts/hot-100/2013-12-28,12/28/2013,11,"Hold On, We're Going Home",Drake Featuring Majid Jordan,"Hold On, We're Going HomeDrake Featuring Majid Jordan",1,10,4,19,2013-12-28,2013
https://www.billboard.com/charts/hot-100/2018-08-25,8/25/2018,14,Nice For What,Drake,Nice For WhatDrake,1,12,1,19,2018-08-25,2018
https://www.billboard.com/charts/hot-100/2019-04-20,4/20/2019,15,Going Bad,Meek Mill Featuring Drake,Going BadMeek Mill Featuring Drake,1,14,6,19,2019-04-20,2019
http://www.billboard.com/charts/hot-100/2013-03-23,3/23/2013,15,F**kin Problems,"A$AP Rocky Featuring Drake, 2 Chainz & Kendrick Lamar","F**kin ProblemsA$AP Rocky Featuring Drake, 2 Chainz & Kendrick Lamar",1,15,8,19,2013-03-23,2013
http://www.billboard.com/charts/hot-100/2017-03-18,3/18/2017,16,Fake Love,Drake,Fake LoveDrake,1,13,8,19,2017-03-18,2017
http://www.billboard.com/charts/hot-100/2011-12-31,12/31/2011,16,Headlines,Drake,HeadlinesDrake,1,16,13,19,2011-12-31,2011
http://www.billboard.com/charts/hot-100/2016-02-13,2/13/2016,20,Jumpman,Drake & Future,JumpmanDrake & Future,1,14,12,19,2016-02-13,2016
http://www.billboard.com/charts/hot-100/2011-05-07,5/7/2011,21,Moment 4 Life,Nicki Minaj Featuring Drake,Moment 4 LifeNicki Minaj Featuring Drake,1,17,13,19,2011-05-07,2011
https://www.billboard.com/charts/hot-100/2019-03-02,3/2/2019,24,MIA,Bad Bunny Featuring Drake,MIABad Bunny Featuring Drake,1,28,5,19,2019-03-02,2019
https://www.billboard.com/charts/hot-100/2021-01-02,1/2/2021,25,Laugh Now Cry Later,Drake Featuring Lil Durk,Laugh Now Cry LaterDrake Featuring Lil Durk,1,17,2,19,2021-01-02,2021
https://www.billboard.com/charts/hot-100/2018-06-30,6/30/2018,25,Look Alive,BlocBoy JB Featuring Drake,Look AliveBlocBoy JB Featuring Drake,1,18,5,19,2018-06-30,2018
http://www.billboard.com/charts/hot-100/2010-09-25,9/25/2010,25,Find Your Love,Drake,Find Your LoveDrake,1,23,5,19,2010-09-25,2010
https://www.billboard.com/charts/hot-100/2019-11-02,11/2/2019,25,Money In The Grave,Drake Featuring Rick Ross,Money In The GraveDrake Featuring Rick Ross,1,25,7,19,2019-11-02,2019
http://www.billboard.com/charts/hot-100/2012-09-29,9/29/2012,25,No Lie,2 Chainz Featuring Drake,No Lie2 Chainz Featuring Drake,1,26,24,19,2012-09-29,2012
https://www.billboard.com/charts/hot-100/2018-11-17,11/17/2018,27,In My Feelings,Drake,In My FeelingsDrake,1,23,1,19,2018-11-17,2018
http://www.billboard.com/charts/hot-100/2011-10-08,10/8/2011,27,I'm On One,"DJ Khaled Featuring Drake, Rick Ross & Lil Wayne","I'm On OneDJ Khaled Featuring Drake, Rick Ross & Lil Wayne",1,22,10,19,2011-10-08,2011
http://www.billboard.com/charts/hot-100/2010-02-06,2/6/2010,29,Forever,"Drake Featuring Kanye West, Lil Wayne & Eminem","ForeverDrake Featuring Kanye West, Lil Wayne & Eminem",1,23,8,19,2010-02-06,2010
http://www.billboard.com/charts/hot-100/2013-06-08,6/8/2013,29,Love Me,Lil Wayne Featuring Drake & Future,Love MeLil Wayne Featuring Drake & Future,1,27,9,19,2013-06-08,2013
http://www.billboard.com/charts/hot-100/2016-10-29,10/29/2016,41,For Free,DJ Khaled Featuring Drake,For FreeDJ Khaled Featuring Drake,1,37,13,19,2016-10-29,2016
http://www.billboard.com/charts/hot-100/2012-03-03,3/3/2012,47,Make Me Proud,Drake Featuring Nicki Minaj,Make Me ProudDrake Featuring Nicki Minaj,1,37,9,19,2012-03-03,2012
http://www.billboard.com/charts/hot-100/2010-10-23,10/23/2010,62,Miss Me,Drake Featuring Lil Wayne,Miss MeDrake Featuring Lil Wayne,1,62,15,19,2010-10-23,2010
https://www.billboard.com/charts/hot-100/2019-02-09,2/9/2019,66,No Stylist,French Montana Featuring Drake,No StylistFrench Montana Featuring Drake,1,69,47,19,2019-02-09,2019
http://www.billboard.com/charts/hot-100/2010-02-27,2/27/2010,67,Money To Blow,Birdman Featuring Lil Wayne & Drake,Money To BlowBirdman Featuring Lil Wayne & Drake,1,62,26,19,2010-02-27,2010
http://www.billboard.com/charts/hot-100/2015-07-04,7/4/2015,79,Energy,Drake,EnergyDrake,1,83,26,19,2015-07-04,2015
http://www.billboard.com/charts/hot-100/2010-03-13,3/13/2010,81,I Invented Sex,Trey Songz Featuring Drake,I Invented SexTrey Songz Featuring Drake,1,87,42,19,2010-03-13,2010
http://www.billboard.com/charts/hot-100/2015-07-11,7/11/2015,87,Know Yourself,Drake,Know YourselfDrake,1,86,53,19,2015-07-11,2015
https://www.billboard.com/charts/hot-100/2019-07-13,7/13/2019,90,Girls Need Love,Summer Walker X Drake,Girls Need LoveSummer Walker X Drake,1,74,37,19,2019-07-13,2019
http://www.billboard.com/charts/hot-100/2013-09-14,9/14/2013,94,No New Friends (SFTB Remix),"DJ Khaled Featuring Drake, Rick Ross & Lil Wayne","No New Friends (SFTB Remix)DJ Khaled Featuring Drake, Rick Ross & Lil Wayne",1,88,37,19,2013-09-14,2013
http://www.billboard.com/charts/hot-100/2016-01-02,1/2/2016,3,Hotline Bling,Drake,Hotline BlingDrake,1,3,2,20,2016-01-02,2016
https://www.billboard.com/charts/hot-100/2018-06-16,6/16/2018,5,God's Plan,Drake,God's PlanDrake,1,3,1,20,2018-06-16,2018
https://www.billboard.com/charts/hot-100/2019-11-02,11/2/2019,5,No Guidance,Chris Brown Featuring Drake,No GuidanceChris Brown Featuring Drake,1,5,5,20,2019-11-02,2019
https://www.billboard.com/charts/hot-100/2021-01-09,1/9/2021,7,Laugh Now Cry Later,Drake Featuring Lil Durk,Laugh Now Cry LaterDrake Featuring Lil Durk,1,25,2,20,2021-01-09,2021
http://www.billboard.com/charts/hot-100/2009-10-31,10/31/2009,36,Successful,Drake Featuring Trey Songz & Lil Wayne,SuccessfulDrake Featuring Trey Songz & Lil Wayne,1,34,17,14,2009-10-31,2009
http://www.billboard.com/charts/hot-100/2012-10-27,10/27/2012,38,Pop That,"French Montana Featuring Rick Ross, Drake, Lil Wayne","Pop ThatFrench Montana Featuring Rick Ross, Drake, Lil Wayne",1,38,38,14,2012-10-27,2012
http://www.billboard.com/charts/hot-100/2014-01-11,1/11/2014,41,All Me,Drake Featuring 2 Chainz & Big Sean,All MeDrake Featuring 2 Chainz & Big Sean,1,37,20,14,2014-01-11,2014
http://www.billboard.com/charts/hot-100/2014-11-08,11/8/2014,41,0 To 100 / The Catch Up,Drake,0 To 100 / The Catch UpDrake,1,36,35,14,2014-11-08,2014
https://www.billboard.com/charts/hot-100/2020-10-31,10/31/2020,46,Popstar,DJ Khaled Featuring Drake,PopstarDJ Khaled Featuring Drake,1,40,3,14,2020-10-31,2020
http://www.billboard.com/charts/hot-100/2017-07-08,7/8/2017,48,Passionfruit,Drake,PassionfruitDrake,1,45,8,14,2017-07-08,2017
http://www.billboard.com/charts/hot-100/2013-02-09,2/9/2013,51,Poetic Justice,Kendrick Lamar Featuring Drake,Poetic JusticeKendrick Lamar Featuring Drake,1,55,51,14,2013-02-09,2013
http://www.billboard.com/charts/hot-100/2015-11-21,11/21/2015,52,Back To Back,Drake,Back To BackDrake,1,43,21,14,2015-11-21,2015
http://www.billboard.com/charts/hot-100/2017-04-08,4/8/2017,58,Both,Gucci Mane Featuring Drake,BothGucci Mane Featuring Drake,1,51,41,14,2017-04-08,2017
http://www.billboard.com/charts/hot-100/2014-09-13,9/13/2014,59,Believe Me,Lil Wayne Featuring Drake,Believe MeLil Wayne Featuring Drake,1,57,26,14,2014-09-13,2014
http://www.billboard.com/charts/hot-100/2016-01-09,1/9/2016,61,Big Rings,Drake & Future,Big RingsDrake & Future,1,70,52,14,2016-01-09,2016
http://www.billboard.com/charts/hot-100/2016-07-23,7/23/2016,66,Pop Style,Drake Featuring The Throne,Pop StyleDrake Featuring The Throne,1,58,16,14,2016-07-23,2016
http://www.billboard.com/charts/hot-100/2017-07-08,7/8/2017,72,Portland,Drake Featuring Quavo & Travis Scott,PortlandDrake Featuring Quavo & Travis Scott,1,66,9,14,2017-07-08,2017
http://www.billboard.com/charts/hot-100/2012-10-06,10/6/2012,72,Amen,Meek Mill Featuring Drake,AmenMeek Mill Featuring Drake,1,69,57,14,2012-10-06,2012
http://www.billboard.com/charts/hot-100/2012-07-07,7/7/2012,82,Crew Love,Drake Featuring The Weeknd,Crew LoveDrake Featuring The Weeknd,1,85,80,14,2012-07-07,2012
http://www.billboard.com/charts/hot-100/2016-05-21,5/21/2016,89,Summer Sixteen,Drake,Summer SixteenDrake,1,73,6,14,2016-05-21,2016
http://www.billboard.com/charts/hot-100/2016-01-02,1/2/2016,94,Right Hand,Drake,Right HandDrake,1,88,58,14,2016-01-02,2016
http://www.billboard.com/charts/hot-100/2017-02-11,2/11/2017,95,Sneakin',Drake Featuring 21 Savage,Sneakin'Drake Featuring 21 Savage,1,73,28,14,2017-02-11,2017
http://www.billboard.com/charts/hot-100/2016-07-30,7/30/2016,1,One Dance,Drake Featuring WizKid & Kyla,One DanceDrake Featuring WizKid & Kyla,1,1,1,15,2016-07-30,2016
http://www.billboard.com/charts/hot-100/2009-08-29,8/29/2009,6,Best I Ever Had,Drake,Best I Ever HadDrake,1,3,2,15,2009-08-29,2009
http://www.billboard.com/charts/hot-100/2012-03-10,3/10/2012,15,Take Care,Drake Featuring Rihanna,Take CareDrake Featuring Rihanna,1,21,9,15,2012-03-10,2012
http://www.billboard.com/charts/hot-100/2015-02-21,2/21/2015,17,Only,"Nicki Minaj Featuring Drake, Lil Wayne & Chris Brown","OnlyNicki Minaj Featuring Drake, Lil Wayne & Chris Brown",1,17,12,15,2015-02-21,2015
http://www.billboard.com/charts/hot-100/2013-06-01,6/1/2013,18,Started From The Bottom,Drake,Started From The BottomDrake,1,14,6,15,2013-06-01,2013
https://www.billboard.com/charts/hot-100/2018-10-20,10/20/2018,19,Nonstop,Drake,NonstopDrake,1,23,2,15,2018-10-20,2018
http://www.billboard.com/charts/hot-100/2016-08-27,8/27/2016,22,Controlla,Drake,ControllaDrake,1,21,16,15,2016-08-27,2016
http://www.billboard.com/charts/hot-100/2010-12-11,12/11/2010,28,Right Above It,Lil Wayne Featuring Drake,Right Above ItLil Wayne Featuring Drake,1,29,6,15,2010-12-11,2010
http://www.billboard.com/charts/hot-100/2010-07-03,7/3/2010,32,Over,Drake,OverDrake,1,31,14,15,2010-07-03,2010
http://www.billboard.com/charts/hot-100/2011-12-10,12/10/2011,33,She Will,Lil Wayne Featuring Drake,She WillLil Wayne Featuring Drake,1,28,3,15,2011-12-10,2011
http://www.billboard.com/charts/hot-100/2010-05-01,5/1/2010,34,Say Something,Timbaland Featuring Drake,Say SomethingTimbaland Featuring Drake,1,29,23,15,2010-05-01,2010
http://www.billboard.com/charts/hot-100/2015-05-30,5/30/2015,35,Blessings,Big Sean Featuring Drake,BlessingsBig Sean Featuring Drake,1,32,28,15,2015-05-30,2015
http://www.billboard.com/charts/hot-100/2012-11-03,11/3/2012,37,Pop That,"French Montana Featuring Rick Ross, Drake, Lil Wayne","Pop ThatFrench Montana Featuring Rick Ross, Drake, Lil Wayne",1,38,37,15,2012-11-03,2012
http://www.billboard.com/charts/hot-100/2013-02-16,2/16/2013,43,Poetic Justice,Kendrick Lamar Featuring Drake,Poetic JusticeKendrick Lamar Featuring Drake,1,51,43,15,2013-02-16,2013
http://www.billboard.com/charts/hot-100/2014-01-18,1/18/2014,44,All Me,Drake Featuring 2 Chainz & Big Sean,All MeDrake Featuring 2 Chainz & Big Sean,1,41,20,15,2014-01-18,2014
http://www.billboard.com/charts/hot-100/2014-11-15,11/15/2014,44,0 To 100 / The Catch Up,Drake,0 To 100 / The Catch UpDrake,1,41,35,15,2014-11-15,2014
http://www.billboard.com/charts/hot-100/2009-11-07,11/7/2009,46,Successful,Drake Featuring Trey Songz & Lil Wayne,SuccessfulDrake Featuring Trey Songz & Lil Wayne,1,36,17,15,2009-11-07,2009
http://www.billboard.com/charts/hot-100/2017-04-15,4/15/2017,50,Both,Gucci Mane Featuring Drake,BothGucci Mane Featuring Drake,1,58,41,15,2017-04-15,2017
http://www.billboard.com/charts/hot-100/2017-07-15,7/15/2017,52,Passionfruit,Drake,PassionfruitDrake,1,48,8,15,2017-07-15,2017
https://www.billboard.com/charts/hot-100/2020-11-07,11/7/2020,54,Popstar,DJ Khaled Featuring Drake,PopstarDJ Khaled Featuring Drake,1,46,3,15,2020-11-07,2020
http://www.billboard.com/charts/hot-100/2015-11-28,11/28/2015,56,Back To Back,Drake,Back To BackDrake,1,52,21,15,2015-11-28,2015
http://www.billboard.com/charts/hot-100/2014-09-20,9/20/2014,57,Believe Me,Lil Wayne Featuring Drake,Believe MeLil Wayne Featuring Drake,1,59,26,15,2014-09-20,2014
http://www.billboard.com/charts/hot-100/2016-01-16,1/16/2016,57,Big Rings,Drake & Future,Big RingsDrake & Future,1,61,52,15,2016-01-16,2016
http://www.billboard.com/charts/hot-100/2016-07-30,7/30/2016,67,Pop Style,Drake Featuring The Throne,Pop StyleDrake Featuring The Throne,1,66,16,15,2016-07-30,2016
http://www.billboard.com/charts/hot-100/2012-10-13,10/13/2012,76,Amen,Meek Mill Featuring Drake,AmenMeek Mill Featuring Drake,1,72,57,15,2012-10-13,2012
http://www.billboard.com/charts/hot-100/2017-07-15,7/15/2017,79,Portland,Drake Featuring Quavo & Travis Scott,PortlandDrake Featuring Quavo & Travis Scott,1,72,9,15,2017-07-15,2017
http://www.billboard.com/charts/hot-100/2016-01-09,1/9/2016,79,Right Hand,Drake,Right HandDrake,1,94,58,15,2016-01-09,2016
http://www.billboard.com/charts/hot-100/2012-07-14,7/14/2012,82,Crew Love,Drake Featuring The Weeknd,Crew LoveDrake Featuring The Weeknd,1,82,80,15,2012-07-14,2012
http://www.billboard.com/charts/hot-100/2016-08-06,8/6/2016,2,One Dance,Drake Featuring WizKid & Kyla,One DanceDrake Featuring WizKid & Kyla,1,1,1,16,2016-08-06,2016
http://www.billboard.com/charts/hot-100/2009-09-05,9/5/2009,7,Best I Ever Had,Drake,Best I Ever HadDrake,1,6,2,16,2009-09-05,2009
http://www.billboard.com/charts/hot-100/2012-03-17,3/17/2012,11,Take Care,Drake Featuring Rihanna,Take CareDrake Featuring Rihanna,1,15,9,16,2012-03-17,2012
http://www.billboard.com/charts/hot-100/2015-02-28,2/28/2015,19,Only,"Nicki Minaj Featuring Drake, Lil Wayne & Chris Brown","OnlyNicki Minaj Featuring Drake, Lil Wayne & Chris Brown",1,17,12,16,2015-02-28,2015
https://www.billboard.com/charts/hot-100/2018-10-27,10/27/2018,20,Nonstop,Drake,NonstopDrake,1,19,2,16,2018-10-27,2018
http://www.billboard.com/charts/hot-100/2016-09-03,9/3/2016,22,Controlla,Drake,ControllaDrake,1,22,16,16,2016-09-03,2016
http://www.billboard.com/charts/hot-100/2013-06-08,6/8/2013,24,Started From The Bottom,Drake,Started From The BottomDrake,1,18,6,16,2013-06-08,2013
http://www.billboard.com/charts/hot-100/2011-12-17,12/17/2011,30,She Will,Lil Wayne Featuring Drake,She WillLil Wayne Featuring Drake,1,33,3,16,2011-12-17,2011
http://www.billboard.com/charts/hot-100/2010-12-18,12/18/2010,32,Right Above It,Lil Wayne Featuring Drake,Right Above ItLil Wayne Featuring Drake,1,28,6,16,2010-12-18,2010
http://www.billboard.com/charts/hot-100/2010-07-10,7/10/2010,36,Over,Drake,OverDrake,1,32,14,16,2010-07-10,2010
http://www.billboard.com/charts/hot-100/2012-11-10,11/10/2012,36,Pop That,"French Montana Featuring Rick Ross, Drake, Lil Wayne","Pop ThatFrench Montana Featuring Rick Ross, Drake, Lil Wayne",1,37,36,16,2012-11-10,2012
http://www.billboard.com/charts/hot-100/2010-05-08,5/8/2010,37,Say Something,Timbaland Featuring Drake,Say SomethingTimbaland Featuring Drake,1,34,23,16,2010-05-08,2010
http://www.billboard.com/charts/hot-100/2013-02-23,2/23/2013,40,Poetic Justice,Kendrick Lamar Featuring Drake,Poetic JusticeKendrick Lamar Featuring Drake,1,43,40,16,2013-02-23,2013
http://www.billboard.com/charts/hot-100/2014-01-25,1/25/2014,42,All Me,Drake Featuring 2 Chainz & Big Sean,All MeDrake Featuring 2 Chainz & Big Sean,1,44,20,16,2014-01-25,2014
http://www.billboard.com/charts/hot-100/2015-06-06,6/6/2015,45,Blessings,Big Sean Featuring Drake,BlessingsBig Sean Featuring Drake,1,35,28,16,2015-06-06,2015
http://www.billboard.com/charts/hot-100/2017-04-22,4/22/2017,46,Both,Gucci Mane Featuring Drake,BothGucci Mane Featuring Drake,1,50,41,16,2017-04-22,2017
http://www.billboard.com/charts/hot-100/2017-07-22,7/22/2017,51,Passionfruit,Drake,PassionfruitDrake,1,52,8,16,2017-07-22,2017
http://www.billboard.com/charts/hot-100/2014-11-22,11/22/2014,52,0 To 100 / The Catch Up,Drake,0 To 100 / The Catch UpDrake,1,44,35,16,2014-11-22,2014
http://www.billboard.com/charts/hot-100/2009-11-14,11/14/2009,61,Successful,Drake Featuring Trey Songz & Lil Wayne,SuccessfulDrake Featuring Trey Songz & Lil Wayne,1,46,17,16,2009-11-14,2009
https://www.billboard.com/charts/hot-100/2020-11-14,11/14/2020,62,Popstar,DJ Khaled Featuring Drake,PopstarDJ Khaled Featuring Drake,1,54,3,16,2020-11-14,2020
http://www.billboard.com/charts/hot-100/2016-01-23,1/23/2016,63,Big Rings,Drake & Future,Big RingsDrake & Future,1,57,52,16,2016-01-23,2016
http://www.billboard.com/charts/hot-100/2014-09-27,9/27/2014,64,Believe Me,Lil Wayne Featuring Drake,Believe MeLil Wayne Featuring Drake,1,57,26,16,2014-09-27,2014
http://www.billboard.com/charts/hot-100/2016-01-16,1/16/2016,66,Right Hand,Drake,Right HandDrake,1,79,58,16,2016-01-16,2016
http://www.billboard.com/charts/hot-100/2015-12-05,12/5/2015,68,Back To Back,Drake,Back To BackDrake,1,56,21,16,2015-12-05,2015
http://www.billboard.com/charts/hot-100/2016-08-06,8/6/2016,72,Pop Style,Drake Featuring The Throne,Pop StyleDrake Featuring The Throne,1,67,16,16,2016-08-06,2016
http://www.billboard.com/charts/hot-100/2012-10-20,10/20/2012,85,Amen,Meek Mill Featuring Drake,AmenMeek Mill Featuring Drake,1,76,57,16,2012-10-20,2012
http://www.billboard.com/charts/hot-100/2012-07-21,7/21/2012,89,Crew Love,Drake Featuring The Weeknd,Crew LoveDrake Featuring The Weeknd,1,82,80,16,2012-07-21,2012
http://www.billboard.com/charts/hot-100/2017-07-22,7/22/2017,90,Portland,Drake Featuring Quavo & Travis Scott,PortlandDrake Featuring Quavo & Travis Scott,1,79,9,16,2017-07-22,2017
http://www.billboard.com/charts/hot-100/2016-08-13,8/13/2016,3,One Dance,Drake Featuring WizKid & Kyla,One DanceDrake Featuring WizKid & Kyla,1,2,1,17,2016-08-13,2016
http://www.billboard.com/charts/hot-100/2009-09-12,9/12/2009,7,Best I Ever Had,Drake,Best I Ever HadDrake,1,7,2,17,2009-09-12,2009
http://www.billboard.com/charts/hot-100/2012-03-24,3/24/2012,7,Take Care,Drake Featuring Rihanna,Take CareDrake Featuring Rihanna,1,11,7,17,2012-03-24,2012
http://www.billboard.com/charts/hot-100/2015-03-07,3/7/2015,16,Only,"Nicki Minaj Featuring Drake, Lil Wayne & Chris Brown","OnlyNicki Minaj Featuring Drake, Lil Wayne & Chris Brown",1,19,12,17,2015-03-07,2015
https://www.billboard.com/charts/hot-100/2018-11-03,11/3/2018,22,Nonstop,Drake,NonstopDrake,1,20,2,17,2018-11-03,2018
http://www.billboard.com/charts/hot-100/2016-09-10,9/10/2016,24,Controlla,Drake,ControllaDrake,1,22,16,17,2016-09-10,2016
http://www.billboard.com/charts/hot-100/2013-06-15,6/15/2013,26,Started From The Bottom,Drake,Started From The BottomDrake,1,24,6,17,2013-06-15,2013
http://www.billboard.com/charts/hot-100/2010-12-25,12/25/2010,29,Right Above It,Lil Wayne Featuring Drake,Right Above ItLil Wayne Featuring Drake,1,32,6,17,2010-12-25,2010
http://www.billboard.com/charts/hot-100/2011-12-24,12/24/2011,36,She Will,Lil Wayne Featuring Drake,She WillLil Wayne Featuring Drake,1,30,3,17,2011-12-24,2011
http://www.billboard.com/charts/hot-100/2012-11-17,11/17/2012,40,Pop That,"French Montana Featuring Rick Ross, Drake, Lil Wayne","Pop ThatFrench Montana Featuring Rick Ross, Drake, Lil Wayne",1,36,36,17,2012-11-17,2012
http://www.billboard.com/charts/hot-100/2010-05-15,5/15/2010,42,Say Something,Timbaland Featuring Drake,Say SomethingTimbaland Featuring Drake,1,37,23,17,2010-05-15,2010
http://www.billboard.com/charts/hot-100/2010-07-17,7/17/2010,43,Over,Drake,OverDrake,1,36,14,17,2010-07-17,2010
http://www.billboard.com/charts/hot-100/2015-06-13,6/13/2015,43,Blessings,Big Sean Featuring Drake,BlessingsBig Sean Featuring Drake,1,45,28,17,2015-06-13,2015
http://www.billboard.com/charts/hot-100/2014-02-01,2/1/2014,44,All Me,Drake Featuring 2 Chainz & Big Sean,All MeDrake Featuring 2 Chainz & Big Sean,1,42,20,17,2014-02-01,2014
http://www.billboard.com/charts/hot-100/2017-04-29,4/29/2017,44,Both,Gucci Mane Featuring Drake,BothGucci Mane Featuring Drake,1,46,41,17,2017-04-29,2017
http://www.billboard.com/charts/hot-100/2013-03-02,3/2/2013,49,Poetic Justice,Kendrick Lamar Featuring Drake,Poetic JusticeKendrick Lamar Featuring Drake,1,40,40,17,2013-03-02,2013
http://www.billboard.com/charts/hot-100/2014-11-29,11/29/2014,53,0 To 100 / The Catch Up,Drake,0 To 100 / The Catch UpDrake,1,52,35,17,2014-11-29,2014
http://www.billboard.com/charts/hot-100/2014-10-04,10/4/2014,62,Believe Me,Lil Wayne Featuring Drake,Believe MeLil Wayne Featuring Drake,1,64,26,17,2014-10-04,2014
http://www.billboard.com/charts/hot-100/2016-01-30,1/30/2016,63,Big Rings,Drake & Future,Big RingsDrake & Future,1,63,52,17,2016-01-30,2016
https://www.billboard.com/charts/hot-100/2020-11-21,11/21/2020,64,Popstar,DJ Khaled Featuring Drake,PopstarDJ Khaled Featuring Drake,1,62,3,17,2020-11-21,2020
http://www.billboard.com/charts/hot-100/2017-07-29,7/29/2017,67,Passionfruit,Drake,PassionfruitDrake,1,51,8,17,2017-07-29,2017
http://www.billboard.com/charts/hot-100/2015-12-12,12/12/2015,67,Back To Back,Drake,Back To BackDrake,1,68,21,17,2015-12-12,2015
http://www.billboard.com/charts/hot-100/2009-11-21,11/21/2009,75,Successful,Drake Featuring Trey Songz & Lil Wayne,SuccessfulDrake Featuring Trey Songz & Lil Wayne,1,61,17,17,2009-11-21,2009
http://www.billboard.com/charts/hot-100/2013-05-25,5/25/2013,14,Started From The Bottom,Drake,Started From The BottomDrake,1,11,6,14,2013-05-25,2013
http://www.billboard.com/charts/hot-100/2015-02-14,2/14/2015,17,Only,"Nicki Minaj Featuring Drake, Lil Wayne & Chris Brown","OnlyNicki Minaj Featuring Drake, Lil Wayne & Chris Brown",1,17,12,14,2015-02-14,2015
http://www.billboard.com/charts/hot-100/2012-04-14,4/14/2012,11,Take Care,Drake Featuring Rihanna,Take CareDrake Featuring Rihanna,1,9,7,20,2012-04-14,2012
http://www.billboard.com/charts/hot-100/2009-10-03,10/3/2009,14,Best I Ever Had,Drake,Best I Ever HadDrake,1,13,2,20,2009-10-03,2009
http://www.billboard.com/charts/hot-100/2011-01-15,1/15/2011,28,Right Above It,Lil Wayne Featuring Drake,Right Above ItLil Wayne Featuring Drake,1,25,6,20,2011-01-15,2011
http://www.billboard.com/charts/hot-100/2013-03-23,3/23/2013,28,Poetic Justice,Kendrick Lamar Featuring Drake,Poetic JusticeKendrick Lamar Featuring Drake,1,26,26,20,2013-03-23,2013
http://www.billboard.com/charts/hot-100/2015-03-28,3/28/2015,29,Only,"Nicki Minaj Featuring Drake, Lil Wayne & Chris Brown","OnlyNicki Minaj Featuring Drake, Lil Wayne & Chris Brown",1,23,12,20,2015-03-28,2015
http://www.billboard.com/charts/hot-100/2016-10-01,10/1/2016,30,Controlla,Drake,ControllaDrake,1,27,16,20,2016-10-01,2016
https://www.billboard.com/charts/hot-100/2018-11-24,11/24/2018,33,Nonstop,Drake,NonstopDrake,1,28,2,20,2018-11-24,2018
http://www.billboard.com/charts/hot-100/2017-05-20,5/20/2017,41,Both,Gucci Mane Featuring Drake,BothGucci Mane Featuring Drake,1,43,41,20,2017-05-20,2017
http://www.billboard.com/charts/hot-100/2012-01-14,1/14/2012,44,She Will,Lil Wayne Featuring Drake,She WillLil Wayne Featuring Drake,1,36,3,20,2012-01-14,2012
http://www.billboard.com/charts/hot-100/2013-07-06,7/6/2013,45,Started From The Bottom,Drake,Started From The BottomDrake,1,35,6,20,2013-07-06,2013
http://www.billboard.com/charts/hot-100/2012-12-08,12/8/2012,45,Pop That,"French Montana Featuring Rick Ross, Drake, Lil Wayne","Pop ThatFrench Montana Featuring Rick Ross, Drake, Lil Wayne",1,44,36,20,2012-12-08,2012
http://www.billboard.com/charts/hot-100/2015-07-04,7/4/2015,48,Blessings,Big Sean Featuring Drake,BlessingsBig Sean Featuring Drake,1,46,28,20,2015-07-04,2015
http://www.billboard.com/charts/hot-100/2014-02-22,2/22/2014,54,All Me,Drake Featuring 2 Chainz & Big Sean,All MeDrake Featuring 2 Chainz & Big Sean,1,53,20,20,2014-02-22,2014
http://www.billboard.com/charts/hot-100/2010-08-07,8/7/2010,62,Over,Drake,OverDrake,1,58,14,20,2010-08-07,2010
http://www.billboard.com/charts/hot-100/2014-12-20,12/20/2014,64,0 To 100 / The Catch Up,Drake,0 To 100 / The Catch UpDrake,1,63,35,20,2014-12-20,2014
http://www.billboard.com/charts/hot-100/2016-02-20,2/20/2016,73,Big Rings,Drake & Future,Big RingsDrake & Future,1,71,52,20,2016-02-20,2016
http://www.billboard.com/charts/hot-100/2016-01-02,1/2/2016,74,Back To Back,Drake,Back To BackDrake,1,66,21,20,2016-01-02,2016
http://www.billboard.com/charts/hot-100/2010-06-05,6/5/2010,78,Say Something,Timbaland Featuring Drake,Say SomethingTimbaland Featuring Drake,1,74,23,20,2010-06-05,2010
http://www.billboard.com/charts/hot-100/2017-08-19,8/19/2017,81,Passionfruit,Drake,PassionfruitDrake,1,80,8,20,2017-08-19,2017
http://www.billboard.com/charts/hot-100/2016-09-03,9/3/2016,86,Pop Style,Drake Featuring The Throne,Pop StyleDrake Featuring The Throne,1,86,16,20,2016-09-03,2016
http://www.billboard.com/charts/hot-100/2014-10-25,10/25/2014,87,Believe Me,Lil Wayne Featuring Drake,Believe MeLil Wayne Featuring Drake,1,81,26,20,2014-10-25,2014
http://www.billboard.com/charts/hot-100/2012-08-18,8/18/2012,96,Crew Love,Drake Featuring The Weeknd,Crew LoveDrake Featuring The Weeknd,1,95,80,20,2012-08-18,2012
http://www.billboard.com/charts/hot-100/2016-09-10,9/10/2016,8,One Dance,Drake Featuring WizKid & Kyla,One DanceDrake Featuring WizKid & Kyla,1,7,1,21,2016-09-10,2016
http://www.billboard.com/charts/hot-100/2012-04-21,4/21/2012,11,Take Care,Drake Featuring Rihanna,Take CareDrake Featuring Rihanna,1,11,7,21,2012-04-21,2012
http://www.billboard.com/charts/hot-100/2009-10-10,10/10/2009,16,Best I Ever Had,Drake,Best I Ever HadDrake,1,14,2,21,2009-10-10,2009
http://www.billboard.com/charts/hot-100/2011-01-22,1/22/2011,29,Right Above It,Lil Wayne Featuring Drake,Right Above ItLil Wayne Featuring Drake,1,28,6,21,2011-01-22,2011
http://www.billboard.com/charts/hot-100/2013-03-30,3/30/2013,30,Poetic Justice,Kendrick Lamar Featuring Drake,Poetic JusticeKendrick Lamar Featuring Drake,1,28,26,21,2013-03-30,2013
http://www.billboard.com/charts/hot-100/2015-04-04,4/4/2015,31,Only,"Nicki Minaj Featuring Drake, Lil Wayne & Chris Brown","OnlyNicki Minaj Featuring Drake, Lil Wayne & Chris Brown",1,29,12,21,2015-04-04,2015
https://www.billboard.com/charts/hot-100/2018-12-01,12/1/2018,32,Nonstop,Drake,NonstopDrake,1,33,2,21,2018-12-01,2018
http://www.billboard.com/charts/hot-100/2016-10-08,10/8/2016,33,Controlla,Drake,ControllaDrake,1,30,16,21,2016-10-08,2016
http://www.billboard.com/charts/hot-100/2017-05-27,5/27/2017,43,Both,Gucci Mane Featuring Drake,BothGucci Mane Featuring Drake,1,41,41,21,2017-05-27,2017
http://www.billboard.com/charts/hot-100/2013-07-13,7/13/2013,44,Started From The Bottom,Drake,Started From The BottomDrake,1,45,6,21,2013-07-13,2013
http://www.billboard.com/charts/hot-100/2012-12-15,12/15/2012,46,Pop That,"French Montana Featuring Rick Ross, Drake, Lil Wayne","Pop ThatFrench Montana Featuring Rick Ross, Drake, Lil Wayne",1,45,36,21,2012-12-15,2012
http://www.billboard.com/charts/hot-100/2012-01-21,1/21/2012,50,She Will,Lil Wayne Featuring Drake,She WillLil Wayne Featuring Drake,1,44,3,21,2012-01-21,2012
http://www.billboard.com/charts/hot-100/2016-09-17,9/17/2016,9,One Dance,Drake Featuring WizKid & Kyla,One DanceDrake Featuring WizKid & Kyla,1,8,1,22,2016-09-17,2016
http://www.billboard.com/charts/hot-100/2012-04-28,4/28/2012,11,Take Care,Drake Featuring Rihanna,Take CareDrake Featuring Rihanna,1,11,7,22,2012-04-28,2012
http://www.billboard.com/charts/hot-100/2009-10-17,10/17/2009,21,Best I Ever Had,Drake,Best I Ever HadDrake,1,16,2,22,2009-10-17,2009
http://www.billboard.com/charts/hot-100/2016-10-15,10/15/2016,32,Controlla,Drake,ControllaDrake,1,33,16,22,2016-10-15,2016
http://www.billboard.com/charts/hot-100/2015-04-11,4/11/2015,35,Only,"Nicki Minaj Featuring Drake, Lil Wayne & Chris Brown","OnlyNicki Minaj Featuring Drake, Lil Wayne & Chris Brown",1,31,12,22,2015-04-11,2015
http://www.billboard.com/charts/hot-100/2013-04-06,4/6/2013,35,Poetic Justice,Kendrick Lamar Featuring Drake,Poetic JusticeKendrick Lamar Featuring Drake,1,30,26,22,2013-04-06,2013
http://www.billboard.com/charts/hot-100/2011-01-29,1/29/2011,40,Right Above It,Lil Wayne Featuring Drake,Right Above ItLil Wayne Featuring Drake,1,29,6,22,2011-01-29,2011
http://www.billboard.com/charts/hot-100/2013-07-20,7/20/2013,41,Started From The Bottom,Drake,Started From The BottomDrake,1,44,6,22,2013-07-20,2013
http://www.billboard.com/charts/hot-100/2017-06-03,6/3/2017,44,Both,Gucci Mane Featuring Drake,BothGucci Mane Featuring Drake,1,43,41,22,2017-06-03,2017
https://www.billboard.com/charts/hot-100/2018-12-08,12/8/2018,46,Nonstop,Drake,NonstopDrake,1,32,2,22,2018-12-08,2018
http://www.billboard.com/charts/hot-100/2012-12-22,12/22/2012,49,Pop That,"French Montana Featuring Rick Ross, Drake, Lil Wayne","Pop ThatFrench Montana Featuring Rick Ross, Drake, Lil Wayne",1,46,36,22,2012-12-22,2012
http://www.billboard.com/charts/hot-100/2016-09-24,9/24/2016,11,One Dance,Drake Featuring WizKid & Kyla,One DanceDrake Featuring WizKid & Kyla,1,9,1,23,2016-09-24,2016
http://www.billboard.com/charts/hot-100/2012-05-05,5/5/2012,13,Take Care,Drake Featuring Rihanna,Take CareDrake Featuring Rihanna,1,11,7,23,2012-05-05,2012
http://www.billboard.com/charts/hot-100/2016-10-22,10/22/2016,36,Controlla,Drake,ControllaDrake,1,32,16,23,2016-10-22,2016
http://www.billboard.com/charts/hot-100/2009-10-24,10/24/2009,37,Best I Ever Had,Drake,Best I Ever HadDrake,1,21,2,23,2009-10-24,2009
http://www.billboard.com/charts/hot-100/2015-04-18,4/18/2015,38,Only,"Nicki Minaj Featuring Drake, Lil Wayne & Chris Brown","OnlyNicki Minaj Featuring Drake, Lil Wayne & Chris Brown",1,35,12,23,2015-04-18,2015
http://www.billboard.com/charts/hot-100/2013-04-13,4/13/2013,41,Poetic Justice,Kendrick Lamar Featuring Drake,Poetic JusticeKendrick Lamar Featuring Drake,1,35,26,23,2013-04-13,2013
http://www.billboard.com/charts/hot-100/2011-02-05,2/5/2011,43,Right Above It,Lil Wayne Featuring Drake,Right Above ItLil Wayne Featuring Drake,1,40,6,23,2011-02-05,2011
http://www.billboard.com/charts/hot-100/2016-10-01,10/1/2016,14,One Dance,Drake Featuring WizKid & Kyla,One DanceDrake Featuring WizKid & Kyla,1,11,1,24,2016-10-01,2016
http://www.billboard.com/charts/hot-100/2012-05-12,5/12/2012,14,Take Care,Drake Featuring Rihanna,Take CareDrake Featuring Rihanna,1,13,7,24,2012-05-12,2012
http://www.billboard.com/charts/hot-100/2009-10-31,10/31/2009,41,Best I Ever Had,Drake,Best I Ever HadDrake,1,37,2,24,2009-10-31,2009
http://www.billboard.com/charts/hot-100/2015-04-25,4/25/2015,41,Only,"Nicki Minaj Featuring Drake, Lil Wayne & Chris Brown","OnlyNicki Minaj Featuring Drake, Lil Wayne & Chris Brown",1,38,12,24,2015-04-25,2015
http://www.billboard.com/charts/hot-100/2016-10-29,10/29/2016,43,Controlla,Drake,ControllaDrake,1,36,16,24,2016-10-29,2016
http://www.billboard.com/charts/hot-100/2011-02-12,2/12/2011,44,Right Above It,Lil Wayne Featuring Drake,Right Above ItLil Wayne Featuring Drake,1,43,6,24,2011-02-12,2011
http://www.billboard.com/charts/hot-100/2013-04-20,4/20/2013,46,Poetic Justice,Kendrick Lamar Featuring Drake,Poetic JusticeKendrick Lamar Featuring Drake,1,41,26,24,2013-04-20,2013
http://www.billboard.com/charts/hot-100/2016-10-08,10/8/2016,14,One Dance,Drake Featuring WizKid & Kyla,One DanceDrake Featuring WizKid & Kyla,1,14,1,25,2016-10-08,2016
http://www.billboard.com/charts/hot-100/2012-05-19,5/19/2012,14,Take Care,Drake Featuring Rihanna,Take CareDrake Featuring Rihanna,1,14,7,25,2012-05-19,2012
http://www.billboard.com/charts/hot-100/2016-11-05,11/5/2016,45,Controlla,Drake,ControllaDrake,1,43,16,25,2016-11-05,2016
http://www.billboard.com/charts/hot-100/2015-05-02,5/2/2015,48,Only,"Nicki Minaj Featuring Drake, Lil Wayne & Chris Brown","OnlyNicki Minaj Featuring Drake, Lil Wayne & Chris Brown",1,41,12,25,2015-05-02,2015
http://www.billboard.com/charts/hot-100/2016-10-15,10/15/2016,14,One Dance,Drake Featuring WizKid & Kyla,One DanceDrake Featuring WizKid & Kyla,1,14,1,26,2016-10-15,2016
http://www.billboard.com/charts/hot-100/2012-05-26,5/26/2012,14,Take Care,Drake Featuring Rihanna,Take CareDrake Featuring Rihanna,1,14,7,26,2012-05-26,2012
http://www.billboard.com/charts/hot-100/2016-11-12,11/12/2016,49,Controlla,Drake,ControllaDrake,1,45,16,26,2016-11-12,2016
http://www.billboard.com/charts/hot-100/2016-10-22,10/22/2016,16,One Dance,Drake Featuring WizKid & Kyla,One DanceDrake Featuring WizKid & Kyla,1,14,1,27,2016-10-22,2016
http://www.billboard.com/charts/hot-100/2012-06-02,6/2/2012,17,Take Care,Drake Featuring Rihanna,Take CareDrake Featuring Rihanna,1,14,7,27,2012-06-02,2012
http://www.billboard.com/charts/hot-100/2016-10-29,10/29/2016,17,One Dance,Drake Featuring WizKid & Kyla,One DanceDrake Featuring WizKid & Kyla,1,16,1,28,2016-10-29,2016
http://www.billboard.com/charts/hot-100/2012-06-09,6/9/2012,21,Take Care,Drake Featuring Rihanna,Take CareDrake Featuring Rihanna,1,17,7,28,2012-06-09,2012
http://www.billboard.com/charts/hot-100/2016-11-05,11/5/2016,23,One Dance,Drake Featuring WizKid & Kyla,One DanceDrake Featuring WizKid & Kyla,1,17,1,29,2016-11-05,2016
http://www.billboard.com/charts/hot-100/2012-06-16,6/16/2012,24,Take Care,Drake Featuring Rihanna,Take CareDrake Featuring Rihanna,1,21,7,29,2012-06-16,2012
http://www.billboard.com/charts/hot-100/2016-11-12,11/12/2016,23,One Dance,Drake Featuring WizKid & Kyla,One DanceDrake Featuring WizKid & Kyla,1,23,1,30,2016-11-12,2016
http://www.billboard.com/charts/hot-100/2012-06-23,6/23/2012,25,Take Care,Drake Featuring Rihanna,Take CareDrake Featuring Rihanna,1,24,7,30,2012-06-23,2012
http://www.billboard.com/charts/hot-100/2016-11-19,11/19/2016,30,One Dance,Drake Featuring WizKid & Kyla,One DanceDrake Featuring WizKid & Kyla,1,23,1,31,2016-11-19,2016
http://www.billboard.com/charts/hot-100/2012-06-30,6/30/2012,32,Take Care,Drake Featuring Rihanna,Take CareDrake Featuring Rihanna,1,25,7,31,2012-06-30,2012
http://www.billboard.com/charts/hot-100/2012-07-07,7/7/2012,31,Take Care,Drake Featuring Rihanna,Take CareDrake Featuring Rihanna,1,32,7,32,2012-07-07,2012
http://www.billboard.com/charts/hot-100/2016-11-26,11/26/2016,32,One Dance,Drake Featuring WizKid & Kyla,One DanceDrake Featuring WizKid & Kyla,1,30,1,32,2016-11-26,2016
http://www.billboard.com/charts/hot-100/2016-12-03,12/3/2016,33,One Dance,Drake Featuring WizKid & Kyla,One DanceDrake Featuring WizKid & Kyla,1,32,1,33,2016-12-03,2016
http://www.billboard.com/charts/hot-100/2012-07-14,7/14/2012,43,Take Care,Drake Featuring Rihanna,Take CareDrake Featuring Rihanna,1,31,7,33,2012-07-14,2012
http://www.billboard.com/charts/hot-100/2016-12-10,12/10/2016,37,One Dance,Drake Featuring WizKid & Kyla,One DanceDrake Featuring WizKid & Kyla,1,33,1,34,2016-12-10,2016
http://www.billboard.com/charts/hot-100/2012-07-21,7/21/2012,48,Take Care,Drake Featuring Rihanna,Take CareDrake Featuring Rihanna,1,43,7,34,2012-07-21,2012
http://www.billboard.com/charts/hot-100/2016-12-17,12/17/2016,45,One Dance,Drake Featuring WizKid & Kyla,One DanceDrake Featuring WizKid & Kyla,1,37,1,35,2016-12-17,2016
http://www.billboard.com/charts/hot-100/2010-12-18,12/18/2010,35,Aston Martin Music,Rick Ross Featuring Drake & Chrisette Michele,Aston Martin MusicRick Ross Featuring Drake & Chrisette Michele,2,38,35,10,2010-12-18,2010
http://www.billboard.com/charts/hot-100/2012-12-22,12/22/2012,71,Diced Pineapples,Rick Ross Featuring Wale & Drake,Diced PineapplesRick Ross Featuring Wale & Drake,2,76,71,10,2012-12-22,2012
http://www.billboard.com/charts/hot-100/2016-09-24,9/24/2016,83,Come And See Me,PARTYNEXTDOOR Featuring Drake,Come And See MePARTYNEXTDOOR Featuring Drake,2,81,65,10,2016-09-24,2016
http://www.billboard.com/charts/hot-100/2015-11-14,11/14/2015,100,100,The Game Featuring Drake,100The Game Featuring Drake,2,88,82,10,2015-11-14,2015
http://www.billboard.com/charts/hot-100/2010-12-25,12/25/2010,33,Aston Martin Music,Rick Ross Featuring Drake & Chrisette Michele,Aston Martin MusicRick Ross Featuring Drake & Chrisette Michele,2,35,33,11,2010-12-25,2010
http://www.billboard.com/charts/hot-100/2012-12-29,12/29/2012,76,Diced Pineapples,Rick Ross Featuring Wale & Drake,Diced PineapplesRick Ross Featuring Wale & Drake,2,71,71,11,2012-12-29,2012
http://www.billboard.com/charts/hot-100/2016-10-01,10/1/2016,82,Come And See Me,PARTYNEXTDOOR Featuring Drake,Come And See MePARTYNEXTDOOR Featuring Drake,2,83,65,11,2016-10-01,2016
http://www.billboard.com/charts/hot-100/2011-01-01,1/1/2011,30,Aston Martin Music,Rick Ross Featuring Drake & Chrisette Michele,Aston Martin MusicRick Ross Featuring Drake & Chrisette Michele,2,33,30,12,2011-01-01,2011
http://www.billboard.com/charts/hot-100/2016-10-08,10/8/2016,76,Come And See Me,PARTYNEXTDOOR Featuring Drake,Come And See MePARTYNEXTDOOR Featuring Drake,2,82,65,12,2016-10-08,2016
http://www.billboard.com/charts/hot-100/2013-01-05,1/5/2013,77,Diced Pineapples,Rick Ross Featuring Wale & Drake,Diced PineapplesRick Ross Featuring Wale & Drake,2,76,71,12,2013-01-05,2013
http://www.billboard.com/charts/hot-100/2011-01-08,1/8/2011,45,Aston Martin Music,Rick Ross Featuring Drake & Chrisette Michele,Aston Martin MusicRick Ross Featuring Drake & Chrisette Michele,2,30,30,13,2011-01-08,2011
http://www.billboard.com/charts/hot-100/2016-10-15,10/15/2016,70,Come And See Me,PARTYNEXTDOOR Featuring Drake,Come And See MePARTYNEXTDOOR Featuring Drake,2,76,65,13,2016-10-15,2016
http://www.billboard.com/charts/hot-100/2016-09-24,9/24/2016,77,Childs Play,Drake,Childs PlayDrake,2,NA,77,13,2016-09-24,2016
http://www.billboard.com/charts/hot-100/2013-01-12,1/12/2013,82,Diced Pineapples,Rick Ross Featuring Wale & Drake,Diced PineapplesRick Ross Featuring Wale & Drake,2,77,71,13,2013-01-12,2013
http://www.billboard.com/charts/hot-100/2011-01-15,1/15/2011,46,Aston Martin Music,Rick Ross Featuring Drake & Chrisette Michele,Aston Martin MusicRick Ross Featuring Drake & Chrisette Michele,2,45,30,14,2011-01-15,2011
http://www.billboard.com/charts/hot-100/2016-10-22,10/22/2016,65,Come And See Me,PARTYNEXTDOOR Featuring Drake,Come And See MePARTYNEXTDOOR Featuring Drake,2,70,65,14,2016-10-22,2016
http://www.billboard.com/charts/hot-100/2013-01-19,1/19/2013,86,Diced Pineapples,Rick Ross Featuring Wale & Drake,Diced PineapplesRick Ross Featuring Wale & Drake,2,82,71,14,2013-01-19,2013
http://www.billboard.com/charts/hot-100/2016-10-01,10/1/2016,87,Childs Play,Drake,Childs PlayDrake,2,77,77,14,2016-10-01,2016
http://www.billboard.com/charts/hot-100/2011-01-22,1/22/2011,37,Aston Martin Music,Rick Ross Featuring Drake & Chrisette Michele,Aston Martin MusicRick Ross Featuring Drake & Chrisette Michele,2,46,30,15,2011-01-22,2011
http://www.billboard.com/charts/hot-100/2016-10-29,10/29/2016,62,Come And See Me,PARTYNEXTDOOR Featuring Drake,Come And See MePARTYNEXTDOOR Featuring Drake,2,65,62,15,2016-10-29,2016
http://www.billboard.com/charts/hot-100/2013-01-26,1/26/2013,86,Diced Pineapples,Rick Ross Featuring Wale & Drake,Diced PineapplesRick Ross Featuring Wale & Drake,2,86,71,15,2013-01-26,2013
https://www.billboard.com/charts/hot-100/2020-03-21,3/21/2020,46,No Guidance,Chris Brown Featuring Drake,No GuidanceChris Brown Featuring Drake,1,37,5,40,2020-03-21,2020
https://www.billboard.com/charts/hot-100/2020-03-28,3/28/2020,32,No Guidance,Chris Brown Featuring Drake,No GuidanceChris Brown Featuring Drake,1,46,5,41,2020-03-28,2020
https://www.billboard.com/charts/hot-100/2020-04-04,4/4/2020,34,No Guidance,Chris Brown Featuring Drake,No GuidanceChris Brown Featuring Drake,1,32,5,42,2020-04-04,2020
https://www.billboard.com/charts/hot-100/2020-04-11,4/11/2020,35,No Guidance,Chris Brown Featuring Drake,No GuidanceChris Brown Featuring Drake,1,34,5,43,2020-04-11,2020
https://www.billboard.com/charts/hot-100/2020-04-18,4/18/2020,38,No Guidance,Chris Brown Featuring Drake,No GuidanceChris Brown Featuring Drake,1,35,5,44,2020-04-18,2020
https://www.billboard.com/charts/hot-100/2020-04-25,4/25/2020,40,No Guidance,Chris Brown Featuring Drake,No GuidanceChris Brown Featuring Drake,1,38,5,45,2020-04-25,2020
https://www.billboard.com/charts/hot-100/2020-05-02,5/2/2020,48,No Guidance,Chris Brown Featuring Drake,No GuidanceChris Brown Featuring Drake,1,40,5,46,2020-05-02,2020
https://www.billboard.com/charts/hot-100/2020-02-22,2/22/2020,80,Loyal,PARTYNEXTDOOR Featuring Drake,LoyalPARTYNEXTDOOR Featuring Drake,2,NA,80,2,2020-02-22,2020
http://www.billboard.com/charts/hot-100/2016-06-04,6/4/2016,85,Keep The Family Close,Drake,Keep The Family CloseDrake,2,NA,85,2,2016-06-04,2016
http://www.billboard.com/charts/hot-100/2016-06-04,6/4/2016,90,Faithful,Drake Featuring Pimp C & dvsn,FaithfulDrake Featuring Pimp C & dvsn,2,NA,90,2,2016-06-04,2016
http://www.billboard.com/charts/hot-100/2011-01-01,1/1/2011,91,Loving You No More,Diddy - Dirty Money Featuring Drake,Loving You No MoreDiddy - Dirty Money Featuring Drake,2,NA,91,2,2011-01-01,2011
http://www.billboard.com/charts/hot-100/2010-08-21,8/21/2010,97,Fancy,Drake Featuring T.I. & Swizz Beatz,FancyDrake Featuring T.I. & Swizz Beatz,2,NA,97,2,2010-08-21,2010
http://www.billboard.com/charts/hot-100/2012-03-31,3/31/2012,100,HYFR (Hell Ya F*****g Right),Drake Featuring Lil Wayne,HYFR (Hell Ya F*****g Right)Drake Featuring Lil Wayne,2,NA,100,2,2012-03-31,2012
http://www.billboard.com/charts/hot-100/2010-08-28,8/28/2010,85,Fancy,Drake Featuring T.I. & Swizz Beatz,FancyDrake Featuring T.I. & Swizz Beatz,2,97,85,3,2010-08-28,2010
http://www.billboard.com/charts/hot-100/2012-04-07,4/7/2012,96,HYFR (Hell Ya F*****g Right),Drake Featuring Lil Wayne,HYFR (Hell Ya F*****g Right)Drake Featuring Lil Wayne,2,100,96,3,2012-04-07,2012
http://www.billboard.com/charts/hot-100/2017-08-05,8/5/2017,100,No Complaints,Metro Boomin Featuring Offset & Drake,No ComplaintsMetro Boomin Featuring Offset & Drake,2,NA,100,3,2017-08-05,2017
http://www.billboard.com/charts/hot-100/2010-09-04,9/4/2010,74,Fancy,Drake Featuring T.I. & Swizz Beatz,FancyDrake Featuring T.I. & Swizz Beatz,2,85,74,4,2010-09-04,2010
http://www.billboard.com/charts/hot-100/2012-04-14,4/14/2012,94,HYFR (Hell Ya F*****g Right),Drake Featuring Lil Wayne,HYFR (Hell Ya F*****g Right)Drake Featuring Lil Wayne,2,96,94,4,2012-04-14,2012
http://www.billboard.com/charts/hot-100/2010-09-11,9/11/2010,63,Fancy,Drake Featuring T.I. & Swizz Beatz,FancyDrake Featuring T.I. & Swizz Beatz,2,74,63,5,2010-09-11,2010
http://www.billboard.com/charts/hot-100/2012-04-21,4/21/2012,91,HYFR (Hell Ya F*****g Right),Drake Featuring Lil Wayne,HYFR (Hell Ya F*****g Right)Drake Featuring Lil Wayne,2,94,91,5,2012-04-21,2012
http://www.billboard.com/charts/hot-100/2012-03-17,3/17/2012,95,Mr. Wrong,Mary J. Blige Featuring Drake,Mr. WrongMary J. Blige Featuring Drake,2,NA,95,5,2012-03-17,2012
http://www.billboard.com/charts/hot-100/2010-09-18,9/18/2010,57,Fancy,Drake Featuring T.I. & Swizz Beatz,FancyDrake Featuring T.I. & Swizz Beatz,2,63,57,6,2010-09-18,2010
http://www.billboard.com/charts/hot-100/2012-04-28,4/28/2012,77,HYFR (Hell Ya F*****g Right),Drake Featuring Lil Wayne,HYFR (Hell Ya F*****g Right)Drake Featuring Lil Wayne,2,91,77,6,2012-04-28,2012
http://www.billboard.com/charts/hot-100/2012-03-24,3/24/2012,89,Mr. Wrong,Mary J. Blige Featuring Drake,Mr. WrongMary J. Blige Featuring Drake,2,95,89,6,2012-03-24,2012
http://www.billboard.com/charts/hot-100/2010-09-25,9/25/2010,49,Fancy,Drake Featuring T.I. & Swizz Beatz,FancyDrake Featuring T.I. & Swizz Beatz,2,57,49,7,2010-09-25,2010
http://www.billboard.com/charts/hot-100/2012-05-05,5/5/2012,76,HYFR (Hell Ya F*****g Right),Drake Featuring Lil Wayne,HYFR (Hell Ya F*****g Right)Drake Featuring Lil Wayne,2,77,76,7,2012-05-05,2012
http://www.billboard.com/charts/hot-100/2012-03-31,3/31/2012,93,Mr. Wrong,Mary J. Blige Featuring Drake,Mr. WrongMary J. Blige Featuring Drake,2,89,89,7,2012-03-31,2012
http://www.billboard.com/charts/hot-100/2017-05-27,5/27/2017,98,Gyalchester,Drake,GyalchesterDrake,2,NA,98,7,2017-05-27,2017
http://www.billboard.com/charts/hot-100/2010-10-02,10/2/2010,25,Fancy,Drake Featuring T.I. & Swizz Beatz,FancyDrake Featuring T.I. & Swizz Beatz,2,49,25,8,2010-10-02,2010
http://www.billboard.com/charts/hot-100/2012-05-12,5/12/2012,72,HYFR (Hell Ya F*****g Right),Drake Featuring Lil Wayne,HYFR (Hell Ya F*****g Right)Drake Featuring Lil Wayne,2,76,72,8,2012-05-12,2012
http://www.billboard.com/charts/hot-100/2012-04-07,4/7/2012,95,Mr. Wrong,Mary J. Blige Featuring Drake,Mr. WrongMary J. Blige Featuring Drake,2,93,89,8,2012-04-07,2012
https://www.billboard.com/charts/hot-100/2018-09-08,9/8/2018,95,Mob Ties,Drake,Mob TiesDrake,2,NA,95,8,2018-09-08,2018
http://www.billboard.com/charts/hot-100/2010-10-09,10/9/2010,32,Fancy,Drake Featuring T.I. & Swizz Beatz,FancyDrake Featuring T.I. & Swizz Beatz,2,25,25,9,2010-10-09,2010
http://www.billboard.com/charts/hot-100/2012-05-19,5/19/2012,69,HYFR (Hell Ya F*****g Right),Drake Featuring Lil Wayne,HYFR (Hell Ya F*****g Right)Drake Featuring Lil Wayne,2,72,69,9,2012-05-19,2012
http://www.billboard.com/charts/hot-100/2012-04-14,4/14/2012,97,Mr. Wrong,Mary J. Blige Featuring Drake,Mr. WrongMary J. Blige Featuring Drake,2,95,89,9,2012-04-14,2012
http://www.billboard.com/charts/hot-100/2010-10-16,10/16/2010,32,Fancy,Drake Featuring T.I. & Swizz Beatz,FancyDrake Featuring T.I. & Swizz Beatz,2,32,25,10,2010-10-16,2010
http://www.billboard.com/charts/hot-100/2012-05-26,5/26/2012,64,HYFR (Hell Ya F*****g Right),Drake Featuring Lil Wayne,HYFR (Hell Ya F*****g Right)Drake Featuring Lil Wayne,2,69,64,10,2012-05-26,2012
http://www.billboard.com/charts/hot-100/2010-10-23,10/23/2010,32,Fancy,Drake Featuring T.I. & Swizz Beatz,FancyDrake Featuring T.I. & Swizz Beatz,2,32,25,11,2010-10-23,2010
http://www.billboard.com/charts/hot-100/2012-06-02,6/2/2012,63,HYFR (Hell Ya F*****g Right),Drake Featuring Lil Wayne,HYFR (Hell Ya F*****g Right)Drake Featuring Lil Wayne,2,64,63,11,2012-06-02,2012
http://www.billboard.com/charts/hot-100/2010-10-30,10/30/2010,35,Fancy,Drake Featuring T.I. & Swizz Beatz,FancyDrake Featuring T.I. & Swizz Beatz,2,32,25,12,2010-10-30,2010
http://www.billboard.com/charts/hot-100/2012-06-09,6/9/2012,63,HYFR (Hell Ya F*****g Right),Drake Featuring Lil Wayne,HYFR (Hell Ya F*****g Right)Drake Featuring Lil Wayne,2,63,63,12,2012-06-09,2012
http://www.billboard.com/charts/hot-100/2010-11-06,11/6/2010,35,Fancy,Drake Featuring T.I. & Swizz Beatz,FancyDrake Featuring T.I. & Swizz Beatz,2,35,25,13,2010-11-06,2010
http://www.billboard.com/charts/hot-100/2012-06-16,6/16/2012,62,HYFR (Hell Ya F*****g Right),Drake Featuring Lil Wayne,HYFR (Hell Ya F*****g Right)Drake Featuring Lil Wayne,2,63,62,13,2012-06-16,2012
http://www.billboard.com/charts/hot-100/2010-11-13,11/13/2010,44,Fancy,Drake Featuring T.I. & Swizz Beatz,FancyDrake Featuring T.I. & Swizz Beatz,2,35,25,14,2010-11-13,2010
http://www.billboard.com/charts/hot-100/2012-06-23,6/23/2012,62,HYFR (Hell Ya F*****g Right),Drake Featuring Lil Wayne,HYFR (Hell Ya F*****g Right)Drake Featuring Lil Wayne,2,62,62,14,2012-06-23,2012
http://www.billboard.com/charts/hot-100/2010-11-20,11/20/2010,53,Fancy,Drake Featuring T.I. & Swizz Beatz,FancyDrake Featuring T.I. & Swizz Beatz,2,44,25,15,2010-11-20,2010
http://www.billboard.com/charts/hot-100/2012-06-30,6/30/2012,66,HYFR (Hell Ya F*****g Right),Drake Featuring Lil Wayne,HYFR (Hell Ya F*****g Right)Drake Featuring Lil Wayne,2,62,62,15,2012-06-30,2012
http://www.billboard.com/charts/hot-100/2010-11-27,11/27/2010,66,Fancy,Drake Featuring T.I. & Swizz Beatz,FancyDrake Featuring T.I. & Swizz Beatz,2,53,25,16,2010-11-27,2010
http://www.billboard.com/charts/hot-100/2012-07-07,7/7/2012,66,HYFR (Hell Ya F*****g Right),Drake Featuring Lil Wayne,HYFR (Hell Ya F*****g Right)Drake Featuring Lil Wayne,2,66,62,16,2012-07-07,2012
http://www.billboard.com/charts/hot-100/2010-12-04,12/4/2010,64,Fancy,Drake Featuring T.I. & Swizz Beatz,FancyDrake Featuring T.I. & Swizz Beatz,2,66,25,17,2010-12-04,2010
http://www.billboard.com/charts/hot-100/2012-07-14,7/14/2012,69,HYFR (Hell Ya F*****g Right),Drake Featuring Lil Wayne,HYFR (Hell Ya F*****g Right)Drake Featuring Lil Wayne,2,66,62,17,2012-07-14,2012
http://www.billboard.com/charts/hot-100/2012-07-21,7/21/2012,74,HYFR (Hell Ya F*****g Right),Drake Featuring Lil Wayne,HYFR (Hell Ya F*****g Right)Drake Featuring Lil Wayne,2,69,62,18,2012-07-21,2012
http://www.billboard.com/charts/hot-100/2010-12-11,12/11/2010,75,Fancy,Drake Featuring T.I. & Swizz Beatz,FancyDrake Featuring T.I. & Swizz Beatz,2,64,25,18,2010-12-11,2010
http://www.billboard.com/charts/hot-100/2011-12-17,12/17/2011,99,Marvins Room,Drake,Marvins RoomDrake,2,NA,99,18,2011-12-17,2011
http://www.billboard.com/charts/hot-100/2012-07-28,7/28/2012,73,HYFR (Hell Ya F*****g Right),Drake Featuring Lil Wayne,HYFR (Hell Ya F*****g Right)Drake Featuring Lil Wayne,2,74,62,19,2012-07-28,2012
http://www.billboard.com/charts/hot-100/2010-12-18,12/18/2010,81,Fancy,Drake Featuring T.I. & Swizz Beatz,FancyDrake Featuring T.I. & Swizz Beatz,2,75,25,19,2010-12-18,2010
http://www.billboard.com/charts/hot-100/2010-12-25,12/25/2010,75,Fancy,Drake Featuring T.I. & Swizz Beatz,FancyDrake Featuring T.I. & Swizz Beatz,2,81,25,20,2010-12-25,2010
http://www.billboard.com/charts/hot-100/2012-08-04,8/4/2012,83,HYFR (Hell Ya F*****g Right),Drake Featuring Lil Wayne,HYFR (Hell Ya F*****g Right)Drake Featuring Lil Wayne,2,73,62,20,2012-08-04,2012
https://www.billboard.com/charts/hot-100/2020-04-11,4/11/2020,60,Loyal,PARTYNEXTDOOR Featuring Drake,LoyalPARTYNEXTDOOR Featuring Drake,3,NA,60,3,2020-04-11,2020
http://www.billboard.com/charts/hot-100/2017-09-30,9/30/2017,97,No Complaints,Metro Boomin Featuring Offset & Drake,No ComplaintsMetro Boomin Featuring Offset & Drake,3,NA,97,4,2017-09-30,2017
http://www.billboard.com/charts/hot-100/2017-10-07,10/7/2017,100,No Complaints,Metro Boomin Featuring Offset & Drake,No ComplaintsMetro Boomin Featuring Offset & Drake,3,97,97,5,2017-10-07,2017
http://www.billboard.com/charts/hot-100/2017-06-10,6/10/2017,84,Gyalchester,Drake,GyalchesterDrake,3,NA,84,8,2017-06-10,2017
http://www.billboard.com/charts/hot-100/2017-06-17,6/17/2017,79,Gyalchester,Drake,GyalchesterDrake,3,84,79,9,2017-06-17,2017
http://www.billboard.com/charts/hot-100/2017-06-24,6/24/2017,91,Gyalchester,Drake,GyalchesterDrake,3,79,79,10,2017-06-24,2017
http://www.billboard.com/charts/hot-100/2017-07-01,7/1/2017,98,Gyalchester,Drake,GyalchesterDrake,3,91,79,11,2017-07-01,2017
http://www.billboard.com/charts/hot-100/2016-08-13,8/13/2016,78,Pop Style,Drake Featuring The Throne,Pop StyleDrake Featuring The Throne,1,72,16,17,2016-08-13,2016
http://www.billboard.com/charts/hot-100/2016-01-23,1/23/2016,78,Right Hand,Drake,Right HandDrake,1,66,58,17,2016-01-23,2016
http://www.billboard.com/charts/hot-100/2012-07-28,7/28/2012,87,Crew Love,Drake Featuring The Weeknd,Crew LoveDrake Featuring The Weeknd,1,89,80,17,2012-07-28,2012
http://www.billboard.com/charts/hot-100/2012-10-27,10/27/2012,93,Amen,Meek Mill Featuring Drake,AmenMeek Mill Featuring Drake,1,85,57,17,2012-10-27,2012
http://www.billboard.com/charts/hot-100/2016-08-20,8/20/2016,2,One Dance,Drake Featuring WizKid & Kyla,One DanceDrake Featuring WizKid & Kyla,1,3,1,18,2016-08-20,2016
http://www.billboard.com/charts/hot-100/2012-03-31,3/31/2012,8,Take Care,Drake Featuring Rihanna,Take CareDrake Featuring Rihanna,1,7,7,18,2012-03-31,2012
http://www.billboard.com/charts/hot-100/2009-09-19,9/19/2009,10,Best I Ever Had,Drake,Best I Ever HadDrake,1,7,2,18,2009-09-19,2009
http://www.billboard.com/charts/hot-100/2015-03-14,3/14/2015,18,Only,"Nicki Minaj Featuring Drake, Lil Wayne & Chris Brown","OnlyNicki Minaj Featuring Drake, Lil Wayne & Chris Brown",1,16,12,18,2015-03-14,2015
https://www.billboard.com/charts/hot-100/2018-11-10,11/10/2018,25,Nonstop,Drake,NonstopDrake,1,22,2,18,2018-11-10,2018
http://www.billboard.com/charts/hot-100/2016-09-17,9/17/2016,26,Controlla,Drake,ControllaDrake,1,24,16,18,2016-09-17,2016
http://www.billboard.com/charts/hot-100/2011-01-01,1/1/2011,28,Right Above It,Lil Wayne Featuring Drake,Right Above ItLil Wayne Featuring Drake,1,29,6,18,2011-01-01,2011
http://www.billboard.com/charts/hot-100/2013-06-22,6/22/2013,31,Started From The Bottom,Drake,Started From The BottomDrake,1,26,6,18,2013-06-22,2013
http://www.billboard.com/charts/hot-100/2013-03-09,3/9/2013,34,Poetic Justice,Kendrick Lamar Featuring Drake,Poetic JusticeKendrick Lamar Featuring Drake,1,49,34,18,2013-03-09,2013
http://www.billboard.com/charts/hot-100/2011-12-31,12/31/2011,35,She Will,Lil Wayne Featuring Drake,She WillLil Wayne Featuring Drake,1,36,3,18,2011-12-31,2011
http://www.billboard.com/charts/hot-100/2012-11-24,11/24/2012,40,Pop That,"French Montana Featuring Rick Ross, Drake, Lil Wayne","Pop ThatFrench Montana Featuring Rick Ross, Drake, Lil Wayne",1,40,36,18,2012-11-24,2012
http://www.billboard.com/charts/hot-100/2014-02-08,2/8/2014,44,All Me,Drake Featuring 2 Chainz & Big Sean,All MeDrake Featuring 2 Chainz & Big Sean,1,44,20,18,2014-02-08,2014
http://www.billboard.com/charts/hot-100/2015-06-20,6/20/2015,46,Blessings,Big Sean Featuring Drake,BlessingsBig Sean Featuring Drake,1,43,28,18,2015-06-20,2015
http://www.billboard.com/charts/hot-100/2010-07-24,7/24/2010,47,Over,Drake,OverDrake,1,43,14,18,2010-07-24,2010
http://www.billboard.com/charts/hot-100/2017-05-06,5/6/2017,48,Both,Gucci Mane Featuring Drake,BothGucci Mane Featuring Drake,1,44,41,18,2017-05-06,2017
http://www.billboard.com/charts/hot-100/2014-12-06,12/6/2014,59,0 To 100 / The Catch Up,Drake,0 To 100 / The Catch UpDrake,1,53,35,18,2014-12-06,2014
http://www.billboard.com/charts/hot-100/2010-05-22,5/22/2010,60,Say Something,Timbaland Featuring Drake,Say SomethingTimbaland Featuring Drake,1,42,23,18,2010-05-22,2010
http://www.billboard.com/charts/hot-100/2016-02-06,2/6/2016,63,Big Rings,Drake & Future,Big RingsDrake & Future,1,63,52,18,2016-02-06,2016
http://www.billboard.com/charts/hot-100/2014-10-11,10/11/2014,69,Believe Me,Lil Wayne Featuring Drake,Believe MeLil Wayne Featuring Drake,1,62,26,18,2014-10-11,2014
http://www.billboard.com/charts/hot-100/2015-12-19,12/19/2015,73,Back To Back,Drake,Back To BackDrake,1,67,21,18,2015-12-19,2015
http://www.billboard.com/charts/hot-100/2017-08-05,8/5/2017,74,Passionfruit,Drake,PassionfruitDrake,1,67,8,18,2017-08-05,2017
http://www.billboard.com/charts/hot-100/2016-08-20,8/20/2016,82,Pop Style,Drake Featuring The Throne,Pop StyleDrake Featuring The Throne,1,78,16,18,2016-08-20,2016
https://www.billboard.com/charts/hot-100/2020-11-28,11/28/2020,83,Popstar,DJ Khaled Featuring Drake,PopstarDJ Khaled Featuring Drake,1,64,3,18,2020-11-28,2020
http://www.billboard.com/charts/hot-100/2009-11-28,11/28/2009,85,Successful,Drake Featuring Trey Songz & Lil Wayne,SuccessfulDrake Featuring Trey Songz & Lil Wayne,1,75,17,18,2009-11-28,2009
http://www.billboard.com/charts/hot-100/2016-01-30,1/30/2016,91,Right Hand,Drake,Right HandDrake,1,78,58,18,2016-01-30,2016
http://www.billboard.com/charts/hot-100/2012-08-04,8/4/2012,91,Crew Love,Drake Featuring The Weeknd,Crew LoveDrake Featuring The Weeknd,1,87,80,18,2012-08-04,2012
http://www.billboard.com/charts/hot-100/2012-11-03,11/3/2012,99,Amen,Meek Mill Featuring Drake,AmenMeek Mill Featuring Drake,1,93,57,18,2012-11-03,2012
http://www.billboard.com/charts/hot-100/2016-08-27,8/27/2016,5,One Dance,Drake Featuring WizKid & Kyla,One DanceDrake Featuring WizKid & Kyla,1,2,1,19,2016-08-27,2016
http://www.billboard.com/charts/hot-100/2012-04-07,4/7/2012,9,Take Care,Drake Featuring Rihanna,Take CareDrake Featuring Rihanna,1,8,7,19,2012-04-07,2012
http://www.billboard.com/charts/hot-100/2009-09-26,9/26/2009,13,Best I Ever Had,Drake,Best I Ever HadDrake,1,10,2,19,2009-09-26,2009
http://www.billboard.com/charts/hot-100/2015-03-21,3/21/2015,23,Only,"Nicki Minaj Featuring Drake, Lil Wayne & Chris Brown","OnlyNicki Minaj Featuring Drake, Lil Wayne & Chris Brown",1,18,12,19,2015-03-21,2015
http://www.billboard.com/charts/hot-100/2011-01-08,1/8/2011,25,Right Above It,Lil Wayne Featuring Drake,Right Above ItLil Wayne Featuring Drake,1,28,6,19,2011-01-08,2011
http://www.billboard.com/charts/hot-100/2013-03-16,3/16/2013,26,Poetic Justice,Kendrick Lamar Featuring Drake,Poetic JusticeKendrick Lamar Featuring Drake,1,34,26,19,2013-03-16,2013
http://www.billboard.com/charts/hot-100/2016-09-24,9/24/2016,27,Controlla,Drake,ControllaDrake,1,26,16,19,2016-09-24,2016
https://www.billboard.com/charts/hot-100/2018-11-17,11/17/2018,28,Nonstop,Drake,NonstopDrake,1,25,2,19,2018-11-17,2018
http://www.billboard.com/charts/hot-100/2013-06-29,6/29/2013,35,Started From The Bottom,Drake,Started From The BottomDrake,1,31,6,19,2013-06-29,2013
http://www.billboard.com/charts/hot-100/2012-01-07,1/7/2012,36,She Will,Lil Wayne Featuring Drake,She WillLil Wayne Featuring Drake,1,35,3,19,2012-01-07,2012
http://www.billboard.com/charts/hot-100/2017-05-13,5/13/2017,43,Both,Gucci Mane Featuring Drake,BothGucci Mane Featuring Drake,1,48,41,19,2017-05-13,2017
http://www.billboard.com/charts/hot-100/2012-12-01,12/1/2012,44,Pop That,"French Montana Featuring Rick Ross, Drake, Lil Wayne","Pop ThatFrench Montana Featuring Rick Ross, Drake, Lil Wayne",1,40,36,19,2012-12-01,2012
http://www.billboard.com/charts/hot-100/2015-06-27,6/27/2015,46,Blessings,Big Sean Featuring Drake,BlessingsBig Sean Featuring Drake,1,46,28,19,2015-06-27,2015
http://www.billboard.com/charts/hot-100/2014-02-15,2/15/2014,53,All Me,Drake Featuring 2 Chainz & Big Sean,All MeDrake Featuring 2 Chainz & Big Sean,1,44,20,19,2014-02-15,2014
http://www.billboard.com/charts/hot-100/2010-07-31,7/31/2010,58,Over,Drake,OverDrake,1,47,14,19,2010-07-31,2010
http://www.billboard.com/charts/hot-100/2014-12-13,12/13/2014,63,0 To 100 / The Catch Up,Drake,0 To 100 / The Catch UpDrake,1,59,35,19,2014-12-13,2014
http://www.billboard.com/charts/hot-100/2015-12-26,12/26/2015,66,Back To Back,Drake,Back To BackDrake,1,73,21,19,2015-12-26,2015
http://www.billboard.com/charts/hot-100/2016-02-13,2/13/2016,71,Big Rings,Drake & Future,Big RingsDrake & Future,1,63,52,19,2016-02-13,2016
http://www.billboard.com/charts/hot-100/2010-05-29,5/29/2010,74,Say Something,Timbaland Featuring Drake,Say SomethingTimbaland Featuring Drake,1,60,23,19,2010-05-29,2010
http://www.billboard.com/charts/hot-100/2017-08-12,8/12/2017,80,Passionfruit,Drake,PassionfruitDrake,1,74,8,19,2017-08-12,2017
http://www.billboard.com/charts/hot-100/2014-10-18,10/18/2014,81,Believe Me,Lil Wayne Featuring Drake,Believe MeLil Wayne Featuring Drake,1,69,26,19,2014-10-18,2014
http://www.billboard.com/charts/hot-100/2016-08-27,8/27/2016,86,Pop Style,Drake Featuring The Throne,Pop StyleDrake Featuring The Throne,1,82,16,19,2016-08-27,2016
http://www.billboard.com/charts/hot-100/2016-02-06,2/6/2016,94,Right Hand,Drake,Right HandDrake,1,91,58,19,2016-02-06,2016
http://www.billboard.com/charts/hot-100/2012-08-11,8/11/2012,95,Crew Love,Drake Featuring The Weeknd,Crew LoveDrake Featuring The Weeknd,1,91,80,19,2012-08-11,2012
https://www.billboard.com/charts/hot-100/2020-12-05,12/5/2020,96,Popstar,DJ Khaled Featuring Drake,PopstarDJ Khaled Featuring Drake,1,83,3,19,2020-12-05,2020
http://www.billboard.com/charts/hot-100/2016-09-03,9/3/2016,7,One Dance,Drake Featuring WizKid & Kyla,One DanceDrake Featuring WizKid & Kyla,1,5,1,20,2016-09-03,2016
http://www.billboard.com/charts/hot-100/2016-07-09,7/9/2016,92,Why You Always Hatin?,YG Featuring Drake & Kamaiyah,Why You Always Hatin?YG Featuring Drake & Kamaiyah,1,NA,92,1,2016-07-09,2016
http://www.billboard.com/charts/hot-100/2016-07-16,7/16/2016,99,Why You Always Hatin?,YG Featuring Drake & Kamaiyah,Why You Always Hatin?YG Featuring Drake & Kamaiyah,1,92,92,2,2016-07-16,2016
http://www.billboard.com/charts/hot-100/2016-07-23,7/23/2016,91,Why You Always Hatin?,YG Featuring Drake & Kamaiyah,Why You Always Hatin?YG Featuring Drake & Kamaiyah,1,99,91,3,2016-07-23,2016
http://www.billboard.com/charts/hot-100/2016-07-30,7/30/2016,87,Why You Always Hatin?,YG Featuring Drake & Kamaiyah,Why You Always Hatin?YG Featuring Drake & Kamaiyah,1,91,87,4,2016-07-30,2016
http://www.billboard.com/charts/hot-100/2016-08-06,8/6/2016,87,Why You Always Hatin?,YG Featuring Drake & Kamaiyah,Why You Always Hatin?YG Featuring Drake & Kamaiyah,1,87,87,5,2016-08-06,2016
http://www.billboard.com/charts/hot-100/2016-08-13,8/13/2016,90,Why You Always Hatin?,YG Featuring Drake & Kamaiyah,Why You Always Hatin?YG Featuring Drake & Kamaiyah,1,87,87,6,2016-08-13,2016
http://www.billboard.com/charts/hot-100/2016-08-20,8/20/2016,94,Why You Always Hatin?,YG Featuring Drake & Kamaiyah,Why You Always Hatin?YG Featuring Drake & Kamaiyah,1,90,87,7,2016-08-20,2016
http://www.billboard.com/charts/hot-100/2016-08-27,8/27/2016,99,Why You Always Hatin?,YG Featuring Drake & Kamaiyah,Why You Always Hatin?YG Featuring Drake & Kamaiyah,1,94,87,8,2016-08-27,2016
http://www.billboard.com/charts/hot-100/2016-09-03,9/3/2016,71,Why You Always Hatin?,YG Featuring Drake & Kamaiyah,Why You Always Hatin?YG Featuring Drake & Kamaiyah,1,99,71,9,2016-09-03,2016
http://www.billboard.com/charts/hot-100/2016-09-10,9/10/2016,62,Why You Always Hatin?,YG Featuring Drake & Kamaiyah,Why You Always Hatin?YG Featuring Drake & Kamaiyah,1,71,62,10,2016-09-10,2016
http://www.billboard.com/charts/hot-100/2016-09-17,9/17/2016,66,Why You Always Hatin?,YG Featuring Drake & Kamaiyah,Why You Always Hatin?YG Featuring Drake & Kamaiyah,1,62,62,11,2016-09-17,2016
http://www.billboard.com/charts/hot-100/2016-09-24,9/24/2016,70,Why You Always Hatin?,YG Featuring Drake & Kamaiyah,Why You Always Hatin?YG Featuring Drake & Kamaiyah,1,66,62,12,2016-09-24,2016
http://www.billboard.com/charts/hot-100/2016-10-01,10/1/2016,77,Why You Always Hatin?,YG Featuring Drake & Kamaiyah,Why You Always Hatin?YG Featuring Drake & Kamaiyah,1,70,62,13,2016-10-01,2016
http://www.billboard.com/charts/hot-100/2016-10-08,10/8/2016,86,Why You Always Hatin?,YG Featuring Drake & Kamaiyah,Why You Always Hatin?YG Featuring Drake & Kamaiyah,1,77,62,14,2016-10-08,2016
http://www.billboard.com/charts/hot-100/2016-10-15,10/15/2016,90,Why You Always Hatin?,YG Featuring Drake & Kamaiyah,Why You Always Hatin?YG Featuring Drake & Kamaiyah,1,86,62,15,2016-10-15,2016
http://www.billboard.com/charts/hot-100/2016-10-22,10/22/2016,99,Why You Always Hatin?,YG Featuring Drake & Kamaiyah,Why You Always Hatin?YG Featuring Drake & Kamaiyah,1,90,62,16,2016-10-22,2016
http://www.billboard.com/charts/hot-100/2016-11-05,11/5/2016,88,Why You Always Hatin?,YG Featuring Drake & Kamaiyah,Why You Always Hatin?YG Featuring Drake & Kamaiyah,2,NA,88,17,2016-11-05,2016
http://www.billboard.com/charts/hot-100/2016-11-12,11/12/2016,91,Why You Always Hatin?,YG Featuring Drake & Kamaiyah,Why You Always Hatin?YG Featuring Drake & Kamaiyah,2,88,88,18,2016-11-12,2016
https://www.billboard.com/charts/hot-100/2018-05-26,5/26/2018,49,Yes Indeed,Lil Baby & Drake,Yes IndeedLil Baby & Drake,1,NA,49,1,2018-05-26,2018
https://www.billboard.com/charts/hot-100/2018-06-02,6/2/2018,6,Yes Indeed,Lil Baby & Drake,Yes IndeedLil Baby & Drake,1,49,6,2,2018-06-02,2018
https://www.billboard.com/charts/hot-100/2018-06-09,6/9/2018,6,Yes Indeed,Lil Baby & Drake,Yes IndeedLil Baby & Drake,1,6,6,3,2018-06-09,2018
https://www.billboard.com/charts/hot-100/2018-06-16,6/16/2018,15,Yes Indeed,Lil Baby & Drake,Yes IndeedLil Baby & Drake,1,6,6,4,2018-06-16,2018
https://www.billboard.com/charts/hot-100/2018-06-23,6/23/2018,11,Yes Indeed,Lil Baby & Drake,Yes IndeedLil Baby & Drake,1,15,6,5,2018-06-23,2018
https://www.billboard.com/charts/hot-100/2018-06-30,6/30/2018,12,Yes Indeed,Lil Baby & Drake,Yes IndeedLil Baby & Drake,1,11,6,6,2018-06-30,2018
https://www.billboard.com/charts/hot-100/2018-07-07,7/7/2018,11,Yes Indeed,Lil Baby & Drake,Yes IndeedLil Baby & Drake,1,12,6,7,2018-07-07,2018
https://www.billboard.com/charts/hot-100/2018-07-14,7/14/2018,26,Yes Indeed,Lil Baby & Drake,Yes IndeedLil Baby & Drake,1,11,6,8,2018-07-14,2018
https://www.billboard.com/charts/hot-100/2018-07-21,7/21/2018,17,Yes Indeed,Lil Baby & Drake,Yes IndeedLil Baby & Drake,1,26,6,9,2018-07-21,2018
https://www.billboard.com/charts/hot-100/2018-07-28,7/28/2018,16,Yes Indeed,Lil Baby & Drake,Yes IndeedLil Baby & Drake,1,17,6,10,2018-07-28,2018
https://www.billboard.com/charts/hot-100/2018-08-04,8/4/2018,14,Yes Indeed,Lil Baby & Drake,Yes IndeedLil Baby & Drake,1,16,6,11,2018-08-04,2018
https://www.billboard.com/charts/hot-100/2018-08-11,8/11/2018,14,Yes Indeed,Lil Baby & Drake,Yes IndeedLil Baby & Drake,1,14,6,12,2018-08-11,2018
https://www.billboard.com/charts/hot-100/2018-08-18,8/18/2018,18,Yes Indeed,Lil Baby & Drake,Yes IndeedLil Baby & Drake,1,14,6,13,2018-08-18,2018
https://www.billboard.com/charts/hot-100/2018-08-25,8/25/2018,15,Yes Indeed,Lil Baby & Drake,Yes IndeedLil Baby & Drake,1,18,6,14,2018-08-25,2018
https://www.billboard.com/charts/hot-100/2018-09-01,9/1/2018,14,Yes Indeed,Lil Baby & Drake,Yes IndeedLil Baby & Drake,1,15,6,15,2018-09-01,2018
https://www.billboard.com/charts/hot-100/2018-09-08,9/8/2018,16,Yes Indeed,Lil Baby & Drake,Yes IndeedLil Baby & Drake,1,14,6,16,2018-09-08,2018
https://www.billboard.com/charts/hot-100/2018-09-15,9/15/2018,21,Yes Indeed,Lil Baby & Drake,Yes IndeedLil Baby & Drake,1,16,6,17,2018-09-15,2018
https://www.billboard.com/charts/hot-100/2018-09-22,9/22/2018,20,Yes Indeed,Lil Baby & Drake,Yes IndeedLil Baby & Drake,1,21,6,18,2018-09-22,2018
https://www.billboard.com/charts/hot-100/2018-09-29,9/29/2018,19,Yes Indeed,Lil Baby & Drake,Yes IndeedLil Baby & Drake,1,20,6,19,2018-09-29,2018
https://www.billboard.com/charts/hot-100/2018-10-06,10/6/2018,22,Yes Indeed,Lil Baby & Drake,Yes IndeedLil Baby & Drake,1,19,6,20,2018-10-06,2018
https://www.billboard.com/charts/hot-100/2018-10-13,10/13/2018,31,Yes Indeed,Lil Baby & Drake,Yes IndeedLil Baby & Drake,1,22,6,21,2018-10-13,2018
https://www.billboard.com/charts/hot-100/2018-10-20,10/20/2018,26,Yes Indeed,Lil Baby & Drake,Yes IndeedLil Baby & Drake,1,31,6,22,2018-10-20,2018
https://www.billboard.com/charts/hot-100/2018-10-27,10/27/2018,28,Yes Indeed,Lil Baby & Drake,Yes IndeedLil Baby & Drake,1,26,6,23,2018-10-27,2018
https://www.billboard.com/charts/hot-100/2018-11-03,11/3/2018,27,Yes Indeed,Lil Baby & Drake,Yes IndeedLil Baby & Drake,1,28,6,24,2018-11-03,2018
https://www.billboard.com/charts/hot-100/2018-11-10,11/10/2018,30,Yes Indeed,Lil Baby & Drake,Yes IndeedLil Baby & Drake,1,27,6,25,2018-11-10,2018
https://www.billboard.com/charts/hot-100/2018-11-17,11/17/2018,30,Yes Indeed,Lil Baby & Drake,Yes IndeedLil Baby & Drake,1,30,6,26,2018-11-17,2018
https://www.billboard.com/charts/hot-100/2018-11-24,11/24/2018,30,Yes Indeed,Lil Baby & Drake,Yes IndeedLil Baby & Drake,1,30,6,27,2018-11-24,2018
https://www.billboard.com/charts/hot-100/2018-12-01,12/1/2018,31,Yes Indeed,Lil Baby & Drake,Yes IndeedLil Baby & Drake,1,30,6,28,2018-12-01,2018
https://www.billboard.com/charts/hot-100/2018-12-08,12/8/2018,44,Yes Indeed,Lil Baby & Drake,Yes IndeedLil Baby & Drake,1,31,6,29,2018-12-08,2018
http://www.billboard.com/charts/hot-100/2016-12-24,12/24/2016,47,One Dance,Drake Featuring WizKid & Kyla,One DanceDrake Featuring WizKid & Kyla,1,45,1,36,2016-12-24,2016
http://www.billboard.com/charts/hot-100/2016-06-04,6/4/2016,83,Redemption,Drake,RedemptionDrake,2,NA,83,2,2016-06-04,2016
http://www.billboard.com/charts/hot-100/2012-10-27,10/27/2012,88,Diced Pineapples,Rick Ross Featuring Wale & Drake,Diced PineapplesRick Ross Featuring Wale & Drake,2,NA,88,2,2012-10-27,2012
http://www.billboard.com/charts/hot-100/2010-10-23,10/23/2010,96,Aston Martin Music,Rick Ross Featuring Drake & Chrisette Michele,Aston Martin MusicRick Ross Featuring Drake & Chrisette Michele,2,NA,96,2,2010-10-23,2010
http://www.billboard.com/charts/hot-100/2010-04-10,4/10/2010,97,4 My Town (Play Ball),Birdman Featuring Drake & Lil Wayne,4 My Town (Play Ball)Birdman Featuring Drake & Lil Wayne,2,NA,97,2,2010-04-10,2010
http://www.billboard.com/charts/hot-100/2010-10-30,10/30/2010,66,Aston Martin Music,Rick Ross Featuring Drake & Chrisette Michele,Aston Martin MusicRick Ross Featuring Drake & Chrisette Michele,2,96,66,3,2010-10-30,2010
http://www.billboard.com/charts/hot-100/2012-11-03,11/3/2012,87,Diced Pineapples,Rick Ross Featuring Wale & Drake,Diced PineapplesRick Ross Featuring Wale & Drake,2,88,87,3,2012-11-03,2012
http://www.billboard.com/charts/hot-100/2016-06-11,6/11/2016,95,Redemption,Drake,RedemptionDrake,2,83,83,3,2016-06-11,2016
http://www.billboard.com/charts/hot-100/2012-01-21,1/21/2012,97,Round Of Applause,Waka Flocka Flame Featuring Drake,Round Of ApplauseWaka Flocka Flame Featuring Drake,2,NA,97,3,2012-01-21,2012
http://www.billboard.com/charts/hot-100/2016-08-06,8/6/2016,98,Come And See Me,PARTYNEXTDOOR Featuring Drake,Come And See MePARTYNEXTDOOR Featuring Drake,2,NA,98,3,2016-08-06,2016
http://www.billboard.com/charts/hot-100/2010-11-06,11/6/2010,50,Aston Martin Music,Rick Ross Featuring Drake & Chrisette Michele,Aston Martin MusicRick Ross Featuring Drake & Chrisette Michele,2,66,50,4,2010-11-06,2010
http://www.billboard.com/charts/hot-100/2012-11-10,11/10/2012,84,Diced Pineapples,Rick Ross Featuring Wale & Drake,Diced PineapplesRick Ross Featuring Wale & Drake,2,87,84,4,2012-11-10,2012
http://www.billboard.com/charts/hot-100/2012-01-28,1/28/2012,89,Round Of Applause,Waka Flocka Flame Featuring Drake,Round Of ApplauseWaka Flocka Flame Featuring Drake,2,97,89,4,2012-01-28,2012
http://www.billboard.com/charts/hot-100/2016-08-13,8/13/2016,96,Come And See Me,PARTYNEXTDOOR Featuring Drake,Come And See MePARTYNEXTDOOR Featuring Drake,2,98,96,4,2016-08-13,2016
http://www.billboard.com/charts/hot-100/2010-11-13,11/13/2010,48,Aston Martin Music,Rick Ross Featuring Drake & Chrisette Michele,Aston Martin MusicRick Ross Featuring Drake & Chrisette Michele,2,50,48,5,2010-11-13,2010
http://www.billboard.com/charts/hot-100/2012-11-17,11/17/2012,82,Diced Pineapples,Rick Ross Featuring Wale & Drake,Diced PineapplesRick Ross Featuring Wale & Drake,2,84,82,5,2012-11-17,2012
http://www.billboard.com/charts/hot-100/2012-02-04,2/4/2012,92,Round Of Applause,Waka Flocka Flame Featuring Drake,Round Of ApplauseWaka Flocka Flame Featuring Drake,2,89,89,5,2012-02-04,2012
http://www.billboard.com/charts/hot-100/2016-08-20,8/20/2016,99,Come And See Me,PARTYNEXTDOOR Featuring Drake,Come And See MePARTYNEXTDOOR Featuring Drake,2,96,96,5,2016-08-20,2016
http://www.billboard.com/charts/hot-100/2010-11-20,11/20/2010,37,Aston Martin Music,Rick Ross Featuring Drake & Chrisette Michele,Aston Martin MusicRick Ross Featuring Drake & Chrisette Michele,2,48,37,6,2010-11-20,2010
http://www.billboard.com/charts/hot-100/2012-11-24,11/24/2012,74,Diced Pineapples,Rick Ross Featuring Wale & Drake,Diced PineapplesRick Ross Featuring Wale & Drake,2,82,74,6,2012-11-24,2012
http://www.billboard.com/charts/hot-100/2016-08-27,8/27/2016,88,Come And See Me,PARTYNEXTDOOR Featuring Drake,Come And See MePARTYNEXTDOOR Featuring Drake,2,99,88,6,2016-08-27,2016
http://www.billboard.com/charts/hot-100/2012-02-11,2/11/2012,89,Round Of Applause,Waka Flocka Flame Featuring Drake,Round Of ApplauseWaka Flocka Flame Featuring Drake,2,92,89,6,2012-02-11,2012
http://www.billboard.com/charts/hot-100/2010-11-27,11/27/2010,35,Aston Martin Music,Rick Ross Featuring Drake & Chrisette Michele,Aston Martin MusicRick Ross Featuring Drake & Chrisette Michele,2,37,35,7,2010-11-27,2010
http://www.billboard.com/charts/hot-100/2016-09-03,9/3/2016,65,Come And See Me,PARTYNEXTDOOR Featuring Drake,Come And See MePARTYNEXTDOOR Featuring Drake,2,88,65,7,2016-09-03,2016
http://www.billboard.com/charts/hot-100/2012-12-01,12/1/2012,79,Diced Pineapples,Rick Ross Featuring Wale & Drake,Diced PineapplesRick Ross Featuring Wale & Drake,2,74,74,7,2012-12-01,2012
http://www.billboard.com/charts/hot-100/2012-02-18,2/18/2012,95,Round Of Applause,Waka Flocka Flame Featuring Drake,Round Of ApplauseWaka Flocka Flame Featuring Drake,2,89,89,7,2012-02-18,2012
http://www.billboard.com/charts/hot-100/2013-11-30,11/30/2013,96,Pound Cake / Paris Morton Music 2,Drake Featuring Jay Z,Pound Cake / Paris Morton Music 2Drake Featuring Jay Z,2,NA,96,7,2013-11-30,2013
http://www.billboard.com/charts/hot-100/2010-12-04,12/4/2010,37,Aston Martin Music,Rick Ross Featuring Drake & Chrisette Michele,Aston Martin MusicRick Ross Featuring Drake & Chrisette Michele,2,35,35,8,2010-12-04,2010
http://www.billboard.com/charts/hot-100/2016-09-10,9/10/2016,78,Come And See Me,PARTYNEXTDOOR Featuring Drake,Come And See MePARTYNEXTDOOR Featuring Drake,2,65,65,8,2016-09-10,2016
http://www.billboard.com/charts/hot-100/2012-12-08,12/8/2012,80,Diced Pineapples,Rick Ross Featuring Wale & Drake,Diced PineapplesRick Ross Featuring Wale & Drake,2,79,74,8,2012-12-08,2012
http://www.billboard.com/charts/hot-100/2015-10-31,10/31/2015,82,100,The Game Featuring Drake,100The Game Featuring Drake,2,NA,82,8,2015-10-31,2015
http://www.billboard.com/charts/hot-100/2012-02-25,2/25/2012,98,Round Of Applause,Waka Flocka Flame Featuring Drake,Round Of ApplauseWaka Flocka Flame Featuring Drake,2,95,89,8,2012-02-25,2012
http://www.billboard.com/charts/hot-100/2010-12-11,12/11/2010,38,Aston Martin Music,Rick Ross Featuring Drake & Chrisette Michele,Aston Martin MusicRick Ross Featuring Drake & Chrisette Michele,2,37,35,9,2010-12-11,2010
http://www.billboard.com/charts/hot-100/2012-12-15,12/15/2012,76,Diced Pineapples,Rick Ross Featuring Wale & Drake,Diced PineapplesRick Ross Featuring Wale & Drake,2,80,74,9,2012-12-15,2012
http://www.billboard.com/charts/hot-100/2016-09-17,9/17/2016,81,Come And See Me,PARTYNEXTDOOR Featuring Drake,Come And See MePARTYNEXTDOOR Featuring Drake,2,78,65,9,2016-09-17,2016
http://www.billboard.com/charts/hot-100/2015-11-07,11/7/2015,88,100,The Game Featuring Drake,100The Game Featuring Drake,2,82,82,9,2015-11-07,2015
http://www.billboard.com/charts/hot-100/2011-01-29,1/29/2011,46,Aston Martin Music,Rick Ross Featuring Drake & Chrisette Michele,Aston Martin MusicRick Ross Featuring Drake & Chrisette Michele,2,37,30,16,2011-01-29,2011
http://www.billboard.com/charts/hot-100/2016-11-05,11/5/2016,60,Come And See Me,PARTYNEXTDOOR Featuring Drake,Come And See MePARTYNEXTDOOR Featuring Drake,2,62,60,16,2016-11-05,2016
http://www.billboard.com/charts/hot-100/2013-02-02,2/2/2013,99,Diced Pineapples,Rick Ross Featuring Wale & Drake,Diced PineapplesRick Ross Featuring Wale & Drake,2,86,71,16,2013-02-02,2013
http://www.billboard.com/charts/hot-100/2011-02-05,2/5/2011,47,Aston Martin Music,Rick Ross Featuring Drake & Chrisette Michele,Aston Martin MusicRick Ross Featuring Drake & Chrisette Michele,2,46,30,17,2011-02-05,2011
http://www.billboard.com/charts/hot-100/2016-11-12,11/12/2016,61,Come And See Me,PARTYNEXTDOOR Featuring Drake,Come And See MePARTYNEXTDOOR Featuring Drake,2,60,60,17,2016-11-12,2016
http://www.billboard.com/charts/hot-100/2011-02-12,2/12/2011,47,Aston Martin Music,Rick Ross Featuring Drake & Chrisette Michele,Aston Martin MusicRick Ross Featuring Drake & Chrisette Michele,2,47,30,18,2011-02-12,2011
http://www.billboard.com/charts/hot-100/2016-11-19,11/19/2016,63,Come And See Me,PARTYNEXTDOOR Featuring Drake,Come And See MePARTYNEXTDOOR Featuring Drake,2,61,60,18,2016-11-19,2016
http://www.billboard.com/charts/hot-100/2011-02-19,2/19/2011,54,Aston Martin Music,Rick Ross Featuring Drake & Chrisette Michele,Aston Martin MusicRick Ross Featuring Drake & Chrisette Michele,2,47,30,19,2011-02-19,2011
http://www.billboard.com/charts/hot-100/2016-11-26,11/26/2016,56,Come And See Me,PARTYNEXTDOOR Featuring Drake,Come And See MePARTYNEXTDOOR Featuring Drake,2,63,56,19,2016-11-26,2016
http://www.billboard.com/charts/hot-100/2016-12-03,12/3/2016,55,Come And See Me,PARTYNEXTDOOR Featuring Drake,Come And See MePARTYNEXTDOOR Featuring Drake,2,56,55,20,2016-12-03,2016
http://www.billboard.com/charts/hot-100/2011-02-26,2/26/2011,72,Aston Martin Music,Rick Ross Featuring Drake & Chrisette Michele,Aston Martin MusicRick Ross Featuring Drake & Chrisette Michele,2,54,30,20,2011-02-26,2011
http://www.billboard.com/charts/hot-100/2016-12-10,12/10/2016,56,Come And See Me,PARTYNEXTDOOR Featuring Drake,Come And See MePARTYNEXTDOOR Featuring Drake,2,55,55,21,2016-12-10,2016
http://www.billboard.com/charts/hot-100/2016-12-17,12/17/2016,60,Come And See Me,PARTYNEXTDOOR Featuring Drake,Come And See MePARTYNEXTDOOR Featuring Drake,2,56,55,22,2016-12-17,2016
http://www.billboard.com/charts/hot-100/2016-12-24,12/24/2016,56,Come And See Me,PARTYNEXTDOOR Featuring Drake,Come And See MePARTYNEXTDOOR Featuring Drake,2,60,55,23,2016-12-24,2016
http://www.billboard.com/charts/hot-100/2016-12-31,12/31/2016,63,Come And See Me,PARTYNEXTDOOR Featuring Drake,Come And See MePARTYNEXTDOOR Featuring Drake,2,56,55,24,2016-12-31,2016
http://www.billboard.com/charts/hot-100/2010-04-24,4/24/2010,98,4 My Town (Play Ball),Birdman Featuring Drake & Lil Wayne,4 My Town (Play Ball)Birdman Featuring Drake & Lil Wayne,3,NA,98,3,2010-04-24,2010
http://www.billboard.com/charts/hot-100/2013-12-14,12/14/2013,98,Pound Cake / Paris Morton Music 2,Drake Featuring Jay Z,Pound Cake / Paris Morton Music 2Drake Featuring Jay Z,3,NA,98,8,2013-12-14,2013
http://www.billboard.com/charts/hot-100/2013-12-21,12/21/2013,94,Pound Cake / Paris Morton Music 2,Drake Featuring Jay Z,Pound Cake / Paris Morton Music 2Drake Featuring Jay Z,3,98,94,9,2013-12-21,2013
http://www.billboard.com/charts/hot-100/2013-12-28,12/28/2013,98,Pound Cake / Paris Morton Music 2,Drake Featuring Jay Z,Pound Cake / Paris Morton Music 2Drake Featuring Jay Z,3,94,94,10,2013-12-28,2013
http://www.billboard.com/charts/hot-100/2013-06-29,6/29/2013,45,No New Friends (SFTB Remix),"DJ Khaled Featuring Drake, Rick Ross & Lil Wayne","No New Friends (SFTB Remix)DJ Khaled Featuring Drake, Rick Ross & Lil Wayne",1,57,45,8,2013-06-29,2013
http://www.billboard.com/charts/hot-100/2011-02-12,2/12/2011,51,Fall For Your Type,Jamie Foxx Featuring Drake,Fall For Your TypeJamie Foxx Featuring Drake,1,54,51,8,2011-02-12,2011
http://www.billboard.com/charts/hot-100/2015-04-25,4/25/2015,53,Know Yourself,Drake,Know YourselfDrake,1,59,53,8,2015-04-25,2015
http://www.billboard.com/charts/hot-100/2016-09-17,9/17/2016,22,For Free,DJ Khaled Featuring Drake,For FreeDJ Khaled Featuring Drake,1,18,13,13,2016-09-17,2016
http://www.billboard.com/charts/hot-100/2012-08-18,8/18/2012,26,No Lie,2 Chainz Featuring Drake,No Lie2 Chainz Featuring Drake,1,27,26,13,2012-08-18,2012
http://www.billboard.com/charts/hot-100/2012-01-21,1/21/2012,31,Make Me Proud,Drake Featuring Nicki Minaj,Make Me ProudDrake Featuring Nicki Minaj,1,34,9,13,2012-01-21,2012
http://www.billboard.com/charts/hot-100/2010-01-16,1/16/2010,36,Money To Blow,Birdman Featuring Lil Wayne & Drake,Money To BlowBirdman Featuring Lil Wayne & Drake,1,33,26,13,2010-01-16,2010
http://www.billboard.com/charts/hot-100/2010-09-11,9/11/2010,39,Miss Me,Drake Featuring Lil Wayne,Miss MeDrake Featuring Lil Wayne,1,40,15,13,2010-09-11,2010
http://www.billboard.com/charts/hot-100/2013-08-03,8/3/2013,53,No New Friends (SFTB Remix),"DJ Khaled Featuring Drake, Rick Ross & Lil Wayne","No New Friends (SFTB Remix)DJ Khaled Featuring Drake, Rick Ross & Lil Wayne",1,49,37,13,2013-08-03,2013
http://www.billboard.com/charts/hot-100/2011-10-29,10/29/2011,61,Marvins Room,Drake,Marvins RoomDrake,1,59,21,13,2011-10-29,2011
http://www.billboard.com/charts/hot-100/2011-03-19,3/19/2011,61,Fall For Your Type,Jamie Foxx Featuring Drake,Fall For Your TypeJamie Foxx Featuring Drake,1,59,50,13,2011-03-19,2011
https://www.billboard.com/charts/hot-100/2021-01-09,1/9/2021,64,Mr. Right Now,21 Savage & Metro Boomin Featuring Drake,Mr. Right Now21 Savage & Metro Boomin Featuring Drake,1,72,10,13,2021-01-09,2021
http://www.billboard.com/charts/hot-100/2010-01-30,1/30/2010,65,I Invented Sex,Trey Songz Featuring Drake,I Invented SexTrey Songz Featuring Drake,1,54,42,13,2010-01-30,2010
https://www.billboard.com/charts/hot-100/2018-09-01,9/1/2018,70,I'm Upset,Drake,I'm UpsetDrake,1,74,7,13,2018-09-01,2018
https://www.billboard.com/charts/hot-100/2020-10-24,10/24/2020,71,Greece,DJ Khaled Featuring Drake,GreeceDJ Khaled Featuring Drake,1,88,8,13,2020-10-24,2020
http://www.billboard.com/charts/hot-100/2015-05-23,5/23/2015,71,Energy,Drake,EnergyDrake,1,67,26,13,2015-05-23,2015
https://www.billboard.com/charts/hot-100/2018-12-29,12/29/2018,73,No Stylist,French Montana Featuring Drake,No StylistFrench Montana Featuring Drake,1,85,47,13,2018-12-29,2018
http://www.billboard.com/charts/hot-100/2015-05-30,5/30/2015,75,Know Yourself,Drake,Know YourselfDrake,1,68,53,13,2015-05-30,2015
https://www.billboard.com/charts/hot-100/2019-06-01,6/1/2019,82,Girls Need Love,Summer Walker X Drake,Girls Need LoveSummer Walker X Drake,1,72,37,13,2019-06-01,2019
http://www.billboard.com/charts/hot-100/2009-12-26,12/26/2009,96,I'm Going In,Drake Featuring Lil Wayne & Young Jeezy,I'm Going InDrake Featuring Lil Wayne & Young Jeezy,1,84,40,13,2009-12-26,2009
https://www.billboard.com/charts/hot-100/2018-05-05,5/5/2018,2,God's Plan,Drake,God's PlanDrake,1,2,1,14,2018-05-05,2018
http://www.billboard.com/charts/hot-100/2015-11-21,11/21/2015,2,Hotline Bling,Drake,Hotline BlingDrake,1,3,2,14,2015-11-21,2015
https://www.billboard.com/charts/hot-100/2018-07-21,7/21/2018,4,Nice For What,Drake,Nice For WhatDrake,1,1,1,14,2018-07-21,2018
https://www.billboard.com/charts/hot-100/2020-11-28,11/28/2020,5,Laugh Now Cry Later,Drake Featuring Lil Durk,Laugh Now Cry LaterDrake Featuring Lil Durk,1,4,2,14,2020-11-28,2020
http://www.billboard.com/charts/hot-100/2013-11-23,11/23/2013,6,"Hold On, We're Going Home",Drake Featuring Majid Jordan,"Hold On, We're Going HomeDrake Featuring Majid Jordan",1,7,4,14,2013-11-23,2013
https://www.billboard.com/charts/hot-100/2019-09-21,9/21/2019,7,No Guidance,Chris Brown Featuring Drake,No GuidanceChris Brown Featuring Drake,1,6,6,14,2019-09-21,2019
https://www.billboard.com/charts/hot-100/2020-04-25,4/25/2020,8,Life Is Good,Future Featuring Drake,Life Is GoodFuture Featuring Drake,1,5,2,14,2020-04-25,2020
https://www.billboard.com/charts/hot-100/2018-05-26,5/26/2018,8,Look Alive,BlocBoy JB Featuring Drake,Look AliveBlocBoy JB Featuring Drake,1,7,5,14,2018-05-26,2018
http://www.billboard.com/charts/hot-100/2013-02-16,2/16/2013,8,F**kin Problems,"A$AP Rocky Featuring Drake, 2 Chainz & Kendrick Lamar","F**kin ProblemsA$AP Rocky Featuring Drake, 2 Chainz & Kendrick Lamar",1,10,8,14,2013-02-16,2013
https://www.billboard.com/charts/hot-100/2018-10-13,10/13/2018,9,In My Feelings,Drake,In My FeelingsDrake,1,4,1,14,2018-10-13,2018
http://www.billboard.com/charts/hot-100/2017-02-11,2/11/2017,9,Fake Love,Drake,Fake LoveDrake,1,11,9,14,2017-02-11,2017
http://www.billboard.com/charts/hot-100/2010-08-21,8/21/2010,12,Find Your Love,Drake,Find Your LoveDrake,1,12,5,14,2010-08-21,2010
http://www.billboard.com/charts/hot-100/2016-01-09,1/9/2016,12,Jumpman,Drake & Future,JumpmanDrake & Future,1,13,12,14,2016-01-09,2016
https://www.billboard.com/charts/hot-100/2019-03-16,3/16/2019,16,Going Bad,Meek Mill Featuring Drake,Going BadMeek Mill Featuring Drake,1,16,6,14,2019-03-16,2019
http://www.billboard.com/charts/hot-100/2010-01-02,1/2/2010,16,Forever,"Drake Featuring Kanye West, Lil Wayne & Eminem","ForeverDrake Featuring Kanye West, Lil Wayne & Eminem",1,14,8,14,2010-01-02,2010
http://www.billboard.com/charts/hot-100/2013-05-04,5/4/2013,16,Love Me,Lil Wayne Featuring Drake & Future,Love MeLil Wayne Featuring Drake & Future,1,15,9,14,2013-05-04,2013
http://www.billboard.com/charts/hot-100/2011-11-26,11/26/2011,16,Headlines,Drake,HeadlinesDrake,1,14,13,14,2011-11-26,2011
https://www.billboard.com/charts/hot-100/2019-09-28,9/28/2019,18,Money In The Grave,Drake Featuring Rick Ross,Money In The GraveDrake Featuring Rick Ross,1,21,7,14,2019-09-28,2019
http://www.billboard.com/charts/hot-100/2011-09-03,9/3/2011,18,I'm On One,"DJ Khaled Featuring Drake, Rick Ross & Lil Wayne","I'm On OneDJ Khaled Featuring Drake, Rick Ross & Lil Wayne",1,16,10,14,2011-09-03,2011
http://www.billboard.com/charts/hot-100/2011-04-02,4/2/2011,18,Moment 4 Life,Nicki Minaj Featuring Drake,Moment 4 LifeNicki Minaj Featuring Drake,1,17,13,14,2011-04-02,2011
https://www.billboard.com/charts/hot-100/2019-01-26,1/26/2019,20,MIA,Bad Bunny Featuring Drake,MIABad Bunny Featuring Drake,1,20,5,14,2019-01-26,2019
http://www.billboard.com/charts/hot-100/2016-09-24,9/24/2016,23,For Free,DJ Khaled Featuring Drake,For FreeDJ Khaled Featuring Drake,1,22,13,14,2016-09-24,2016
http://www.billboard.com/charts/hot-100/2012-08-25,8/25/2012,26,No Lie,2 Chainz Featuring Drake,No Lie2 Chainz Featuring Drake,1,26,26,14,2012-08-25,2012
http://www.billboard.com/charts/hot-100/2012-01-28,1/28/2012,31,Make Me Proud,Drake Featuring Nicki Minaj,Make Me ProudDrake Featuring Nicki Minaj,1,31,9,14,2012-01-28,2012
http://www.billboard.com/charts/hot-100/2010-01-23,1/23/2010,38,Money To Blow,Birdman Featuring Lil Wayne & Drake,Money To BlowBirdman Featuring Lil Wayne & Drake,1,36,26,14,2010-01-23,2010
http://www.billboard.com/charts/hot-100/2010-09-18,9/18/2010,39,Miss Me,Drake Featuring Lil Wayne,Miss MeDrake Featuring Lil Wayne,1,39,15,14,2010-09-18,2010
https://www.billboard.com/charts/hot-100/2021-01-16,1/16/2021,55,Mr. Right Now,21 Savage & Metro Boomin Featuring Drake,Mr. Right Now21 Savage & Metro Boomin Featuring Drake,1,64,10,14,2021-01-16,2021
http://www.billboard.com/charts/hot-100/2011-11-05,11/5/2011,60,Marvins Room,Drake,Marvins RoomDrake,1,61,21,14,2011-11-05,2011
http://www.billboard.com/charts/hot-100/2013-08-10,8/10/2013,63,No New Friends (SFTB Remix),"DJ Khaled Featuring Drake, Rick Ross & Lil Wayne","No New Friends (SFTB Remix)DJ Khaled Featuring Drake, Rick Ross & Lil Wayne",1,53,37,14,2013-08-10,2013
http://www.billboard.com/charts/hot-100/2011-03-26,3/26/2011,69,Fall For Your Type,Jamie Foxx Featuring Drake,Fall For Your TypeJamie Foxx Featuring Drake,1,61,50,14,2011-03-26,2011
http://www.billboard.com/charts/hot-100/2010-02-06,2/6/2010,70,I Invented Sex,Trey Songz Featuring Drake,I Invented SexTrey Songz Featuring Drake,1,65,42,14,2010-02-06,2010
https://www.billboard.com/charts/hot-100/2020-10-31,10/31/2020,76,Greece,DJ Khaled Featuring Drake,GreeceDJ Khaled Featuring Drake,1,71,8,14,2020-10-31,2020
https://www.billboard.com/charts/hot-100/2018-09-08,9/8/2018,77,I'm Upset,Drake,I'm UpsetDrake,1,70,7,14,2018-09-08,2018
http://www.billboard.com/charts/hot-100/2015-05-30,5/30/2015,78,Energy,Drake,EnergyDrake,1,71,26,14,2015-05-30,2015
https://www.billboard.com/charts/hot-100/2019-06-08,6/8/2019,79,Girls Need Love,Summer Walker X Drake,Girls Need LoveSummer Walker X Drake,1,82,37,14,2019-06-08,2019
http://www.billboard.com/charts/hot-100/2015-06-06,6/6/2015,79,Know Yourself,Drake,Know YourselfDrake,1,75,53,14,2015-06-06,2015
https://www.billboard.com/charts/hot-100/2019-01-05,1/5/2019,90,No Stylist,French Montana Featuring Drake,No StylistFrench Montana Featuring Drake,1,73,47,14,2019-01-05,2019
http://www.billboard.com/charts/hot-100/2010-01-02,1/2/2010,97,I'm Going In,Drake Featuring Lil Wayne & Young Jeezy,I'm Going InDrake Featuring Lil Wayne & Young Jeezy,1,96,40,14,2010-01-02,2010
http://www.billboard.com/charts/hot-100/2015-11-28,11/28/2015,2,Hotline Bling,Drake,Hotline BlingDrake,1,2,2,15,2015-11-28,2015
https://www.billboard.com/charts/hot-100/2018-05-12,5/12/2018,3,God's Plan,Drake,God's PlanDrake,1,2,1,15,2018-05-12,2018
https://www.billboard.com/charts/hot-100/2018-07-28,7/28/2018,4,Nice For What,Drake,Nice For WhatDrake,1,4,1,15,2018-07-28,2018
https://www.billboard.com/charts/hot-100/2020-12-05,12/5/2020,7,Laugh Now Cry Later,Drake Featuring Lil Durk,Laugh Now Cry LaterDrake Featuring Lil Durk,1,5,2,15,2020-12-05,2020
https://www.billboard.com/charts/hot-100/2019-09-28,9/28/2019,7,No Guidance,Chris Brown Featuring Drake,No GuidanceChris Brown Featuring Drake,1,7,6,15,2019-09-28,2019
http://www.billboard.com/charts/hot-100/2013-11-30,11/30/2013,8,"Hold On, We're Going Home",Drake Featuring Majid Jordan,"Hold On, We're Going HomeDrake Featuring Majid Jordan",1,6,4,15,2013-11-30,2013
http://www.billboard.com/charts/hot-100/2017-02-18,2/18/2017,8,Fake Love,Drake,Fake LoveDrake,1,9,8,15,2017-02-18,2017
https://www.billboard.com/charts/hot-100/2020-05-02,5/2/2020,10,Life Is Good,Future Featuring Drake,Life Is GoodFuture Featuring Drake,1,8,2,15,2020-05-02,2020
https://www.billboard.com/charts/hot-100/2018-10-20,10/20/2018,11,In My Feelings,Drake,In My FeelingsDrake,1,9,1,15,2018-10-20,2018
http://www.billboard.com/charts/hot-100/2013-02-23,2/23/2013,11,F**kin Problems,"A$AP Rocky Featuring Drake, 2 Chainz & Kendrick Lamar","F**kin ProblemsA$AP Rocky Featuring Drake, 2 Chainz & Kendrick Lamar",1,8,8,15,2013-02-23,2013
https://www.billboard.com/charts/hot-100/2018-06-02,6/2/2018,12,Look Alive,BlocBoy JB Featuring Drake,Look AliveBlocBoy JB Featuring Drake,1,8,5,15,2018-06-02,2018
http://www.billboard.com/charts/hot-100/2010-08-28,8/28/2010,13,Find Your Love,Drake,Find Your LoveDrake,1,12,5,15,2010-08-28,2010
http://www.billboard.com/charts/hot-100/2016-01-16,1/16/2016,13,Jumpman,Drake & Future,JumpmanDrake & Future,1,12,12,15,2016-01-16,2016
https://www.billboard.com/charts/hot-100/2019-03-23,3/23/2019,14,Going Bad,Meek Mill Featuring Drake,Going BadMeek Mill Featuring Drake,1,16,6,15,2019-03-23,2019
http://www.billboard.com/charts/hot-100/2011-04-09,4/9/2011,15,Moment 4 Life,Nicki Minaj Featuring Drake,Moment 4 LifeNicki Minaj Featuring Drake,1,18,13,15,2011-04-09,2011
https://www.billboard.com/charts/hot-100/2019-10-05,10/5/2019,16,Money In The Grave,Drake Featuring Rick Ross,Money In The GraveDrake Featuring Rick Ross,1,18,7,15,2019-10-05,2019
http://www.billboard.com/charts/hot-100/2010-01-09,1/9/2010,16,Forever,"Drake Featuring Kanye West, Lil Wayne & Eminem","ForeverDrake Featuring Kanye West, Lil Wayne & Eminem",1,16,8,15,2010-01-09,2010
http://www.billboard.com/charts/hot-100/2013-05-11,5/11/2013,16,Love Me,Lil Wayne Featuring Drake & Future,Love MeLil Wayne Featuring Drake & Future,1,16,9,15,2013-05-11,2013
https://www.billboard.com/charts/hot-100/2019-02-02,2/2/2019,19,MIA,Bad Bunny Featuring Drake,MIABad Bunny Featuring Drake,1,20,5,15,2019-02-02,2019
http://www.billboard.com/charts/hot-100/2011-09-10,9/10/2011,20,I'm On One,"DJ Khaled Featuring Drake, Rick Ross & Lil Wayne","I'm On OneDJ Khaled Featuring Drake, Rick Ross & Lil Wayne",1,18,10,15,2011-09-10,2011
http://www.billboard.com/charts/hot-100/2016-10-01,10/1/2016,27,For Free,DJ Khaled Featuring Drake,For FreeDJ Khaled Featuring Drake,1,23,13,15,2016-10-01,2016
http://www.billboard.com/charts/hot-100/2012-09-01,9/1/2012,28,No Lie,2 Chainz Featuring Drake,No Lie2 Chainz Featuring Drake,1,26,26,15,2012-09-01,2012
http://www.billboard.com/charts/hot-100/2011-12-03,12/3/2011,30,Headlines,Drake,HeadlinesDrake,1,16,13,15,2011-12-03,2011
http://www.billboard.com/charts/hot-100/2012-02-04,2/4/2012,31,Make Me Proud,Drake Featuring Nicki Minaj,Make Me ProudDrake Featuring Nicki Minaj,1,31,9,15,2012-02-04,2012
http://www.billboard.com/charts/hot-100/2010-01-30,1/30/2010,38,Money To Blow,Birdman Featuring Lil Wayne & Drake,Money To BlowBirdman Featuring Lil Wayne & Drake,1,38,26,15,2010-01-30,2010
http://www.billboard.com/charts/hot-100/2010-09-25,9/25/2010,42,Miss Me,Drake Featuring Lil Wayne,Miss MeDrake Featuring Lil Wayne,1,39,15,15,2010-09-25,2010
https://www.billboard.com/charts/hot-100/2020-06-06,6/6/2020,10,Life Is Good,Future Featuring Drake,Life Is GoodFuture Featuring Drake,1,6,2,20,2020-06-06,2020
http://www.billboard.com/charts/hot-100/2014-01-04,1/4/2014,13,"Hold On, We're Going Home",Drake Featuring Majid Jordan,"Hold On, We're Going HomeDrake Featuring Majid Jordan",1,11,4,20,2014-01-04,2014
https://www.billboard.com/charts/hot-100/2019-04-27,4/27/2019,15,Going Bad,Meek Mill Featuring Drake,Going BadMeek Mill Featuring Drake,1,15,6,20,2019-04-27,2019
http://www.billboard.com/charts/hot-100/2012-01-07,1/7/2012,15,Headlines,Drake,HeadlinesDrake,1,16,13,20,2012-01-07,2012
http://www.billboard.com/charts/hot-100/2013-03-30,3/30/2013,16,F**kin Problems,"A$AP Rocky Featuring Drake, 2 Chainz & Kendrick Lamar","F**kin ProblemsA$AP Rocky Featuring Drake, 2 Chainz & Kendrick Lamar",1,15,8,20,2013-03-30,2013
https://www.billboard.com/charts/hot-100/2018-09-01,9/1/2018,17,Nice For What,Drake,Nice For WhatDrake,1,14,1,20,2018-09-01,2018
http://www.billboard.com/charts/hot-100/2011-05-14,5/14/2011,21,Moment 4 Life,Nicki Minaj Featuring Drake,Moment 4 LifeNicki Minaj Featuring Drake,1,21,13,20,2011-05-14,2011
http://www.billboard.com/charts/hot-100/2016-02-20,2/20/2016,22,Jumpman,Drake & Future,JumpmanDrake & Future,1,20,12,20,2016-02-20,2016
http://www.billboard.com/charts/hot-100/2017-03-25,3/25/2017,23,Fake Love,Drake,Fake LoveDrake,1,16,8,20,2017-03-25,2017
https://www.billboard.com/charts/hot-100/2019-03-09,3/9/2019,26,MIA,Bad Bunny Featuring Drake,MIABad Bunny Featuring Drake,1,24,5,20,2019-03-09,2019
https://www.billboard.com/charts/hot-100/2018-07-07,7/7/2018,27,Look Alive,BlocBoy JB Featuring Drake,Look AliveBlocBoy JB Featuring Drake,1,25,5,20,2018-07-07,2018
https://www.billboard.com/charts/hot-100/2018-11-24,11/24/2018,29,In My Feelings,Drake,In My FeelingsDrake,1,27,1,20,2018-11-24,2018
http://www.billboard.com/charts/hot-100/2012-10-06,10/6/2012,29,No Lie,2 Chainz Featuring Drake,No Lie2 Chainz Featuring Drake,1,25,24,20,2012-10-06,2012
https://www.billboard.com/charts/hot-100/2019-11-09,11/9/2019,32,Money In The Grave,Drake Featuring Rick Ross,Money In The GraveDrake Featuring Rick Ross,1,25,7,20,2019-11-09,2019
http://www.billboard.com/charts/hot-100/2010-10-02,10/2/2010,34,Find Your Love,Drake,Find Your LoveDrake,1,25,5,20,2010-10-02,2010
http://www.billboard.com/charts/hot-100/2010-02-13,2/13/2010,34,Forever,"Drake Featuring Kanye West, Lil Wayne & Eminem","ForeverDrake Featuring Kanye West, Lil Wayne & Eminem",1,29,8,20,2010-02-13,2010
http://www.billboard.com/charts/hot-100/2011-10-15,10/15/2011,34,I'm On One,"DJ Khaled Featuring Drake, Rick Ross & Lil Wayne","I'm On OneDJ Khaled Featuring Drake, Rick Ross & Lil Wayne",1,27,10,20,2011-10-15,2011
http://www.billboard.com/charts/hot-100/2013-06-15,6/15/2013,35,Love Me,Lil Wayne Featuring Drake & Future,Love MeLil Wayne Featuring Drake & Future,1,29,9,20,2013-06-15,2013
http://www.billboard.com/charts/hot-100/2016-11-05,11/5/2016,47,For Free,DJ Khaled Featuring Drake,For FreeDJ Khaled Featuring Drake,1,41,13,20,2016-11-05,2016
http://www.billboard.com/charts/hot-100/2012-03-10,3/10/2012,53,Make Me Proud,Drake Featuring Nicki Minaj,Make Me ProudDrake Featuring Nicki Minaj,1,47,9,20,2012-03-10,2012
http://www.billboard.com/charts/hot-100/2010-10-30,10/30/2010,69,Miss Me,Drake Featuring Lil Wayne,Miss MeDrake Featuring Lil Wayne,1,62,15,20,2010-10-30,2010
http://www.billboard.com/charts/hot-100/2010-03-06,3/6/2010,73,Money To Blow,Birdman Featuring Lil Wayne & Drake,Money To BlowBirdman Featuring Lil Wayne & Drake,1,67,26,20,2010-03-06,2010
http://www.billboard.com/charts/hot-100/2015-07-11,7/11/2015,82,Energy,Drake,EnergyDrake,1,79,26,20,2015-07-11,2015
http://www.billboard.com/charts/hot-100/2010-03-20,3/20/2010,85,I Invented Sex,Trey Songz Featuring Drake,I Invented SexTrey Songz Featuring Drake,1,81,42,20,2010-03-20,2010
https://www.billboard.com/charts/hot-100/2019-07-20,7/20/2019,90,Girls Need Love,Summer Walker X Drake,Girls Need LoveSummer Walker X Drake,1,90,37,20,2019-07-20,2019
https://www.billboard.com/charts/hot-100/2019-02-16,2/16/2019,92,No Stylist,French Montana Featuring Drake,No StylistFrench Montana Featuring Drake,1,66,47,20,2019-02-16,2019
http://www.billboard.com/charts/hot-100/2015-07-18,7/18/2015,94,Know Yourself,Drake,Know YourselfDrake,1,87,53,20,2015-07-18,2015
https://www.billboard.com/charts/hot-100/2018-06-23,6/23/2018,4,God's Plan,Drake,God's PlanDrake,1,5,1,21,2018-06-23,2018
http://www.billboard.com/charts/hot-100/2016-01-09,1/9/2016,4,Hotline Bling,Drake,Hotline BlingDrake,1,3,2,21,2016-01-09,2016
https://www.billboard.com/charts/hot-100/2021-01-16,1/16/2021,8,Laugh Now Cry Later,Drake Featuring Lil Durk,Laugh Now Cry LaterDrake Featuring Lil Durk,1,7,2,21,2021-01-16,2021
https://www.billboard.com/charts/hot-100/2019-11-09,11/9/2019,8,No Guidance,Chris Brown Featuring Drake,No GuidanceChris Brown Featuring Drake,1,5,5,21,2019-11-09,2019
https://www.billboard.com/charts/hot-100/2020-06-13,6/13/2020,13,Life Is Good,Future Featuring Drake,Life Is GoodFuture Featuring Drake,1,10,2,21,2020-06-13,2020
http://www.billboard.com/charts/hot-100/2014-01-11,1/11/2014,15,"Hold On, We're Going Home",Drake Featuring Majid Jordan,"Hold On, We're Going HomeDrake Featuring Majid Jordan",1,13,4,21,2014-01-11,2014
https://www.billboard.com/charts/hot-100/2019-05-04,5/4/2019,16,Going Bad,Meek Mill Featuring Drake,Going BadMeek Mill Featuring Drake,1,15,6,21,2019-05-04,2019
http://www.billboard.com/charts/hot-100/2013-04-06,4/6/2013,18,F**kin Problems,"A$AP Rocky Featuring Drake, 2 Chainz & Kendrick Lamar","F**kin ProblemsA$AP Rocky Featuring Drake, 2 Chainz & Kendrick Lamar",1,16,8,21,2013-04-06,2013
http://www.billboard.com/charts/hot-100/2012-01-14,1/14/2012,18,Headlines,Drake,HeadlinesDrake,1,15,13,21,2012-01-14,2012
http://www.billboard.com/charts/hot-100/2016-02-27,2/27/2016,22,Jumpman,Drake & Future,JumpmanDrake & Future,1,22,12,21,2016-02-27,2016
https://www.billboard.com/charts/hot-100/2018-09-08,9/8/2018,23,Nice For What,Drake,Nice For WhatDrake,1,17,1,21,2018-09-08,2018
https://www.billboard.com/charts/hot-100/2018-12-01,12/1/2018,25,In My Feelings,Drake,In My FeelingsDrake,1,29,1,21,2018-12-01,2018
http://www.billboard.com/charts/hot-100/2010-02-20,2/20/2010,26,Forever,"Drake Featuring Kanye West, Lil Wayne & Eminem","ForeverDrake Featuring Kanye West, Lil Wayne & Eminem",1,34,8,21,2010-02-20,2010
https://www.billboard.com/charts/hot-100/2019-03-16,3/16/2019,27,MIA,Bad Bunny Featuring Drake,MIABad Bunny Featuring Drake,1,26,5,21,2019-03-16,2019
http://www.billboard.com/charts/hot-100/2011-05-21,5/21/2011,28,Moment 4 Life,Nicki Minaj Featuring Drake,Moment 4 LifeNicki Minaj Featuring Drake,1,21,13,21,2011-05-21,2011
http://www.billboard.com/charts/hot-100/2017-04-01,4/1/2017,31,Fake Love,Drake,Fake LoveDrake,1,23,8,21,2017-04-01,2017
https://www.billboard.com/charts/hot-100/2019-11-16,11/16/2019,32,Money In The Grave,Drake Featuring Rick Ross,Money In The GraveDrake Featuring Rick Ross,1,32,7,21,2019-11-16,2019
http://www.billboard.com/charts/hot-100/2012-10-13,10/13/2012,33,No Lie,2 Chainz Featuring Drake,No Lie2 Chainz Featuring Drake,1,29,24,21,2012-10-13,2012
http://www.billboard.com/charts/hot-100/2011-10-22,10/22/2011,37,I'm On One,"DJ Khaled Featuring Drake, Rick Ross & Lil Wayne","I'm On OneDJ Khaled Featuring Drake, Rick Ross & Lil Wayne",1,34,10,21,2011-10-22,2011
http://www.billboard.com/charts/hot-100/2013-06-22,6/22/2013,40,Love Me,Lil Wayne Featuring Drake & Future,Love MeLil Wayne Featuring Drake & Future,1,35,9,21,2013-06-22,2013
https://www.billboard.com/charts/hot-100/2018-07-14,7/14/2018,44,Look Alive,BlocBoy JB Featuring Drake,Look AliveBlocBoy JB Featuring Drake,1,27,5,21,2018-07-14,2018
http://www.billboard.com/charts/hot-100/2010-10-09,10/9/2010,47,Find Your Love,Drake,Find Your LoveDrake,1,34,5,21,2010-10-09,2010
http://www.billboard.com/charts/hot-100/2016-01-16,1/16/2016,4,Hotline Bling,Drake,Hotline BlingDrake,1,4,2,22,2016-01-16,2016
https://www.billboard.com/charts/hot-100/2019-11-16,11/16/2019,7,No Guidance,Chris Brown Featuring Drake,No GuidanceChris Brown Featuring Drake,1,8,5,22,2019-11-16,2019
https://www.billboard.com/charts/hot-100/2018-06-30,6/30/2018,8,God's Plan,Drake,God's PlanDrake,1,4,1,22,2018-06-30,2018
https://www.billboard.com/charts/hot-100/2021-01-23,1/23/2021,13,Laugh Now Cry Later,Drake Featuring Lil Durk,Laugh Now Cry LaterDrake Featuring Lil Durk,1,8,2,22,2021-01-23,2021
https://www.billboard.com/charts/hot-100/2020-06-20,6/20/2020,15,Life Is Good,Future Featuring Drake,Life Is GoodFuture Featuring Drake,1,13,2,22,2020-06-20,2020
http://www.billboard.com/charts/hot-100/2017-04-08,4/8/2017,15,Fake Love,Drake,Fake LoveDrake,1,31,8,22,2017-04-08,2017
http://www.billboard.com/charts/hot-100/2014-01-18,1/18/2014,16,"Hold On, We're Going Home",Drake Featuring Majid Jordan,"Hold On, We're Going HomeDrake Featuring Majid Jordan",1,15,4,22,2014-01-18,2014
https://www.billboard.com/charts/hot-100/2019-05-11,5/11/2019,16,Going Bad,Meek Mill Featuring Drake,Going BadMeek Mill Featuring Drake,1,16,6,22,2019-05-11,2019
http://www.billboard.com/charts/hot-100/2012-01-21,1/21/2012,18,Headlines,Drake,HeadlinesDrake,1,18,13,22,2012-01-21,2012
http://www.billboard.com/charts/hot-100/2013-04-13,4/13/2013,21,F**kin Problems,"A$AP Rocky Featuring Drake, 2 Chainz & Kendrick Lamar","F**kin ProblemsA$AP Rocky Featuring Drake, 2 Chainz & Kendrick Lamar",1,18,8,22,2013-04-13,2013
http://www.billboard.com/charts/hot-100/2016-03-05,3/5/2016,23,Jumpman,Drake & Future,JumpmanDrake & Future,1,22,12,22,2016-03-05,2016
https://www.billboard.com/charts/hot-100/2019-03-23,3/23/2019,28,MIA,Bad Bunny Featuring Drake,MIABad Bunny Featuring Drake,1,27,5,22,2019-03-23,2019
https://www.billboard.com/charts/hot-100/2018-09-15,9/15/2018,31,Nice For What,Drake,Nice For WhatDrake,1,23,1,22,2018-09-15,2018
https://www.billboard.com/charts/hot-100/2018-07-21,7/21/2018,32,Look Alive,BlocBoy JB Featuring Drake,Look AliveBlocBoy JB Featuring Drake,1,44,5,22,2018-07-21,2018
http://www.billboard.com/charts/hot-100/2010-02-27,2/27/2010,34,Forever,"Drake Featuring Kanye West, Lil Wayne & Eminem","ForeverDrake Featuring Kanye West, Lil Wayne & Eminem",1,26,8,22,2010-02-27,2010
https://www.billboard.com/charts/hot-100/2019-11-23,11/23/2019,35,Money In The Grave,Drake Featuring Rick Ross,Money In The GraveDrake Featuring Rick Ross,1,32,7,22,2019-11-23,2019
https://www.billboard.com/charts/hot-100/2018-12-08,12/8/2018,37,In My Feelings,Drake,In My FeelingsDrake,1,25,1,22,2018-12-08,2018
http://www.billboard.com/charts/hot-100/2012-10-20,10/20/2012,37,No Lie,2 Chainz Featuring Drake,No Lie2 Chainz Featuring Drake,1,33,24,22,2012-10-20,2012
http://www.billboard.com/charts/hot-100/2011-10-29,10/29/2011,41,I'm On One,"DJ Khaled Featuring Drake, Rick Ross & Lil Wayne","I'm On OneDJ Khaled Featuring Drake, Rick Ross & Lil Wayne",1,37,10,22,2011-10-29,2011
http://www.billboard.com/charts/hot-100/2011-05-28,5/28/2011,42,Moment 4 Life,Nicki Minaj Featuring Drake,Moment 4 LifeNicki Minaj Featuring Drake,1,28,13,22,2011-05-28,2011
http://www.billboard.com/charts/hot-100/2013-06-29,6/29/2013,47,Love Me,Lil Wayne Featuring Drake & Future,Love MeLil Wayne Featuring Drake & Future,1,40,9,22,2013-06-29,2013
http://www.billboard.com/charts/hot-100/2016-01-23,1/23/2016,4,Hotline Bling,Drake,Hotline BlingDrake,1,4,2,23,2016-01-23,2016
https://www.billboard.com/charts/hot-100/2019-11-23,11/23/2019,7,No Guidance,Chris Brown Featuring Drake,No GuidanceChris Brown Featuring Drake,1,7,5,23,2019-11-23,2019
https://www.billboard.com/charts/hot-100/2018-07-07,7/7/2018,9,God's Plan,Drake,God's PlanDrake,1,8,1,23,2018-07-07,2018
https://www.billboard.com/charts/hot-100/2021-01-30,1/30/2021,17,Laugh Now Cry Later,Drake Featuring Lil Durk,Laugh Now Cry LaterDrake Featuring Lil Durk,1,13,2,23,2021-01-30,2021
https://www.billboard.com/charts/hot-100/2020-06-27,6/27/2020,17,Life Is Good,Future Featuring Drake,Life Is GoodFuture Featuring Drake,1,15,2,23,2020-06-27,2020
http://www.billboard.com/charts/hot-100/2014-01-25,1/25/2014,17,"Hold On, We're Going Home",Drake Featuring Majid Jordan,"Hold On, We're Going HomeDrake Featuring Majid Jordan",1,16,4,23,2014-01-25,2014
https://www.billboard.com/charts/hot-100/2019-05-18,5/18/2019,17,Going Bad,Meek Mill Featuring Drake,Going BadMeek Mill Featuring Drake,1,16,6,23,2019-05-18,2019
http://www.billboard.com/charts/hot-100/2016-03-12,3/12/2016,24,Jumpman,Drake & Future,JumpmanDrake & Future,1,23,12,23,2016-03-12,2016
http://www.billboard.com/charts/hot-100/2012-01-28,1/28/2012,25,Headlines,Drake,HeadlinesDrake,1,18,13,23,2012-01-28,2012
http://www.billboard.com/charts/hot-100/2017-04-15,4/15/2017,27,Fake Love,Drake,Fake LoveDrake,1,15,8,23,2017-04-15,2017
http://www.billboard.com/charts/hot-100/2013-04-20,4/20/2013,28,F**kin Problems,"A$AP Rocky Featuring Drake, 2 Chainz & Kendrick Lamar","F**kin ProblemsA$AP Rocky Featuring Drake, 2 Chainz & Kendrick Lamar",1,21,8,23,2013-04-20,2013
https://www.billboard.com/charts/hot-100/2018-09-22,9/22/2018,30,Nice For What,Drake,Nice For WhatDrake,1,31,1,23,2018-09-22,2018
https://www.billboard.com/charts/hot-100/2019-03-30,3/30/2019,30,MIA,Bad Bunny Featuring Drake,MIABad Bunny Featuring Drake,1,28,5,23,2019-03-30,2019
https://www.billboard.com/charts/hot-100/2018-07-28,7/28/2018,35,Look Alive,BlocBoy JB Featuring Drake,Look AliveBlocBoy JB Featuring Drake,1,32,5,23,2018-07-28,2018
http://www.billboard.com/charts/hot-100/2010-03-06,3/6/2010,38,Forever,"Drake Featuring Kanye West, Lil Wayne & Eminem","ForeverDrake Featuring Kanye West, Lil Wayne & Eminem",1,34,8,23,2010-03-06,2010
http://www.billboard.com/charts/hot-100/2012-10-27,10/27/2012,40,No Lie,2 Chainz Featuring Drake,No Lie2 Chainz Featuring Drake,1,37,24,23,2012-10-27,2012
http://www.billboard.com/charts/hot-100/2011-11-05,11/5/2011,45,I'm On One,"DJ Khaled Featuring Drake, Rick Ross & Lil Wayne","I'm On OneDJ Khaled Featuring Drake, Rick Ross & Lil Wayne",1,41,10,23,2011-11-05,2011
https://www.billboard.com/charts/hot-100/2019-11-30,11/30/2019,46,Money In The Grave,Drake Featuring Rick Ross,Money In The GraveDrake Featuring Rick Ross,1,35,7,23,2019-11-30,2019
http://www.billboard.com/charts/hot-100/2011-06-04,6/4/2011,47,Moment 4 Life,Nicki Minaj Featuring Drake,Moment 4 LifeNicki Minaj Featuring Drake,1,42,13,23,2011-06-04,2011
https://www.billboard.com/charts/hot-100/2018-07-14,7/14/2018,4,God's Plan,Drake,God's PlanDrake,1,9,1,24,2018-07-14,2018
http://www.billboard.com/charts/hot-100/2016-01-30,1/30/2016,7,Hotline Bling,Drake,Hotline BlingDrake,1,4,2,24,2016-01-30,2016
https://www.billboard.com/charts/hot-100/2019-11-30,11/30/2019,7,No Guidance,Chris Brown Featuring Drake,No GuidanceChris Brown Featuring Drake,1,7,5,24,2019-11-30,2019
https://www.billboard.com/charts/hot-100/2019-05-25,5/25/2019,18,Going Bad,Meek Mill Featuring Drake,Going BadMeek Mill Featuring Drake,1,17,6,24,2019-05-25,2019
http://www.billboard.com/charts/hot-100/2014-02-01,2/1/2014,20,"Hold On, We're Going Home",Drake Featuring Majid Jordan,"Hold On, We're Going HomeDrake Featuring Majid Jordan",1,17,4,24,2014-02-01,2014
https://www.billboard.com/charts/hot-100/2020-07-04,7/4/2020,21,Life Is Good,Future Featuring Drake,Life Is GoodFuture Featuring Drake,1,17,2,24,2020-07-04,2020
https://www.billboard.com/charts/hot-100/2021-02-06,2/6/2021,22,Laugh Now Cry Later,Drake Featuring Lil Durk,Laugh Now Cry LaterDrake Featuring Lil Durk,1,17,2,24,2021-02-06,2021
http://www.billboard.com/charts/hot-100/2016-03-19,3/19/2016,22,Jumpman,Drake & Future,JumpmanDrake & Future,1,24,12,24,2016-03-19,2016
http://www.billboard.com/charts/hot-100/2017-04-22,4/22/2017,31,Fake Love,Drake,Fake LoveDrake,1,27,8,24,2017-04-22,2017
http://www.billboard.com/charts/hot-100/2012-02-04,2/4/2012,33,Headlines,Drake,HeadlinesDrake,1,25,13,24,2012-02-04,2012
https://www.billboard.com/charts/hot-100/2019-04-06,4/6/2019,34,MIA,Bad Bunny Featuring Drake,MIABad Bunny Featuring Drake,1,30,5,24,2019-04-06,2019
http://www.billboard.com/charts/hot-100/2013-04-27,4/27/2013,34,F**kin Problems,"A$AP Rocky Featuring Drake, 2 Chainz & Kendrick Lamar","F**kin ProblemsA$AP Rocky Featuring Drake, 2 Chainz & Kendrick Lamar",1,28,8,24,2013-04-27,2013
https://www.billboard.com/charts/hot-100/2018-09-29,9/29/2018,37,Nice For What,Drake,Nice For WhatDrake,1,30,1,24,2018-09-29,2018
https://www.billboard.com/charts/hot-100/2018-08-04,8/4/2018,40,Look Alive,BlocBoy JB Featuring Drake,Look AliveBlocBoy JB Featuring Drake,1,35,5,24,2018-08-04,2018
http://www.billboard.com/charts/hot-100/2012-11-03,11/3/2012,43,No Lie,2 Chainz Featuring Drake,No Lie2 Chainz Featuring Drake,1,40,24,24,2012-11-03,2012
http://www.billboard.com/charts/hot-100/2010-03-13,3/13/2010,45,Forever,"Drake Featuring Kanye West, Lil Wayne & Eminem","ForeverDrake Featuring Kanye West, Lil Wayne & Eminem",1,38,8,24,2010-03-13,2010
https://www.billboard.com/charts/hot-100/2019-01-19,1/19/2019,61,No Stylist,French Montana Featuring Drake,No StylistFrench Montana Featuring Drake,1,60,47,16,2019-01-19,2019
https://www.billboard.com/charts/hot-100/2019-06-22,6/22/2019,64,Girls Need Love,Summer Walker X Drake,Girls Need LoveSummer Walker X Drake,1,66,37,16,2019-06-22,2019
http://www.billboard.com/charts/hot-100/2011-11-19,11/19/2011,70,Marvins Room,Drake,Marvins RoomDrake,1,63,21,16,2011-11-19,2011
http://www.billboard.com/charts/hot-100/2013-08-24,8/24/2013,71,No New Friends (SFTB Remix),"DJ Khaled Featuring Drake, Rick Ross & Lil Wayne","No New Friends (SFTB Remix)DJ Khaled Featuring Drake, Rick Ross & Lil Wayne",1,64,37,16,2013-08-24,2013
https://www.billboard.com/charts/hot-100/2021-01-30,1/30/2021,75,Mr. Right Now,21 Savage & Metro Boomin Featuring Drake,Mr. Right Now21 Savage & Metro Boomin Featuring Drake,1,65,10,16,2021-01-30,2021
http://www.billboard.com/charts/hot-100/2010-02-20,2/20/2010,77,I Invented Sex,Trey Songz Featuring Drake,I Invented SexTrey Songz Featuring Drake,1,65,42,16,2010-02-20,2010
http://www.billboard.com/charts/hot-100/2011-04-09,4/9/2011,77,Fall For Your Type,Jamie Foxx Featuring Drake,Fall For Your TypeJamie Foxx Featuring Drake,1,75,50,16,2011-04-09,2011
http://www.billboard.com/charts/hot-100/2015-06-20,6/20/2015,80,Know Yourself,Drake,Know YourselfDrake,1,82,53,16,2015-06-20,2015
http://www.billboard.com/charts/hot-100/2010-01-16,1/16/2010,85,I'm Going In,Drake Featuring Lil Wayne & Young Jeezy,I'm Going InDrake Featuring Lil Wayne & Young Jeezy,1,69,40,16,2010-01-16,2010
http://www.billboard.com/charts/hot-100/2015-06-13,6/13/2015,86,Energy,Drake,EnergyDrake,1,82,26,16,2015-06-13,2015
https://www.billboard.com/charts/hot-100/2018-09-22,9/22/2018,97,I'm Upset,Drake,I'm UpsetDrake,1,95,7,16,2018-09-22,2018
https://www.billboard.com/charts/hot-100/2018-05-26,5/26/2018,3,God's Plan,Drake,God's PlanDrake,1,3,1,17,2018-05-26,2018
http://www.billboard.com/charts/hot-100/2015-12-12,12/12/2015,3,Hotline Bling,Drake,Hotline BlingDrake,1,3,2,17,2015-12-12,2015
https://www.billboard.com/charts/hot-100/2019-10-12,10/12/2019,5,No Guidance,Chris Brown Featuring Drake,No GuidanceChris Brown Featuring Drake,1,5,5,17,2019-10-12,2019
https://www.billboard.com/charts/hot-100/2020-12-19,12/19/2020,8,Laugh Now Cry Later,Drake Featuring Lil Durk,Laugh Now Cry LaterDrake Featuring Lil Durk,1,6,2,17,2020-12-19,2020
https://www.billboard.com/charts/hot-100/2018-08-11,8/11/2018,10,Nice For What,Drake,Nice For WhatDrake,1,6,1,17,2018-08-11,2018
http://www.billboard.com/charts/hot-100/2013-12-14,12/14/2013,11,"Hold On, We're Going Home",Drake Featuring Majid Jordan,"Hold On, We're Going HomeDrake Featuring Majid Jordan",1,9,4,17,2013-12-14,2013
https://www.billboard.com/charts/hot-100/2019-04-06,4/6/2019,12,Going Bad,Meek Mill Featuring Drake,Going BadMeek Mill Featuring Drake,1,10,6,17,2019-04-06,2019
http://www.billboard.com/charts/hot-100/2017-03-04,3/4/2017,12,Fake Love,Drake,Fake LoveDrake,1,11,8,17,2017-03-04,2017
http://www.billboard.com/charts/hot-100/2016-01-30,1/30/2016,12,Jumpman,Drake & Future,JumpmanDrake & Future,1,12,12,17,2016-01-30,2016
https://www.billboard.com/charts/hot-100/2020-05-16,5/16/2020,13,Life Is Good,Future Featuring Drake,Life Is GoodFuture Featuring Drake,1,12,2,17,2020-05-16,2020
http://www.billboard.com/charts/hot-100/2011-12-17,12/17/2011,13,Headlines,Drake,HeadlinesDrake,1,14,13,17,2011-12-17,2011
http://www.billboard.com/charts/hot-100/2013-03-09,3/9/2013,15,F**kin Problems,"A$AP Rocky Featuring Drake, 2 Chainz & Kendrick Lamar","F**kin ProblemsA$AP Rocky Featuring Drake, 2 Chainz & Kendrick Lamar",1,15,8,17,2013-03-09,2013
http://www.billboard.com/charts/hot-100/2011-04-23,4/23/2011,15,Moment 4 Life,Nicki Minaj Featuring Drake,Moment 4 LifeNicki Minaj Featuring Drake,1,15,13,17,2011-04-23,2011
http://www.billboard.com/charts/hot-100/2010-01-23,1/23/2010,18,Forever,"Drake Featuring Kanye West, Lil Wayne & Eminem","ForeverDrake Featuring Kanye West, Lil Wayne & Eminem",1,19,8,17,2010-01-23,2010
https://www.billboard.com/charts/hot-100/2018-06-16,6/16/2018,19,Look Alive,BlocBoy JB Featuring Drake,Look AliveBlocBoy JB Featuring Drake,1,12,5,17,2018-06-16,2018
https://www.billboard.com/charts/hot-100/2019-02-16,2/16/2019,19,MIA,Bad Bunny Featuring Drake,MIABad Bunny Featuring Drake,1,22,5,17,2019-02-16,2019
http://www.billboard.com/charts/hot-100/2010-09-11,9/11/2010,21,Find Your Love,Drake,Find Your LoveDrake,1,18,5,17,2010-09-11,2010
https://www.billboard.com/charts/hot-100/2019-10-19,10/19/2019,21,Money In The Grave,Drake Featuring Rick Ross,Money In The GraveDrake Featuring Rick Ross,1,17,7,17,2019-10-19,2019
http://www.billboard.com/charts/hot-100/2013-05-25,5/25/2013,22,Love Me,Lil Wayne Featuring Drake & Future,Love MeLil Wayne Featuring Drake & Future,1,22,9,17,2013-05-25,2013
http://www.billboard.com/charts/hot-100/2011-09-24,9/24/2011,22,I'm On One,"DJ Khaled Featuring Drake, Rick Ross & Lil Wayne","I'm On OneDJ Khaled Featuring Drake, Rick Ross & Lil Wayne",1,24,10,17,2011-09-24,2011
https://www.billboard.com/charts/hot-100/2018-11-03,11/3/2018,23,In My Feelings,Drake,In My FeelingsDrake,1,15,1,17,2018-11-03,2018
http://www.billboard.com/charts/hot-100/2012-09-15,9/15/2012,26,No Lie,2 Chainz Featuring Drake,No Lie2 Chainz Featuring Drake,1,24,24,17,2012-09-15,2012
http://www.billboard.com/charts/hot-100/2016-10-15,10/15/2016,31,For Free,DJ Khaled Featuring Drake,For FreeDJ Khaled Featuring Drake,1,30,13,17,2016-10-15,2016
http://www.billboard.com/charts/hot-100/2012-02-18,2/18/2012,33,Make Me Proud,Drake Featuring Nicki Minaj,Make Me ProudDrake Featuring Nicki Minaj,1,30,9,17,2012-02-18,2012
http://www.billboard.com/charts/hot-100/2010-02-13,2/13/2010,52,Money To Blow,Birdman Featuring Lil Wayne & Drake,Money To BlowBirdman Featuring Lil Wayne & Drake,1,44,26,17,2010-02-13,2010
http://www.billboard.com/charts/hot-100/2010-10-09,10/9/2010,54,Miss Me,Drake Featuring Lil Wayne,Miss MeDrake Featuring Lil Wayne,1,49,15,17,2010-10-09,2010
https://www.billboard.com/charts/hot-100/2019-01-26,1/26/2019,63,No Stylist,French Montana Featuring Drake,No StylistFrench Montana Featuring Drake,1,61,47,17,2019-01-26,2019
https://www.billboard.com/charts/hot-100/2019-06-29,6/29/2019,64,Girls Need Love,Summer Walker X Drake,Girls Need LoveSummer Walker X Drake,1,64,37,17,2019-06-29,2019
http://www.billboard.com/charts/hot-100/2010-02-27,2/27/2010,77,I Invented Sex,Trey Songz Featuring Drake,I Invented SexTrey Songz Featuring Drake,1,77,42,17,2010-02-27,2010
http://www.billboard.com/charts/hot-100/2013-08-31,8/31/2013,79,No New Friends (SFTB Remix),"DJ Khaled Featuring Drake, Rick Ross & Lil Wayne","No New Friends (SFTB Remix)DJ Khaled Featuring Drake, Rick Ross & Lil Wayne",1,71,37,17,2013-08-31,2013
https://www.billboard.com/charts/hot-100/2021-02-06,2/6/2021,80,Mr. Right Now,21 Savage & Metro Boomin Featuring Drake,Mr. Right Now21 Savage & Metro Boomin Featuring Drake,1,75,10,17,2021-02-06,2021
http://www.billboard.com/charts/hot-100/2015-06-27,6/27/2015,80,Know Yourself,Drake,Know YourselfDrake,1,80,53,17,2015-06-27,2015
http://www.billboard.com/charts/hot-100/2011-11-26,11/26/2011,81,Marvins Room,Drake,Marvins RoomDrake,1,70,21,17,2011-11-26,2011
http://www.billboard.com/charts/hot-100/2011-04-16,4/16/2011,84,Fall For Your Type,Jamie Foxx Featuring Drake,Fall For Your TypeJamie Foxx Featuring Drake,1,77,50,17,2011-04-16,2011
http://www.billboard.com/charts/hot-100/2015-06-20,6/20/2015,86,Energy,Drake,EnergyDrake,1,86,26,17,2015-06-20,2015
http://www.billboard.com/charts/hot-100/2010-01-23,1/23/2010,96,I'm Going In,Drake Featuring Lil Wayne & Young Jeezy,I'm Going InDrake Featuring Lil Wayne & Young Jeezy,1,85,40,17,2010-01-23,2010
https://www.billboard.com/charts/hot-100/2018-06-02,6/2/2018,3,God's Plan,Drake,God's PlanDrake,1,3,1,18,2018-06-02,2018
http://www.billboard.com/charts/hot-100/2015-12-19,12/19/2015,3,Hotline Bling,Drake,Hotline BlingDrake,1,3,2,18,2015-12-19,2015
https://www.billboard.com/charts/hot-100/2019-10-19,10/19/2019,7,No Guidance,Chris Brown Featuring Drake,No GuidanceChris Brown Featuring Drake,1,5,5,18,2019-10-19,2019
http://www.billboard.com/charts/hot-100/2013-12-21,12/21/2013,10,"Hold On, We're Going Home",Drake Featuring Majid Jordan,"Hold On, We're Going HomeDrake Featuring Majid Jordan",1,11,4,18,2013-12-21,2013
https://www.billboard.com/charts/hot-100/2018-08-18,8/18/2018,12,Nice For What,Drake,Nice For WhatDrake,1,10,1,18,2018-08-18,2018
https://www.billboard.com/charts/hot-100/2020-05-23,5/23/2020,13,Life Is Good,Future Featuring Drake,Life Is GoodFuture Featuring Drake,1,13,2,18,2020-05-23,2020
http://www.billboard.com/charts/hot-100/2017-03-11,3/11/2017,13,Fake Love,Drake,Fake LoveDrake,1,12,8,18,2017-03-11,2017
https://www.billboard.com/charts/hot-100/2019-04-13,4/13/2019,14,Going Bad,Meek Mill Featuring Drake,Going BadMeek Mill Featuring Drake,1,12,6,18,2019-04-13,2019
http://www.billboard.com/charts/hot-100/2016-02-06,2/6/2016,14,Jumpman,Drake & Future,JumpmanDrake & Future,1,12,12,18,2016-02-06,2016
http://www.billboard.com/charts/hot-100/2013-03-16,3/16/2013,15,F**kin Problems,"A$AP Rocky Featuring Drake, 2 Chainz & Kendrick Lamar","F**kin ProblemsA$AP Rocky Featuring Drake, 2 Chainz & Kendrick Lamar",1,15,8,18,2013-03-16,2013
http://www.billboard.com/charts/hot-100/2011-12-24,12/24/2011,16,Headlines,Drake,HeadlinesDrake,1,13,13,18,2011-12-24,2011
https://www.billboard.com/charts/hot-100/2020-12-26,12/26/2020,17,Laugh Now Cry Later,Drake Featuring Lil Durk,Laugh Now Cry LaterDrake Featuring Lil Durk,1,8,2,18,2020-12-26,2020
http://www.billboard.com/charts/hot-100/2011-04-30,4/30/2011,17,Moment 4 Life,Nicki Minaj Featuring Drake,Moment 4 LifeNicki Minaj Featuring Drake,1,15,13,18,2011-04-30,2011
https://www.billboard.com/charts/hot-100/2018-06-23,6/23/2018,18,Look Alive,BlocBoy JB Featuring Drake,Look AliveBlocBoy JB Featuring Drake,1,19,5,18,2018-06-23,2018
http://www.billboard.com/charts/hot-100/2011-10-01,10/1/2011,22,I'm On One,"DJ Khaled Featuring Drake, Rick Ross & Lil Wayne","I'm On OneDJ Khaled Featuring Drake, Rick Ross & Lil Wayne",1,22,10,18,2011-10-01,2011
https://www.billboard.com/charts/hot-100/2018-11-10,11/10/2018,23,In My Feelings,Drake,In My FeelingsDrake,1,23,1,18,2018-11-10,2018
http://www.billboard.com/charts/hot-100/2010-09-18,9/18/2010,23,Find Your Love,Drake,Find Your LoveDrake,1,21,5,18,2010-09-18,2010
http://www.billboard.com/charts/hot-100/2010-01-30,1/30/2010,23,Forever,"Drake Featuring Kanye West, Lil Wayne & Eminem","ForeverDrake Featuring Kanye West, Lil Wayne & Eminem",1,18,8,18,2010-01-30,2010
https://www.billboard.com/charts/hot-100/2019-10-26,10/26/2019,25,Money In The Grave,Drake Featuring Rick Ross,Money In The GraveDrake Featuring Rick Ross,1,21,7,18,2019-10-26,2019
http://www.billboard.com/charts/hot-100/2012-09-22,9/22/2012,26,No Lie,2 Chainz Featuring Drake,No Lie2 Chainz Featuring Drake,1,26,24,18,2012-09-22,2012
http://www.billboard.com/charts/hot-100/2013-06-01,6/1/2013,27,Love Me,Lil Wayne Featuring Drake & Future,Love MeLil Wayne Featuring Drake & Future,1,22,9,18,2013-06-01,2013
https://www.billboard.com/charts/hot-100/2019-02-23,2/23/2019,28,MIA,Bad Bunny Featuring Drake,MIABad Bunny Featuring Drake,1,19,5,18,2019-02-23,2019
http://www.billboard.com/charts/hot-100/2012-02-25,2/25/2012,37,Make Me Proud,Drake Featuring Nicki Minaj,Make Me ProudDrake Featuring Nicki Minaj,1,33,9,18,2012-02-25,2012
http://www.billboard.com/charts/hot-100/2016-10-22,10/22/2016,37,For Free,DJ Khaled Featuring Drake,For FreeDJ Khaled Featuring Drake,1,31,13,18,2016-10-22,2016
http://www.billboard.com/charts/hot-100/2015-12-26,12/26/2015,14,Jumpman,Drake & Future,JumpmanDrake & Future,1,15,12,12,2015-12-26,2015
https://www.billboard.com/charts/hot-100/2019-03-02,3/2/2019,15,Going Bad,Meek Mill Featuring Drake,Going BadMeek Mill Featuring Drake,1,13,6,12,2019-03-02,2019
https://www.billboard.com/charts/hot-100/2019-09-14,9/14/2019,15,Money In The Grave,Drake Featuring Rick Ross,Money In The GraveDrake Featuring Rick Ross,1,14,7,12,2019-09-14,2019
http://www.billboard.com/charts/hot-100/2009-12-19,12/19/2009,15,Forever,"Drake Featuring Kanye West, Lil Wayne & Eminem","ForeverDrake Featuring Kanye West, Lil Wayne & Eminem",1,16,8,12,2009-12-19,2009
http://www.billboard.com/charts/hot-100/2011-08-20,8/20/2011,15,I'm On One,"DJ Khaled Featuring Drake, Rick Ross & Lil Wayne","I'm On OneDJ Khaled Featuring Drake, Rick Ross & Lil Wayne",1,15,10,12,2011-08-20,2011
http://www.billboard.com/charts/hot-100/2013-02-02,2/2/2013,15,F**kin Problems,"A$AP Rocky Featuring Drake, 2 Chainz & Kendrick Lamar","F**kin ProblemsA$AP Rocky Featuring Drake, 2 Chainz & Kendrick Lamar",1,18,15,12,2013-02-02,2013
http://www.billboard.com/charts/hot-100/2016-09-10,9/10/2016,18,For Free,DJ Khaled Featuring Drake,For FreeDJ Khaled Featuring Drake,1,15,13,12,2016-09-10,2016
https://www.billboard.com/charts/hot-100/2019-01-12,1/12/2019,20,MIA,Bad Bunny Featuring Drake,MIABad Bunny Featuring Drake,1,31,5,12,2019-01-12,2019
http://www.billboard.com/charts/hot-100/2012-08-11,8/11/2012,27,No Lie,2 Chainz Featuring Drake,No Lie2 Chainz Featuring Drake,1,28,27,12,2012-08-11,2012
http://www.billboard.com/charts/hot-100/2010-01-09,1/9/2010,33,Money To Blow,Birdman Featuring Lil Wayne & Drake,Money To BlowBirdman Featuring Lil Wayne & Drake,1,26,26,12,2010-01-09,2010
http://www.billboard.com/charts/hot-100/2012-01-14,1/14/2012,34,Make Me Proud,Drake Featuring Nicki Minaj,Make Me ProudDrake Featuring Nicki Minaj,1,24,9,12,2012-01-14,2012
http://www.billboard.com/charts/hot-100/2010-09-04,9/4/2010,40,Miss Me,Drake Featuring Lil Wayne,Miss MeDrake Featuring Lil Wayne,1,49,15,12,2010-09-04,2010
http://www.billboard.com/charts/hot-100/2013-07-27,7/27/2013,49,No New Friends (SFTB Remix),"DJ Khaled Featuring Drake, Rick Ross & Lil Wayne","No New Friends (SFTB Remix)DJ Khaled Featuring Drake, Rick Ross & Lil Wayne",1,40,37,12,2013-07-27,2013
http://www.billboard.com/charts/hot-100/2010-01-23,1/23/2010,54,I Invented Sex,Trey Songz Featuring Drake,I Invented SexTrey Songz Featuring Drake,1,62,42,12,2010-01-23,2010
http://www.billboard.com/charts/hot-100/2011-10-22,10/22/2011,59,Marvins Room,Drake,Marvins RoomDrake,1,56,21,12,2011-10-22,2011
http://www.billboard.com/charts/hot-100/2011-03-12,3/12/2011,59,Fall For Your Type,Jamie Foxx Featuring Drake,Fall For Your TypeJamie Foxx Featuring Drake,1,63,50,12,2011-03-12,2011
http://www.billboard.com/charts/hot-100/2015-05-16,5/16/2015,67,Energy,Drake,EnergyDrake,1,68,26,12,2015-05-16,2015
http://www.billboard.com/charts/hot-100/2015-05-23,5/23/2015,68,Know Yourself,Drake,Know YourselfDrake,1,62,53,12,2015-05-23,2015
https://www.billboard.com/charts/hot-100/2021-01-02,1/2/2021,72,Mr. Right Now,21 Savage & Metro Boomin Featuring Drake,Mr. Right Now21 Savage & Metro Boomin Featuring Drake,1,88,10,12,2021-01-02,2021
https://www.billboard.com/charts/hot-100/2019-05-25,5/25/2019,72,Girls Need Love,Summer Walker X Drake,Girls Need LoveSummer Walker X Drake,1,75,37,12,2019-05-25,2019
https://www.billboard.com/charts/hot-100/2018-08-25,8/25/2018,74,I'm Upset,Drake,I'm UpsetDrake,1,65,7,12,2018-08-25,2018
http://www.billboard.com/charts/hot-100/2009-12-19,12/19/2009,84,I'm Going In,Drake Featuring Lil Wayne & Young Jeezy,I'm Going InDrake Featuring Lil Wayne & Young Jeezy,1,77,40,12,2009-12-19,2009
https://www.billboard.com/charts/hot-100/2018-12-22,12/22/2018,85,No Stylist,French Montana Featuring Drake,No StylistFrench Montana Featuring Drake,1,95,47,12,2018-12-22,2018
https://www.billboard.com/charts/hot-100/2020-10-17,10/17/2020,88,Greece,DJ Khaled Featuring Drake,GreeceDJ Khaled Featuring Drake,1,67,8,12,2020-10-17,2020
http://www.billboard.com/charts/hot-100/2015-05-16,5/16/2015,95,Legend,Drake,LegendDrake,1,94,52,12,2015-05-16,2015
https://www.billboard.com/charts/hot-100/2018-07-14,7/14/2018,1,Nice For What,Drake,Nice For WhatDrake,1,6,1,13,2018-07-14,2018
https://www.billboard.com/charts/hot-100/2018-04-28,4/28/2018,2,God's Plan,Drake,God's PlanDrake,1,2,1,13,2018-04-28,2018
http://www.billboard.com/charts/hot-100/2015-11-14,11/14/2015,3,Hotline Bling,Drake,Hotline BlingDrake,1,2,2,13,2015-11-14,2015
https://www.billboard.com/charts/hot-100/2018-10-06,10/6/2018,4,In My Feelings,Drake,In My FeelingsDrake,1,2,1,13,2018-10-06,2018
https://www.billboard.com/charts/hot-100/2020-11-21,11/21/2020,4,Laugh Now Cry Later,Drake Featuring Lil Durk,Laugh Now Cry LaterDrake Featuring Lil Durk,1,3,2,13,2020-11-21,2020
https://www.billboard.com/charts/hot-100/2020-04-18,4/18/2020,5,Life Is Good,Future Featuring Drake,Life Is GoodFuture Featuring Drake,1,5,2,13,2020-04-18,2020
https://www.billboard.com/charts/hot-100/2019-09-14,9/14/2019,6,No Guidance,Chris Brown Featuring Drake,No GuidanceChris Brown Featuring Drake,1,7,6,13,2019-09-14,2019
http://www.billboard.com/charts/hot-100/2013-11-16,11/16/2013,7,"Hold On, We're Going Home",Drake Featuring Majid Jordan,"Hold On, We're Going HomeDrake Featuring Majid Jordan",1,5,4,13,2013-11-16,2013
https://www.billboard.com/charts/hot-100/2018-05-19,5/19/2018,7,Look Alive,BlocBoy JB Featuring Drake,Look AliveBlocBoy JB Featuring Drake,1,9,5,13,2018-05-19,2018
http://www.billboard.com/charts/hot-100/2013-02-09,2/9/2013,10,F**kin Problems,"A$AP Rocky Featuring Drake, 2 Chainz & Kendrick Lamar","F**kin ProblemsA$AP Rocky Featuring Drake, 2 Chainz & Kendrick Lamar",1,15,10,13,2013-02-09,2013
http://www.billboard.com/charts/hot-100/2017-02-04,2/4/2017,11,Fake Love,Drake,Fake LoveDrake,1,11,9,13,2017-02-04,2017
http://www.billboard.com/charts/hot-100/2010-08-14,8/14/2010,12,Find Your Love,Drake,Find Your LoveDrake,1,9,5,13,2010-08-14,2010
http://www.billboard.com/charts/hot-100/2016-01-02,1/2/2016,13,Jumpman,Drake & Future,JumpmanDrake & Future,1,14,12,13,2016-01-02,2016
http://www.billboard.com/charts/hot-100/2009-12-26,12/26/2009,14,Forever,"Drake Featuring Kanye West, Lil Wayne & Eminem","ForeverDrake Featuring Kanye West, Lil Wayne & Eminem",1,15,8,13,2009-12-26,2009
http://www.billboard.com/charts/hot-100/2011-11-19,11/19/2011,14,Headlines,Drake,HeadlinesDrake,1,13,13,13,2011-11-19,2011
http://www.billboard.com/charts/hot-100/2013-04-27,4/27/2013,15,Love Me,Lil Wayne Featuring Drake & Future,Love MeLil Wayne Featuring Drake & Future,1,13,9,13,2013-04-27,2013
https://www.billboard.com/charts/hot-100/2019-03-09,3/9/2019,16,Going Bad,Meek Mill Featuring Drake,Going BadMeek Mill Featuring Drake,1,15,6,13,2019-03-09,2019
http://www.billboard.com/charts/hot-100/2011-08-27,8/27/2011,16,I'm On One,"DJ Khaled Featuring Drake, Rick Ross & Lil Wayne","I'm On OneDJ Khaled Featuring Drake, Rick Ross & Lil Wayne",1,15,10,13,2011-08-27,2011
http://www.billboard.com/charts/hot-100/2011-03-26,3/26/2011,17,Moment 4 Life,Nicki Minaj Featuring Drake,Moment 4 LifeNicki Minaj Featuring Drake,1,13,13,13,2011-03-26,2011
https://www.billboard.com/charts/hot-100/2019-01-19,1/19/2019,20,MIA,Bad Bunny Featuring Drake,MIABad Bunny Featuring Drake,1,20,5,13,2019-01-19,2019
https://www.billboard.com/charts/hot-100/2019-09-21,9/21/2019,21,Money In The Grave,Drake Featuring Rick Ross,Money In The GraveDrake Featuring Rick Ross,1,15,7,13,2019-09-21,2019
